:020000040040BA
:10000000A0580120C5EF4000C1EF4000C1EF400003
:10001000C1EF4000C1EF4000C1EF40000000000010
:1000200000000000000000000000000045F3400058
:10003000C1EF400000000000C1F3400011F4400097
:10004000C1EF4000C1EF4000C1EF4000C1EF4000F0
:1000500039944100C1EF4000C1EF4000B598410024
:10006000C1EF400015E9400029E940003DE94000AA
:1000700051E9400065E9400065924100C1EF400050
:10008000C1EF4000C1EF4000C1EF4000C1EF4000B0
:10009000C1EF400091944100C1EF4000C1EF40002A
:1000A00081A14100C1EF4000C1EF4000C1EF40001D
:1000B000C1EF4000C1EF4000C1EF4000C1EF400080
:1000C000C1EF4000C1EF4000C1EF4000C1EF400070
:1000D000C1EF4000C1EF4000C1EF4000C1EF400060
:1000E000C1EF4000C1EF4000C1EF4000C1EF400050
:1000F000C1824100C1EF400010B5054C237833B9EF
:10010000044B13B10448AFF300800123237010BDEA
:10011000E80A002000000000BC0A42000C4B43B17A
:100120000C480D4910B5AFF300800C48036823B9A3
:1001300010BD0A48036833B97047094B002BF7D04C
:10014000BDE810401847064B002BF5D0184700BFFC
:1001500000000000BC0A4200EC0A0020BC0A420079
:100160000000000008B51048104B9847104B984706
:10017000104B9847104B9847104B9847104B984797
:10018000104B9847104B9847104B9847104B984787
:10019000104B9847104B9847104B9847104B984777
:1001A0001048114B984708BD50180E40A1EF400071
:1001B0007D9641008D85400055D84000BD9341009B
:1001C000C58B4100CD8F410091914100D5904100F8
:1001D000C18E4100A18E4100096D40002D9F41005C
:1001E000E1934100540442002997410008B5044BB3
:1001F0009847044B9847044B9847044B984708BDD1
:10020000C1A1410021B74100BDB74100E5FD40005B
:10021000094B1B7813F0010F05D1074B5B7813F0E6
:10022000010F04D170470122044B1A70704700225D
:10023000024B1A70F6E700BF90220120B4C50020DF
:1002400070B400210D4B19700D4A0B460C46012568
:100250002E4603E001336032082B09D0D07810F02D
:10026000400FF7D005FA03F00143C9B23446F1E775
:100270000CB970BC7047014B1970FAE71B0B0020DA
:1002800008CA0020124B1B7813F0020F0FD1104B3D
:100290001B7813F0020F09D10E4B1B7833B10023EA
:1002A0000D4A13800D4A13700A4A13707047094BA8
:1002B0001B78002BEBD10022074B1A800123074942
:1002C0000B7004490B7006490B70064B1A7070478F
:1002D00090220120040B0020060B0020080B0020B8
:1002E000150B0020160B002070B400200D4B187069
:1002F0000D4A0346044601252E4603E001336032D1
:10030000082B09D092F903100029F7DA05FA03F156
:100310000843C0B23446F1E70CB970BC7047014BDA
:100320001870FAE71A0B002008CA0020A74B1B78A8
:10033000002B53D0A54B9B78012B22D0A34B1B79CC
:10034000012B00F09780002B48D1A04BDB78012BCC
:1003500000F0EB82002B41D19D4B5B7813F0040F32
:1003600040F0AE839A4B5B7813F0040F40F0248486
:10037000984B1B7813F0010F40F0AD83944B5B78E2
:10038000704730B4944A00239448012503E00133B8
:100390006032082B0AD0D17811F0010FF7D0017824
:1003A00005FA03F42143C9B20170F0E78B4B1B78C7
:1003B0009BB1864BDB78012B11D073B9844B5B78F2
:1003C00013F0040F38D1824B5B7813F0040F04D183
:1003D0007F4B1B7813F0040F3FD130BC70477C4B30
:1003E0001B7813F0040F16D1794B1B7813F0040F10
:1003F000F3D1774B5B7813F0040FEED0784B1B787A
:1004000013F0010FE9D00221764A117023F00103A5
:10041000734A1370E1E76E4B5B7813F0040FE3D17E
:100420006F4B1B7813F0010FDED101216D4A117063
:100430000B436B4A1370D0E7654B1B7813F0040F26
:10044000C1D1674B1B7813F0010FBCD10121654A64
:1004500011700B43624A1370BFE7614B1B7813F0B6
:10046000010FBAD002215F4A117023F001035C4AE8
:100470001370B2E7554BDB78012B2FD0002BADD199
:10048000524B5B79012B00F05881022B00F0B081B8
:10049000032BA3D14E4B5B7813F0040F40F00C827A
:1004A0004B4B5B7813F0040F98D1494B1B7813F03A
:1004B000040F93D04A4B1B7813F0010F8ED0434AA0
:1004C0005278511EC9B20F2900F21F821221454AEB
:1004D000117023F00103424A137070473B4B5B7964
:1004E000012B2CD0022B00F09480032B7FF476AFED
:1004F000374B1B7813F0040F40F0E680344B1B7829
:1005000013F0040F7FF46AAF314B5B7813F0040FE4
:100510003FF464AF324B1B7813F0010F3FF45EAF32
:100520002A4A5278511EC9B20F2900F2F6801221D0
:100530002C4A117023F00103294A13707047244B91
:100540001B7813F0040F1FD1214B1B7813F0040FFD
:100550007FF444AF1E4B5B7813F0040F3FF43EAFC3
:100560001F4B1B7813F0010F3FF438AF174A527836
:10057000511EC9B20F293DD80C211A4A117023F01F
:100580000103174A13707047114B5B7813F0040F87
:10059000DAD1134B1B7813F0010FD5D10B4A5278E7
:1005A000511EC9B20F2907D803210E4A117043F01A
:1005B00001030B4A13707047A2F11101C9B2072958
:1005C00012D80421074A1170F1E700BF08CD0020BE
:1005D00090220120170B002008CA00200A0B0020DF
:1005E000190B0020090B0020192AE0D10521AB4A84
:1005F0001170DCE7A2F11101C9B2072903D80D215E
:10060000A64A1170BBE7192AB9D10E21A34A11706D
:10061000B5E7A34B1B7813F0040F1FD1A04B1B7839
:1006200013F0040F7FF4DAAE9D4B5B7813F0040FE8
:100630003FF4D4AE9B4B1B7813F0010F3FF4CEAECA
:10064000994A5278511EC9B20F292ED80F21934AC8
:10065000117023F00103934A13707047904B5B783D
:1006600013F0040FDAD18F4B1B7813F0010FD5D1A3
:100670008D4A5278511EC9B20F2907D80621874AE0
:10068000117043F00103874A13707047A2F1110102
:10069000C9B2072903D80721804A1170F1E7192A46
:1006A000EFD108217D4A1170EBE7A2F11101C9B227
:1006B000072903D81021794A1170CAE7192AC8D12D
:1006C0001121764A1170C4E7754B5B7813F0040F63
:1006D0007FF414AF734B1B7813F0010F7FF40EAF50
:1006E000714A5278511EC9B20F2907D809216B4AA5
:1006F000117043F001036B4A13707047A2F11101AE
:10070000C9B2072903D80A21644A1170F1E7192AEE
:10071000EFD10B21614A1170EBE7A2F11101C9B2CF
:10072000072903D813215D4A117003E7192A7FF4C2
:1007300001AF1421594A1170FCE6594B5B7813F054
:10074000040F1FD1564B5B7813F0040F7FF446AEB5
:10075000534B1B7813F0040F3FF440AE514B1B7802
:1007600013F0010F3FF43AAE4F4A5278511EC9B20E
:100770000F292ED80C21494A117023F00103494A50
:1007800013707047464B1B7813F0040FDAD1454BBA
:100790001B7813F0010FD5D1434A5278511EC9B2CC
:1007A0000F2907D803213D4A117043F001033D4A48
:1007B00013707047A2F11101C9B2072903D80421AF
:1007C000364A1170F1E7192AEFD10521334A117029
:1007D000EBE7A2F11101C9B2072903D80D212F4A75
:1007E0001170CAE7192AC8D10E212C4A1170C4E72A
:1007F0002B4B5B7813F0040F1FD1294B5B7813F060
:10080000040F7FF4EBAD264B1B7813F0040F3FF47D
:10081000E5AD244B1B7813F0010F3FF4DFAD224A06
:100820005278511EC9B20F292ED80F211B4A1170C0
:1008300023F001031B4A13707047194B1B7813F008
:10084000040FDAD1174B1B7813F0010FD5D1164ADC
:100850005278511EC9B20F2907D806210F4A1170CC
:1008600043F001030F4A13707047A2F11101C9B29E
:10087000072903D80721094A1170F1E7192AEFD196
:100880000821064A1170EBE7A2F11101C9B207294C
:100890000CD81021014A1170CAE700BF090B0020D3
:1008A00090220120190B002008CD0020192ABFD169
:1008B0001121AA4A1170BBE7A94B1B7813F0040F52
:1008C0007FF4EEADA74B1B7813F0010F7FF4E8AD7A
:1008D000A54A5278511EC9B20F2907D809219F4A4B
:1008E000117043F001039F4A13707047A2F1110188
:1008F000C9B2072903D80A21984A1170F1E7192AC9
:10090000EFD10B21954A1170EBE7A2F11101C9B2A9
:10091000072903D81321914A1170DAE5192A7FF4C7
:10092000D8AD14218D4A1170D3E58D4B1B7813F08F
:10093000040F0DD18A4B1B7813F0040F4FD18B4B52
:100940001B7813F0010F40F0AD81854B1B78704789
:10095000864B1B7813F0010F40F09F8143F0010399
:10096000824A1370E6E7804B5B785A1ED2B20F2A98
:100970000BD9A3F11102D2B2072A0AD9192B7FF49D
:100980002DAD1722754B1A7070471522734B1A70D4
:1009900070471622714B1A707047734B5B785A1E62
:1009A000D2B20F2A0BD9A3F11102D2B2072A0AD967
:1009B000192B7FF413AD1A22684B1A707047182256
:1009C000664B1A7070471922644B1A7070471B22CD
:1009D000624B1A7070471C22604B1A707047604B54
:1009E0001B7813F0040F7FF4F9AC604B1B7813F005
:1009F000010F3FF4F3AC5E4A127812F0010F3FF49E
:100A0000EDAC22F001025A490A7023F00103574A63
:100A10001370554B5B79012B16D0022B2ED0032B74
:100A20007FF4DCAC504B5B785A1ED2B20F2A3FD910
:100A3000A3F11102D2B2072A3ED9192B7FF4CEAC12
:100A40002622464B1A707047474B5A78531EDBB22A
:100A50000F2B0BD9A2F11103DBB2072B0AD9192AEC
:100A60007FF4BCAC20223D4B1A7070471E223B4BDA
:100A70001A7070471F22394B1A7070473A4B5B78D7
:100A80005A1ED2B20F2A0BD9A3F11102D2B2072AF1
:100A90000AD9192B7FF4A2AC2322304B1A7070476D
:100AA00021222E4B1A70704722222C4B1A7070474D
:100AB00024222A4B1A7070472522284B1A7070473F
:100AC0002A4B1B7813F0010F40F0238143F0010300
:100AD000264A137046E4264A127812F0010F40F0BD
:100AE000268142F0010222490A7023F001031F4AC5
:100AF00013701D4B5B79012B16D0022B3AD0032BC0
:100B00007FF46CAC184B5B785A1ED2B20F2A4BD9CB
:100B1000A3F11102D2B2072A4AD9192B7FF45EAC95
:100B20001D220E4B1A7070470F4B5B785A1ED2B2C3
:100B30000F2A0BD9A3F11102D2B2072A0AD9192B15
:100B40007FF44CAC1722054B1A7070471522034BEB
:100B50001A7070471622014B1A707047090B00205B
:100B600090220120190B002008CD0020170B002037
:100B7000180B0020784B5B785A1ED2B20F2A0BD983
:100B8000A3F11102D2B2072A0AD9192B7FF426AC9D
:100B90001A22724B1A7070471822704B1A707047E5
:100BA00019226E4B1A7070471B226C4B1A707047DB
:100BB0001C226A4B1A707047694B5B7813F0040F64
:100BC0007FF40CAC674B1B7813F0010F3FF406ACBD
:100BD000654A127812F0010F3FF400AC22F00102D6
:100BE00061490A7023F001035E4A13705A4B5B7926
:100BF000012B16D0022B2ED0032B7FF4EFAB564BDC
:100C00005A78531EDBB20F2B3FD9A2F11103DBB28E
:100C1000072B3ED9192A7FF4E1AB26224F4B1A70DD
:100C200070474D4B5A78531EDBB20F2B0BD9A2F1F4
:100C30001103DBB2072B0AD9192A7FF4CFAB20228C
:100C4000464B1A7070471E22444B1A7070471F2281
:100C5000424B1A707047404B5A78531EDBB20F2B31
:100C60000BD9A2F11103DBB2072B0AD9192A7FF4A1
:100C7000B5AB2322394B1A7070472122374B1A70BB
:100C800070472222354B1A7070472422334B1A705A
:100C900070472522314B1A707047314A127812F092
:100CA000040F4FD1304A127812F0010F26D142F0D2
:100CB00001022D490A7023F001032A4A1370264BC2
:100CC0005B79012B3FF44FAE022B3FF466AE032B52
:100CD0007FF484AB204B5B785A1ED2B20F2A7FF68A
:100CE00076AEA3F11102D2B2072A7FF674AE192BA9
:100CF0007FF474AB1D22194B1A707047184B1B7888
:100D000013F0040F04D1174B1B78174A127878E6BA
:100D10007047134A527812F0040F3FF4DCAE104BC8
:100D20005B7813F0040F16D10E4B1B7850E70C4B79
:100D30005B7813F0040F04D10A4B1B780A4A12782F
:100D40004CE77047064B1B7813F0040F02D1054B9C
:100D50001B7850E67047704708CD0020090B002033
:100D600090220120170B0020180B0020A84B9B7924
:100D7000002B53D0A64B1B7A012B22D0A44B9B7A7D
:100D8000012B00F09980002B48D1A14B5B7A012BFD
:100D900000F0ED82002B41D19E4B5B7813F0080FE1
:100DA00040F0B0839B4B5B7813F0080F40F0268433
:100DB000994B1B7813F0020F40F0AF83954B5B7893
:100DC000704730B4954A00239548012503E001336C
:100DD0006032082B0AD0D17811F0020FF7D00178D9
:100DE00005FA03F42143C9B20170F0E78C4B1B787C
:100DF0009BB1874B5B7A012B11D073B9854B5B7824
:100E000013F0080F39D1834B5B7813F0080F04D12E
:100E1000804B1B7813F0080F41D130BC70477D4BDD
:100E20001B7813F0080F16D17A4B1B7813F0080FBC
:100E3000F3D1784B5B7813F0080FEED0794B1B7829
:100E400013F0020FE9D00221774A117023F0020358
:100E5000744A1370E1E76F4B5B7813F0080FE3D12E
:100E6000704B1B7813F0020FDED101216E4A117016
:100E700043F002036B4A1370CFE7664B1B7813F005
:100E8000080FC0D1674B1B7813F0020FBBD10121B3
:100E9000654A117043F00203624A1370BDE7614B6B
:100EA0001B7813F0020FB8D002215F4A117023F0B3
:100EB00002035C4A1370B0E7554B5B7A012B2FD0CD
:100EC000002BABD1524BDB7A012B00F05881022B67
:100ED00000F0B081032BA1D14E4B5B7813F0080FCB
:100EE00040F00C824B4B5B7813F0080F96D1494BC6
:100EF0001B7813F0080F91D04A4B1B7813F0020FA8
:100F00008CD0434AD279511EC9B20F2900F21F82F8
:100F10001221454A117023F00203424A13707047B0
:100F20003B4BDB7A012B2CD0022B00F09480032B5F
:100F30007FF474AF374B1B7813F0080F40F0E68056
:100F4000344B1B7813F0080F7FF468AF314B5B789C
:100F500013F0080F3FF462AF324B1B7813F0020F0F
:100F60003FF45CAF2A4AD279511EC9B20F2900F270
:100F7000F68012212C4A117023F00203294A1370C3
:100F80007047244B1B7813F0080F1FD1214B1B789F
:100F900013F0080F7FF442AF1E4B5B7813F0080F7D
:100FA0003FF43CAF1F4B1B7813F0020F3FF436AFFA
:100FB000174AD279511EC9B20F293DD80C211A4ABD
:100FC000117023F00203174A13707047114B5B78BE
:100FD00013F0080FDAD1134B1B7813F0020FD5D1A1
:100FE0000B4AD279511EC9B20F2907D803210E4AE4
:100FF000117043F002030B4A13707047A2F1110104
:10100000C9B2072912D80421074A1170F1E700BFBD
:1010100008CD002090220120170B002008CA0020D4
:101020000C0B0020190B00200B0B0020192AE0D11B
:101030000521AB4A1170DCE7A2F11101C9B2072901
:1010400003D80D21A64A1170BBE7192AB9D10E2188
:10105000A34A1170B5E7A34B1B7813F0080F1FD1FB
:10106000A04B1B7813F0080F7FF4D8AE9D4B5B7834
:1010700013F0080F3FF4D2AE9B4B1B7813F0020F16
:101080003FF4CCAE994AD279511EC9B20F292ED85D
:101090000F21934A117023F00203934A1370704793
:1010A000904B5B7813F0080FDAD18F4B1B7813F05D
:1010B000020FD5D18D4AD279511EC9B20F2907D856
:1010C0000621874A117043F00203874A1370704764
:1010D000A2F11101C9B2072903D80721804A117072
:1010E000F1E7192AEFD108217D4A1170EBE7A2F14F
:1010F0001101C9B2072903D81021794A1170CAE732
:10110000192AC8D11121764A1170C4E7754B5B7852
:1011100013F0080F7FF414AF734B1B7813F0020F1A
:101120007FF40EAF714AD279511EC9B20F2907D888
:1011300009216B4A117043F002036B4A1370704728
:10114000A2F11101C9B2072903D80A21644A11701A
:10115000F1E7192AEFD10B21614A1170EBE7A2F1F7
:101160001101C9B2072903D813215D4A117003E7A1
:10117000192A7FF401AF1421594A1170FCE6594B2A
:101180005B7813F0080F1FD1564B5B7813F0080FF4
:101190007FF444AE534B1B7813F0080F3FF43EAE80
:1011A000514B1B7813F0020F3FF438AE4F4AD279FF
:1011B000511EC9B20F292ED80C21494A117023F0B3
:1011C0000203494A13707047464B1B7813F0080F0F
:1011D000DAD1454B1B7813F0020FD5D1434AD279AF
:1011E000511EC9B20F2907D803213D4A117043F09F
:1011F00002033D4A13707047A2F11101C9B20729D9
:1012000003D80421364A1170F1E7192AEFD10521DC
:10121000334A1170EBE7A2F11101C9B2072903D8D3
:101220000D212F4A1170CAE7192AC8D10E212C4A64
:101230001170C4E72B4B5B7813F0080F1FD1294BBB
:101240005B7813F0080F7FF4E9AD264B1B7813F0A1
:10125000080F3FF4E3AD244B1B7813F0020F3FF46B
:10126000DDAD224AD279511EC9B20F292ED80F21E5
:101270001B4A117023F002031B4A13707047194B6D
:101280001B7813F0080FDAD1174B1B7813F0020FFD
:10129000D5D1164AD279511EC9B20F2907D80621D5
:1012A0000F4A117043F002030F4A13707047A2F106
:1012B0001101C9B2072903D80721094A1170F1E7C2
:1012C000192AEFD10821064A1170EBE7A2F11101AA
:1012D000C9B207290CD81021014A1170CAE700BF12
:1012E0000B0B002090220120190B002008CD0020BC
:1012F000192ABFD11121AA4A1170BBE7A94B1B784B
:1013000013F0080F7FF4EEADA74B1B7813F0020F1C
:101310007FF4E8ADA54AD279511EC9B20F2907D88A
:1013200009219F4A117043F002039F4A13707047CE
:10133000A2F11101C9B2072903D80A21984A1170F4
:10134000F1E7192AEFD10B21954A1170EBE7A2F1D1
:101350001101C9B2072903D81321914A1170DAE5A6
:10136000192A7FF4D8AD14218D4A1170D3E58D4B25
:101370001B7813F0080F0DD18A4B1B7813F0080F60
:101380004FD18B4B1B7813F0020F40F0AD81854B92
:101390001B787047864B1B7813F0020F40F09F813B
:1013A00043F00203824A1370E6E7804BDB795A1E52
:1013B000D2B20F2A0BD9A3F11102D2B2072A0AD94D
:1013C000192B7FF42BAD1722754B1A70704715221D
:1013D000734B1A7070471622714B1A707047734B1B
:1013E000DB795A1ED2B20F2A0BD9A3F11102D2B265
:1013F000072A0AD9192B7FF411AD1A22684B1A70EB
:1014000070471822664B1A7070471922644B1A7085
:1014100070471B22624B1A7070471C22604B1A7077
:101420007047604B1B7813F0080F7FF4F7AC604BEC
:101430001B7813F0020F3FF4F1AC5E4A127812F001
:10144000020F3FF4EBAC22F002025A490A7023F07B
:101450000203574A1370554BDB7A012B16D0022B2F
:101460002ED0032B7FF4DAAC504BDB795A1ED2B26C
:101470000F2A3FD9A3F11102D2B2072A3ED9192B64
:101480007FF4CCAC2622464B1A707047474BDA7972
:10149000531EDBB20F2B0BD9A2F11103DBB2072BCA
:1014A0000AD9192A7FF4BAAC20223D4B1A70704732
:1014B0001E223B4B1A7070471F22394B1A7070471F
:1014C0003A4BDB795A1ED2B20F2A0BD9A3F1110283
:1014D000D2B2072A0AD9192B7FF4A0AC2322304BB1
:1014E0001A70704721222E4B1A70704722222C4B03
:1014F0001A70704724222A4B1A7070472522284BF5
:101500001A7070472A4B1B7813F0020F40F02381AA
:1015100043F00203264A137044E4264A127812F07C
:10152000020F40F0268142F0020222490A7023F0A5
:1015300002031F4A13701D4BDB7A012B16D0022BBE
:101540003AD0032B7FF46AAC184BDB795A1ED2B227
:101550000F2A4BD9A3F11102D2B2072A4AD9192B6B
:101560007FF45CAC1D220E4B1A7070470F4BDB7979
:101570005A1ED2B20F2A0BD9A3F11102D2B2072AF6
:101580000AD9192B7FF44AAC1722054B1A70704701
:101590001522034B1A7070471622014B1A707047C0
:1015A0000B0B002090220120190B002008CD0020F9
:1015B000170B0020180B0020784BDB795A1ED2B293
:1015C0000F2A0BD9A3F11102D2B2072A0AD9192B7B
:1015D0007FF424AC1A22724B1A7070471822704B99
:1015E0001A70704719226E4B1A7070471B226C4B91
:1015F0001A7070471C226A4B1A707047694B5B78EF
:1016000013F0080F7FF40AAC674B1B7813F0020F3E
:101610003FF404AC654A127812F0020F3FF4FEABBF
:1016200022F0020261490A7023F002035E4A13703D
:101630005A4BDB7A012B16D0022B2ED0032B7FF4D2
:10164000EDAB564BDA79531EDBB20F2B3FD9A2F12B
:101650001103DBB2072B3ED9192A7FF4DFAB262218
:101660004F4B1A7070474D4BDA79531EDBB20F2B7C
:101670000BD9A2F11103DBB2072B0AD9192A7FF487
:10168000CDAB2022464B1A7070471E22444B1A7075
:1016900070471F22424B1A707047404BDA79531E35
:1016A000DBB20F2B0BD9A2F11103DBB2072B0AD946
:1016B000192A7FF4B3AB2322394B1A7070472122C9
:1016C000374B1A7070472222354B1A70704724220C
:1016D000334B1A7070472522314B1A707047314ACC
:1016E000127812F0080F4FD1304A127812F0020F20
:1016F00026D142F002022D490A7023F002032A4A41
:101700001370264BDB7A012B3FF44FAE022B3FF4D4
:1017100066AE032B7FF482AB204BDB795A1ED2B22C
:101720000F2A7FF676AEA3F11102D2B2072A7FF616
:1017300074AE192B7FF472AB1D22194B1A707047CF
:10174000184B1B7813F0080F04D1174B1B78174A5E
:10175000127878E67047134A527812F0080F3FF477
:10176000DCAE104B5B7813F0080F16D10E4B1B78D4
:1017700050E70C4B5B7813F0080F04D10A4B1B7831
:101780000A4A12784CE77047064B1B7813F0080F93
:1017900002D1054B1B7850E67047704708CD0020FA
:1017A0000B0B002090220120170B0020180B0020AB
:1017B000A84B1B7B002B53D0A64B9B7B012B22D02D
:1017C000A44B1B7C012B00F09980002B48D1A14B2E
:1017D000DB7B012B00F0ED82002B41D19E4B5B782F
:1017E00013F0100F40F0B0839B4B5B7813F0100F99
:1017F00040F02684994B1B7813F0040F40F0AF8320
:10180000954B5B78704730B4954A00239548012585
:1018100003E001336032082B0AD0D17811F0040FB5
:10182000F7D0017805FA03F42143C9B20170F0E75B
:101830008C4B1B789BB1874BDB7B012B11D073B991
:10184000854B5B7813F0100F39D1834B5B7813F025
:10185000100F04D1804B1B7813F0100F41D130BC16
:1018600070477D4B1B7813F0100F16D17A4B1B7805
:1018700013F0100FF3D1784B5B7813F0100FEED00C
:10188000794B1B7813F0040FE9D00221774A1170CD
:1018900023F00403744A1370E1E76F4B5B7813F095
:1018A000100FE3D1704B1B7813F0040FDED1012130
:1018B0006E4A117043F004036B4A1370CFE7664B16
:1018C0001B7813F0100FC0D1674B1B7813F0040F77
:1018D000BBD10121654A117043F00403624A1370C1
:1018E000BDE7614B1B7813F0040FB8D002215F4AAB
:1018F000117023F004035C4A1370B0E7554BDB7B97
:10190000012B2FD0002BABD1524B5B7C012B00F075
:101910005881022B00F0B081032BA1D14E4B5B7894
:1019200013F0100F40F00C824B4B5B7813F0100F4C
:1019300096D1494B1B7813F0100F91D04A4B1B786E
:1019400013F0040F8CD0434A527B511EC9B20F29A9
:1019500000F21F821221454A117023F00403424A0B
:10196000137070473B4B5B7C012B2CD0022B00F09B
:101970009480032B7FF474AF374B1B7813F0100F58
:1019800040F0E680344B1B7813F0100F7FF468AF03
:10199000314B5B7813F0100F3FF462AF324B1B7882
:1019A00013F0040F3FF45CAF2A4A527B511EC9B2B8
:1019B0000F2900F2F68012212C4A117023F0040343
:1019C000294A13707047244B1B7813F0100F1FD156
:1019D000214B1B7813F0100F7FF442AF1E4B5B7846
:1019E00013F0100F3FF43CAF1F4B1B7813F0040FA4
:1019F0003FF436AF174A527B511EC9B20F293DD86A
:101A00000C211A4A117023F00403174A137070470F
:101A1000114B5B7813F0100FDAD1134B1B7813F0D6
:101A2000040FD5D10B4A527B511EC9B20F2907D8DA
:101A300003210E4A117043F004030B4A13707047E0
:101A4000A2F11101C9B2072912D80421074A117065
:101A5000F1E700BF08CD002090220120170B0020E5
:101A600008CA00200E0B0020190B00200D0B0020CF
:101A7000192AE0D10521AB4A1170DCE7A2F111016E
:101A8000C9B2072903D80D21A64A1170BBE7192A4C
:101A9000B9D10E21A34A1170B5E7A34B1B7813F0FF
:101AA000100F1FD1A04B1B7813F0100F7FF4D8AE8E
:101AB0009D4B5B7813F0100F3FF4D2AE9B4B1B781D
:101AC00013F0040F3FF4CCAE994A527B511EC9B2B9
:101AD0000F292ED80F21934A117023F00403934A43
:101AE00013707047904B5B7813F0100FDAD18F4B67
:101AF0001B7813F0040FD5D18D4A527B511EC9B209
:101B00000F2907D80621874A117043F00403874A3A
:101B100013707047A2F11101C9B2072903D8072138
:101B2000804A1170F1E7192AEFD108217D4A11701E
:101B3000EBE7A2F11101C9B2072903D81021794AB4
:101B40001170CAE7192AC8D11121764A1170C4E769
:101B5000754B5B7813F0100F7FF414AF734B1B7849
:101B600013F0040F7FF40EAF714A527B511EC9B2BD
:101B70000F2907D809216B4A117043F004036B4AFF
:101B800013707047A2F11101C9B2072903D80A21C5
:101B9000644A1170F1E7192AEFD10B21614A1170E3
:101BA000EBE7A2F11101C9B2072903D813215D4A5D
:101BB000117003E7192A7FF401AF1421594A1170FB
:101BC000FCE6594B5B7813F0100F1FD1564B5B7836
:101BD00013F0100F7FF444AE534B1B7813F0100F2B
:101BE0003FF43EAE514B1B7813F0040F3FF438AE78
:101BF0004F4A527B511EC9B20F292ED80C21494A97
:101C0000117023F00403494A13707047464B1B7848
:101C100013F0100FDAD1454B1B7813F0040FD5D118
:101C2000434A527B511EC9B20F2907D803213D4AAE
:101C3000117043F004033D4A13707047A2F1110183
:101C4000C9B2072903D80421364A1170F1E7192ACD
:101C5000EFD10521334A1170EBE7A2F11101C9B2AE
:101C6000072903D80D212F4A1170CAE7192AC8D1B4
:101C70000E212C4A1170C4E72B4B5B7813F0100F28
:101C80001FD1294B5B7813F0100F7FF4E9AD264B81
:101C90001B7813F0100F3FF4E3AD244B1B7813F0C7
:101CA000040F3FF4DDAD224A527B511EC9B20F2909
:101CB0002ED80F211B4A117023F004031B4A137006
:101CC0007047194B1B7813F0100FDAD1174B1B78A4
:101CD00013F0040FD5D1164A527B511EC9B20F29F9
:101CE00007D806210F4A117043F004030F4A1370FE
:101CF0007047A2F11101C9B2072903D80721094A87
:101D00001170F1E7192AEFD10821064A1170EBE7AB
:101D1000A2F11101C9B207290CD81021014A117092
:101D2000CAE700BF0D0B002090220120190B0020F4
:101D300008CD0020192ABFD11121AA4A1170BBE792
:101D4000A94B1B7813F0100F7FF4EEADA74B1B7857
:101D500013F0040F7FF4E8ADA54A527B511EC9B2BF
:101D60000F2907D809219F4A117043F004039F4AA5
:101D700013707047A2F11101C9B2072903D80A21D3
:101D8000984A1170F1E7192AEFD10B21954A117089
:101D9000EBE7A2F11101C9B2072903D81321914A37
:101DA0001170DAE5192A7FF4D8AD14218D4A11702B
:101DB000D3E58D4B1B7813F0100F0DD18A4B1B7898
:101DC00013F0100F4FD18B4B1B7813F0040F40F022
:101DD000AD81854B1B787047864B1B7813F0040F41
:101DE00040F09F8143F00403824A1370E6E7804B82
:101DF0005B7B5A1ED2B20F2A0BD9A3F11102D2B2C9
:101E0000072A0AD9192B7FF42BAD1722754B1A70AC
:101E100070471522734B1A7070471622714B1A7057
:101E20007047734B5B7B5A1ED2B20F2A0BD9A3F1BA
:101E30001102D2B2072A0AD9192B7FF411AD1A2246
:101E4000684B1A7070471822664B1A707047192237
:101E5000644B1A7070471B22624B1A7070471C2229
:101E6000604B1A707047604B1B7813F0100F7FF4B3
:101E7000F7AC604B1B7813F0040F3FF4F1AC5E4AF3
:101E8000127812F0040F3FF4EBAC22F004025A492E
:101E90000A7023F00403574A1370554B5B7C012BE7
:101EA00016D0022B2ED0032B7FF4DAAC504B5B7B89
:101EB0005A1ED2B20F2A3FD9A3F11102D2B2072A79
:101EC0003ED9192B7FF4CCAC2622464B1A707047B2
:101ED000474B5A7B531EDBB20F2B0BD9A2F11103D8
:101EE000DBB2072B0AD9192A7FF4BAAC20223D4B6A
:101EF0001A7070471E223B4B1A7070471F22394BD5
:101F00001A7070473A4B5B7B5A1ED2B20F2A0BD91C
:101F1000A3F11102D2B2072A0AD9192B7FF4A0AC7F
:101F20002322304B1A70704721222E4B1A707047B3
:101F300022222C4B1A70704724222A4B1A707047A9
:101F40002522284B1A7070472A4B1B7813F0040F78
:101F500040F0238143F00403264A137044E4264AE8
:101F6000127812F0040F40F0268142F00402224958
:101F70000A7023F004031F4A13701D4B5B7C012B76
:101F800016D0022B3AD0032B7FF46AAC184B5B7B44
:101F90005A1ED2B20F2A4BD9A3F11102D2B2072A8C
:101FA0004AD9192B7FF45CAC1D220E4B1A70704776
:101FB0000F4B5B7B5A1ED2B20F2A0BD9A3F1110231
:101FC000D2B2072A0AD9192B7FF44AAC1722054B43
:101FD0001A7070471522034B1A7070471622014B76
:101FE0001A7070470D0B002090220120190B002061
:101FF00008CD0020170B0020180B0020784B5B7BCE
:102000005A1ED2B20F2A0BD9A3F11102D2B2072A5B
:102010000AD9192B7FF424AC1A22724B1A7070471C
:102020001822704B1A70704719226E4B1A70704745
:102030001B226C4B1A7070471C226A4B1A70704737
:10204000694B5B7813F0100F7FF40AAC674B1B7879
:1020500013F0040F3FF404AC654A127812F0040F39
:102060003FF4FEAB22F0040261490A7023F004033E
:102070005E4A13705A4B5B7C012B16D0022B2ED07C
:10208000032B7FF4EDAB564B5A7B531EDBB20F2B69
:102090003FD9A2F11103DBB2072B3ED9192A7FF4F5
:1020A000DFAB26224F4B1A7070474D4B5A7B531EA5
:1020B000DBB20F2B0BD9A2F11103DBB2072B0AD92C
:1020C000192A7FF4CDAB2022464B1A7070471E228E
:1020D000444B1A7070471F22424B1A707047404B96
:1020E0005A7B531EDBB20F2B0BD9A2F11103DBB2CB
:1020F000072B0AD9192A7FF4B3AB2322394B1A7064
:1021000070472122374B1A7070472222354B1A70C4
:1021100070472422334B1A7070472522314B1A70B6
:102120007047314A127812F0100F4FD1304A1278AE
:1021300012F0040F26D142F004022D490A7023F058
:1021400004032A4A1370264B5B7C012B3FF44FAEED
:10215000022B3FF466AE032B7FF482AB204B5B7BFC
:102160005A1ED2B20F2A7FF676AEA3F11102D2B276
:10217000072A7FF674AE192B7FF472AB1D22194B20
:102180001A707047184B1B7813F0100F04D1174BBF
:102190001B78174A127878E67047134A527812F083
:1021A000100F3FF4DCAE104B5B7813F0100F16D11C
:1021B0000E4B1B7850E70C4B5B7813F0100F04D1DB
:1021C0000A4B1B780A4A12784CE77047064B1B787B
:1021D00013F0100F02D1054B1B7850E67047704783
:1021E00008CD00200D0B002090220120170B0020AD
:1021F000180B0020A84B9B7C002B53D0A64B1B7DBB
:10220000012B22D0A44B9B7D012B00F09980002B49
:1022100048D1A14B5B7D012B00F0ED82002B41D119
:102220009E4B5B7813F0200F40F0B0839B4B5B78A4
:1022300013F0200F40F02684994B1B7813F0080F01
:1022400040F0AF83954B5B78704730B4954A0023DC
:102250009548012503E001336032082B0AD0D1787C
:1022600011F0080FF7D0017805FA03F42143C9B241
:102270000170F0E78C4B1B789BB1874B5B7D012B8A
:1022800011D073B9854B5B7813F0200F39D1834B94
:102290005B7813F0200F04D1804B1B7813F0200FD4
:1022A00041D130BC70477D4B1B7813F0200F16D105
:1022B0007A4B1B7813F0200FF3D1784B5B7813F037
:1022C000200FEED0794B1B7813F0080FE9D00221D4
:1022D000774A117023F00803744A1370E1E76F4BDB
:1022E0005B7813F0200FE3D1704B1B7813F0080FCD
:1022F000DED101216E4A117043F008036B4A13705E
:10230000CFE7664B1B7813F0200FC0D1674B1B78CB
:1023100013F0080FBBD10121654A117043F0080387
:10232000624A1370BDE7614B1B7813F0080FB8D0F9
:1023300002215F4A117023F008035C4A1370B0E772
:10234000554B5B7D012B2FD0002BABD1524BDB7D4E
:10235000012B00F05881022B00F0B081032BA1D19A
:102360004E4B5B7813F0200F40F00C824B4B5B78A8
:1023700013F0200F96D1494B1B7813F0200F91D00A
:102380004A4B1B7813F0080F8CD0434AD27C511E65
:10239000C9B20F2900F21F821221454A117023F0A1
:1023A0000803424A137070473B4BDB7D012B2CD056
:1023B000022B00F09480032B7FF474AF374B1B7813
:1023C00013F0200F40F0E680344B1B7813F0200F01
:1023D0007FF468AF314B5B7813F0200F3FF462AFAE
:1023E000324B1B7813F0080F3FF45CAF2A4AD27CC3
:1023F000511EC9B20F2900F2F68012212C4A117029
:1024000023F00803294A13707047244B1B7813F0FC
:10241000200F1FD1214B1B7813F0200F7FF442AF08
:102420001E4B5B7813F0200F3FF43CAF1F4B1B7823
:1024300013F0080F3FF436AF174AD27C511EC9B2D1
:102440000F293DD80C211A4A117023F00803174AAE
:1024500013707047114B5B7813F0200FDAD1134BD8
:102460001B7813F0080FD5D10B4AD27C511EC9B28C
:102470000F2907D803210E4A117043F008030B4AB5
:1024800013707047A2F11101C9B2072912D80421B3
:10249000074A1170F1E700BF08CD0020902201200B
:1024A000170B002008CA0020100B0020190B002079
:1024B0000F0B0020192AE0D10521AB4A1170DCE78F
:1024C000A2F11101C9B2072903D80D21A64A117042
:1024D000BBE7192AB9D10E21A34A1170B5E7A34B66
:1024E0001B7813F0200F1FD1A04B1B7813F0200F87
:1024F0007FF4D8AE9D4B5B7813F0200F3FF4D2AE43
:102500009B4B1B7813F0080F3FF4CCAE994AD27C5A
:10251000511EC9B20F292ED80F21934A117023F0F2
:102520000803934A13707047904B5B7813F0200FA9
:10253000DAD18F4B1B7813F0080FD5D18D4AD27C9E
:10254000511EC9B20F2907D80621874A117043F0DE
:102550000803874A13707047A2F11101C9B2072915
:1025600003D80721804A1170F1E7192AEFD1082119
:102570007D4A1170EBE7A2F11101C9B2072903D816
:102580001021794A1170CAE7192AC8D11121764A57
:102590001170C4E7754B5B7813F0200F7FF414AF14
:1025A000734B1B7813F0080F7FF40EAF714AD27C87
:1025B000511EC9B20F2907D809216B4A117043F087
:1025C00008036B4A13707047A2F11101C9B20729C1
:1025D00003D80A21644A1170F1E7192AEFD10B21BF
:1025E000614A1170EBE7A2F11101C9B2072903D8C2
:1025F00013215D4A117003E7192A7FF401AF1421FA
:10260000594A1170FCE6594B5B7813F0200F1FD12B
:10261000564B5B7813F0200F7FF444AE534B1B787E
:1026200013F0200F3FF43EAE514B1B7813F0080F10
:102630003FF438AE4F4AD27C511EC9B20F292ED872
:102640000C21494A117023F00803494A137070475E
:10265000464B1B7813F0200FDAD1454B1B7813F053
:10266000080FD5D1434AD27C511EC9B20F2907D8D1
:1026700003213D4A117043F008033D4A137070472F
:10268000A2F11101C9B2072903D80421364A1170F9
:10269000F1E7192AEFD10521334A1170EBE7A2F1D6
:1026A0001101C9B2072903D80D212F4A1170CAE7B9
:1026B000192AC8D10E212C4A1170C4E72B4B5B7824
:1026C00013F0200F1FD1294B5B7813F0200F7FF4FC
:1026D000E9AD264B1B7813F0200F3FF4E3AD244BFC
:1026E0001B7813F0080F3FF4DDAD224AD27C511E57
:1026F000C9B20F292ED80F211B4A117023F00803ED
:102700001B4A13707047194B1B7813F0200FDAD156
:10271000174B1B7813F0080FD5D1164AD27C511EE7
:10272000C9B20F2907D806210F4A117043F00803D8
:102730000F4A13707047A2F11101C9B2072903D8DB
:102740000721094A1170F1E7192AEFD10821064A39
:102750001170EBE7A2F11101C9B207290CD81021C1
:10276000014A1170CAE700BF0F0B00209022012020
:10277000190B002008CD0020192ABFD11121AA4A27
:102780001170BBE7A94B1B7813F0200F7FF4EEAD5F
:10279000A74B1B7813F0080F7FF4E8ADA54AD27C55
:1027A000511EC9B20F2907D809219F4A117043F061
:1027B00008039F4A13707047A2F11101C9B207299B
:1027C00003D80A21984A1170F1E7192AEFD10B2199
:1027D000954A1170EBE7A2F11101C9B2072903D89C
:1027E0001321914A1170DAE5192A7FF4D8AD14212A
:1027F0008D4A1170D3E58D4B1B7813F0200F0DD14E
:102800008A4B1B7813F0200F4FD18B4B1B7813F0A2
:10281000080F40F0AD81854B1B787047864B1B78C5
:1028200013F0080F40F09F8143F00803824A1370B1
:10283000E6E7804BDB7C5A1ED2B20F2A0BD9A3F1FC
:102840001102D2B2072A0AD9192B7FF42BAD172215
:10285000754B1A7070471522734B1A707047162209
:10286000714B1A707047734BDB7C5A1ED2B20F2A21
:102870000BD9A3F11102D2B2072A0AD9192B7FF47E
:1028800011AD1A22684B1A7070471822664B1A70E5
:1028900070471922644B1A7070471B22624B1A70E2
:1028A00070471C22604B1A707047604B1B7813F006
:1028B000200F7FF4F7AC604B1B7813F0080F3FF448
:1028C000F1AC5E4A127812F0080F3FF4EBAC22F044
:1028D00008025A490A7023F00803574A1370554BEF
:1028E000DB7D012B16D0022B2ED0032B7FF4DAAC2C
:1028F000504BDB7C5A1ED2B20F2A3FD9A3F11102F2
:10290000D2B2072A3ED9192B7FF4CCAC2622464BF3
:102910001A707047474BDA7C531EDBB20F2B0BD972
:10292000A2F11103DBB2072B0AD9192A7FF4BAAC42
:1029300020223D4B1A7070471E223B4B1A70704785
:102940001F22394B1A7070473A4BDB7C5A1ED2B2A9
:102950000F2A0BD9A3F11102D2B2072A0AD9192BD7
:102960007FF4A0AC2322304B1A70704721222E4BEB
:102970001A70704722222C4B1A70704724222A4B5F
:102980001A7070472522284B1A7070472A4B1B7803
:1029900013F0080F40F0238143F00803264A137018
:1029A00044E4264A127812F0080F40F0268142F0E3
:1029B000080222490A7023F008031F4A13701D4BB6
:1029C000DB7D012B16D0022B3AD0032B7FF46AACAF
:1029D000184BDB7C5A1ED2B20F2A4BD9A3F111023D
:1029E000D2B2072A4AD9192B7FF45CAC1D220E4BB8
:1029F0001A7070470F4BDB7C5A1ED2B20F2A0BD9CC
:102A0000A3F11102D2B2072A0AD9192B7FF44AACDA
:102A10001722054B1A7070471522034B1A70704726
:102A20001622014B1A7070470F0B002090220120D4
:102A3000190B002008CD0020170B0020180B0020D8
:102A4000784BDB7C5A1ED2B20F2A0BD9A3F11102AC
:102A5000D2B2072A0AD9192B7FF424AC1A22724B5E
:102A60001A7070471822704B1A70704719226E4BFB
:102A70001A7070471B226C4B1A7070471C226A4BED
:102A80001A707047694B5B7813F0200F7FF40AAC23
:102A9000674B1B7813F0080F3FF404AC654A1278BB
:102AA00012F0080F3FF4FEAB22F0080261490A70F1
:102AB00023F008035E4A13705A4BDB7D012B16D0BE
:102AC000022B2ED0032B7FF4EDAB564BDA7C531E3A
:102AD000DBB20F2B3FD9A2F11103DBB2072B3ED99A
:102AE000192A7FF4DFAB26224F4B1A7070474D4BEB
:102AF000DA7C531EDBB20F2B0BD9A2F11103DBB230
:102B0000072B0AD9192A7FF4CDAB2022464B1A7025
:102B100070471E22444B1A7070471F22424B1A7096
:102B20007047404BDA7C531EDBB20F2B0BD9A2F15E
:102B30001103DBB2072B0AD9192A7FF4B3AB232286
:102B4000394B1A7070472122374B1A707047222276
:102B5000354B1A7070472422334B1A707047252268
:102B6000314B1A707047314A127812F0200F4FD152
:102B7000304A127812F0080F26D142F008022D498F
:102B80000A7023F008032A4A1370264BDB7D012BC1
:102B90003FF44FAE022B3FF466AE032B7FF482ABC3
:102BA000204BDB7C5A1ED2B20F2A7FF676AEA3F101
:102BB0001102D2B2072A7FF674AE192B7FF472ABE2
:102BC0001D22194B1A707047184B1B7813F0200FF9
:102BD00004D1174B1B78174A127878E67047134ACE
:102BE000527812F0200F3FF4DCAE104B5B7813F0FC
:102BF000200F16D10E4B1B7850E70C4B5B7813F06F
:102C0000200F04D10A4B1B780A4A12784CE7704710
:102C1000064B1B7813F0200F02D1054B1B7850E6B2
:102C20007047704708CD00200F0B00209022012034
:102C3000170B0020180B0020A84B1B7E002B53D035
:102C4000A64B9B7E012B22D0A44B1B7F012B00F0B7
:102C50009980002B48D1A14BDB7E012B00F0ED8247
:102C6000002B41D19E4B5B7813F0400F40F0B083B6
:102C70009B4B5B7813F0400F40F02684994B1B78F8
:102C800013F0100F40F0AF83954B5B78704730B472
:102C9000954A00239548012503E001336032082B53
:102CA0000AD0D17811F0100FF7D0017805FA03F4AB
:102CB0002143C9B20170F0E78C4B1B789BB1874B65
:102CC000DB7E012B11D073B9854B5B7813F0400F7D
:102CD00039D1834B5B7813F0400F04D1804B1B78C4
:102CE00013F0400F41D130BC70477D4B1B7813F07F
:102CF000400F16D17A4B1B7813F0400FF3D1784B6D
:102D00005B7813F0400FEED0794B1B7813F0100F67
:102D1000E9D00221774A117023F01003744A13702E
:102D2000E1E76F4B5B7813F0400FE3D1704B1B78FA
:102D300013F0100FDED101216E4A117043F0100321
:102D40006B4A1370CFE7664B1B7813F0400FC0D16E
:102D5000674B1B7813F0100FBBD10121654A11702E
:102D600043F01003624A1370BDE7614B1B7813F008
:102D7000100FB8D002215F4A117023F010035C4A93
:102D80001370B0E7554BDB7E012B2FD0002BABD15E
:102D9000524B5B7F012B00F05881022B00F0B08179
:102DA000032BA1D14E4B5B7813F0400F40F00C8207
:102DB0004B4B5B7813F0400F96D1494B1B7813F0C7
:102DC000400F91D04A4B1B7813F0100F8CD0434A20
:102DD000527E511EC9B20F2900F21F821221454AAC
:102DE000117023F01003424A137070473B4B5B7F16
:102DF000012B2CD0022B00F09480032B7FF474AFB6
:102E0000374B1B7813F0400F40F0E680344B1B78B3
:102E100013F0400F7FF468AF314B5B7813F0400F35
:102E20003FF462AF324B1B7813F0100F3FF45CAFEE
:102E30002A4A527E511EC9B20F2900F2F680122191
:102E40002C4A117023F01003294A13707047244B49
:102E50001B7813F0400F1FD1214B1B7813F0400F4C
:102E60007FF442AF1E4B5B7813F0400F3FF43CAF52
:102E70001F4B1B7813F0100F3FF436AF174A527EEA
:102E8000511EC9B20F293DD80C211A4A117023F0E6
:102E90001003174A13707047114B5B7813F0400F03
:102EA000DAD1134B1B7813F0100FD5D10B4A527E99
:102EB000511EC9B20F2907D803210E4A117043F0E1
:102EC00010030B4A13707047A2F11101C9B2072910
:102ED00012D80421074A1170F1E700BF08CD002085
:102EE00090220120170B002008CA0020120B00209E
:102EF000190B0020110B0020192AE0D10521AB4A43
:102F00001170DCE7A2F11101C9B2072903D80D2124
:102F1000A64A1170BBE7192AB9D10E21A34A117034
:102F2000B5E7A34B1B7813F0400F1FD1A04B1B78C4
:102F300013F0400F7FF4D8AE9D4B5B7813F0400F39
:102F40003FF4D2AE9B4B1B7813F0100F3FF4CCAE86
:102F5000994A527E511EC9B20F292ED80F21934A89
:102F6000117023F01003934A13707047904B5B78F5
:102F700013F0400FDAD18F4B1B7813F0100FD5D11F
:102F80008D4A527E511EC9B20F2907D80621874AA1
:102F9000117043F01003874A13707047A2F11101BA
:102FA000C9B2072903D80721804A1170F1E7192A0D
:102FB000EFD108217D4A1170EBE7A2F11101C9B2EE
:102FC000072903D81021794A1170CAE7192AC8D1F4
:102FD0001121764A1170C4E7754B5B7813F0400FEE
:102FE0007FF414AF734B1B7813F0100F7FF40EAF08
:102FF000714A527E511EC9B20F2907D809216B4A66
:10300000117043F010036B4A13707047A2F1110165
:10301000C9B2072903D80A21644A1170F1E7192AB5
:10302000EFD10B21614A1170EBE7A2F11101C9B296
:10303000072903D813215D4A117003E7192A7FF489
:1030400001AF1421594A1170FCE6594B5B7813F01B
:10305000400F1FD1564B5B7813F0400F7FF444AE06
:10306000534B1B7813F0400F3FF43EAE514B1B788F
:1030700013F0100F3FF438AE4F4A527E511EC9B2C2
:103080000F292ED80C21494A117023F01003494A08
:1030900013707047464B1B7813F0400FDAD1454B45
:1030A0001B7813F0100FD5D1434A527E511EC9B27E
:1030B0000F2907D803213D4A117043F010033D4A00
:1030C00013707047A2F11101C9B2072903D8042176
:1030D000364A1170F1E7192AEFD10521334A1170F0
:1030E000EBE7A2F11101C9B2072903D80D212F4A3C
:1030F0001170CAE7192AC8D10E212C4A1170C4E7F1
:103100002B4B5B7813F0400F1FD1294B5B7813F0EA
:10311000400F7FF4E9AD264B1B7813F0400F3FF4CE
:10312000E3AD244B1B7813F0100F3FF4DDAD224AC2
:10313000527E511EC9B20F292ED80F211B4A117081
:1031400023F010031B4A13707047194B1B7813F0C0
:10315000400FDAD1174B1B7813F0100FD5D1164A58
:10316000527E511EC9B20F2907D806210F4A11708D
:1031700043F010030F4A13707047A2F11101C9B256
:10318000072903D80721094A1170F1E7192AEFD15D
:103190000821064A1170EBE7A2F11101C9B2072913
:1031A0000CD81021014A1170CAE700BF110B002092
:1031B00090220120190B002008CD0020192ABFD130
:1031C0001121AA4A1170BBE7A94B1B7813F0400FDD
:1031D0007FF4EEADA74B1B7813F0100F7FF4E8AD32
:1031E000A54A527E511EC9B20F2907D809219F4A0C
:1031F000117043F010039F4A13707047A2F1110140
:10320000C9B2072903D80A21984A1170F1E7192A8F
:10321000EFD10B21954A1170EBE7A2F11101C9B270
:10322000072903D81321914A1170DAE5192A7FF48E
:10323000D8AD14218D4A1170D3E58D4B1B7813F056
:10324000400F0DD18A4B1B7813F0400F4FD18B4BA1
:103250001B7813F0100F40F0AD81854B1B78704741
:10326000864B1B7813F0100F40F09F8143F0100342
:10327000824A1370E6E7804B5B7E5A1ED2B20F2A59
:103280000BD9A3F11102D2B2072A0AD9192B7FF464
:103290002BAD1722754B1A7070471522734B1A709D
:1032A00070471622714B1A707047734B5B7E5A1E23
:1032B000D2B20F2A0BD9A3F11102D2B2072A0AD92E
:1032C000192B7FF411AD1A22684B1A70704718221F
:1032D000664B1A7070471922644B1A7070471B2294
:1032E000624B1A7070471C22604B1A707047604B1B
:1032F0001B7813F0400F7FF4F7AC604B1B7813F092
:10330000100F3FF4F1AC5E4A127812F0100F3FF448
:10331000EBAC22F010025A490A7023F01003574A0E
:103320001370554B5B7F012B16D0022B2ED0032B35
:103330007FF4DAAC504B5B7E5A1ED2B20F2A3FD9D3
:10334000A3F11102D2B2072A3ED9192B7FF4CCACDB
:103350002622464B1A707047474B5A7E531EDBB2EB
:103360000F2B0BD9A2F11103DBB2072B0AD9192AB3
:103370007FF4BAAC20223D4B1A7070471E223B4BA3
:103380001A7070471F22394B1A7070473A4B5B7E98
:103390005A1ED2B20F2A0BD9A3F11102D2B2072AB8
:1033A0000AD9192B7FF4A0AC2322304B1A70704736
:1033B00021222E4B1A70704722222C4B1A70704714
:1033C00024222A4B1A7070472522284B1A70704706
:1033D0002A4B1B7813F0100F40F0238143F01003A9
:1033E000264A137044E4264A127812F0100F40F077
:1033F000268142F0100222490A7023F010031F4A6E
:1034000013701D4B5B7F012B16D0022B3AD0032B80
:103410007FF46AAC184B5B7E5A1ED2B20F2A4BD98E
:10342000A3F11102D2B2072A4AD9192B7FF45CAC5E
:103430001D220E4B1A7070470F4B5B7E5A1ED2B284
:103440000F2A0BD9A3F11102D2B2072A0AD9192BDC
:103450007FF44AAC1722054B1A7070471522034BB4
:103460001A7070471622014B1A707047110B00201A
:1034700090220120190B002008CD0020170B0020FE
:10348000180B0020784B5B7E5A1ED2B20F2A0BD944
:10349000A3F11102D2B2072A0AD9192B7FF424AC66
:1034A0001A22724B1A7070471822704B1A707047AC
:1034B00019226E4B1A7070471B226C4B1A707047A2
:1034C0001C226A4B1A707047694B5B7813F0400FEF
:1034D0007FF40AAC674B1B7813F0100F3FF404AC79
:1034E000654A127812F0100F3FF4FEAB22F0100282
:1034F00061490A7023F010035E4A13705A4B5B7FD8
:10350000012B16D0022B2ED0032B7FF4EDAB564BA4
:103510005A7E531EDBB20F2B3FD9A2F11103DBB24F
:10352000072B3ED9192A7FF4DFAB26224F4B1A70A6
:1035300070474D4B5A7E531EDBB20F2B0BD9A2F1B5
:103540001103DBB2072B0AD9192A7FF4CDAB202255
:10355000464B1A7070471E22444B1A7070471F2248
:10356000424B1A707047404B5A7E531EDBB20F2BF2
:103570000BD9A2F11103DBB2072B0AD9192A7FF468
:10358000B3AB2322394B1A7070472122374B1A7084
:1035900070472222354B1A7070472422334B1A7021
:1035A00070472522314B1A707047314A127812F059
:1035B000400F4FD1304A127812F0100F26D142F04E
:1035C00010022D490A7023F010032A4A1370264B6B
:1035D0005B7F012B3FF44FAE022B3FF466AE032B13
:1035E0007FF482AB204B5B7E5A1ED2B20F2A7FF64D
:1035F00076AEA3F11102D2B2072A7FF674AE192B70
:103600007FF472AB1D22194B1A707047184B1B7850
:1036100013F0400F04D1174B1B78174A127878E645
:103620007047134A527812F0400F3FF4DCAE104B53
:103630005B7813F0400F16D10E4B1B7850E70C4B04
:103640005B7813F0400F04D10A4B1B780A4A1278BA
:103650004CE77047064B1B7813F0400F02D1054B27
:103660001B7850E67047704708CD0020110B0020F2
:1036700090220120170B0020180B0020A14B9B7FEC
:10368000002B52D09F4B93F82030012B22D09D4B22
:1036900093F82230012B00F09180002B45D1994BFB
:1036A00093F82130012B00F0CD82002B3DD1964BB9
:1036B0005B78DB0940F08F83934B5B78DB0940F04C
:1036C0000784924B1B7813F0200F40F08F838E4BB2
:1036D0005B78704730B48E4A00238E48012503E0A2
:1036E00001336032082B0AD0D17811F0200FF7D0C7
:1036F000017805FA03F42143C9B20170F0E7854B64
:103700001B788BB17F4B93F82130012B0ED05BB926
:103710007D4B5B78DB0933D17B4B5B78DB0903D1D5
:10372000794B1B78DB093CD130BC7047764B1B785A
:10373000DB0914D1744B1B78DB09F5D1724B5B7834
:10374000DB09F1D0744B1B7813F0200FECD0022171
:10375000724A117023F020036F4A1370E4E76A4B3A
:103760005B78DB09E6D16C4B1B7813F0200FE1D1BD
:1037700001216A4A117043F02003674A1370D3E7AE
:10378000614B1B78DB09C7D1634B1B7813F0200F0B
:10379000C2D10121614A117043F020035E4A1370C7
:1037A000C2E75D4B1B7813F0200FBDD002215B4AAE
:1037B000117023F02003584A1370B5E7514B93F86A
:1037C0002130012B2DD0002BAFD14E4B93F823305D
:1037D000012B00F04981022B00F09D81032BA4D125
:1037E000494B5B78DB0940F0F581474B5B78DB099F
:1037F0009BD1454B1B78DB0997D0474B1B7813F0C7
:10380000200F92D03F4AD27F511EC9B20F2900F239
:1038100009821221414A117023F020033E4A13709D
:103820007047384B93F82330012B29D0022B00F03E
:103830008C80032B7FF479AF334B1B78DB0940F08E
:10384000DB80314B1B78DB097FF46FAF2E4B5B784D
:10385000DB093FF46AAF304B1B7813F0200F3FF4C5
:1038600064AF284AD27F511EC9B20F2900F2EC8002
:1038700012212A4A117023F02003274A137070473F
:10388000214B1B78DB091DD11F4B1B78DB097FF413
:103890004CAF1D4B5B78DB093FF447AF1E4B1B78E9
:1038A00013F0200F3FF441AF164AD27F511EC9B228
:1038B0000F293BD80C21194A117023F02003164A16
:1038C00013707047104B5B78DB09DDD1124B1B780E
:1038D00013F0200FD8D10B4AD27F511EC9B20F2945
:1038E00007D803210D4A117043F020030A4A1370D0
:1038F0007047A2F11101C9B2072911D80421074A62
:103900001170F1E708CD002090220120170B002054
:1039100008CA0020140B0020190B0020130B0020F4
:10392000192AE1D10521A44A1170DDE7A2F11101A4
:10393000C9B2072903D80D219F4A1170BDE7192A82
:10394000BBD10E219C4A1170B7E79C4B1B78DB0959
:103950001DD19A4B1B78DB097FF4E7AE974B5B7860
:10396000DB093FF4E2AE964B1B7813F0200F3FF4D7
:10397000DCAE944AD27F511EC9B20F292DD80F2137
:103980008D4A117023F020038D4A137070478B4BC2
:103990005B78DB09DDD18A4B1B7813F0200FD8D17F
:1039A000884AD27F511EC9B20F2907D80621824A00
:1039B000117043F02003824A13707047A2F1110185
:1039C000C9B2072903D807217B4A1170F1E7192AE8
:1039D000EFD10821784A1170EBE7A2F11101C9B2C9
:1039E000072903D81021744A1170CBE7192AC9D1CD
:1039F0001121714A1170C5E7704B5B78DB097FF4C8
:103A000020AF6F4B1B7813F0200F7FF41AAF6D4A75
:103A1000D27F511EC9B20F2907D80921664A1170F9
:103A200043F02003664A13707047A2F11101C9B236
:103A3000072903D80A21604A1170F1E7192AEFD14A
:103A40000B215D4A1170EBE7A2F11101C9B2072900
:103A500003D81321584A11700DE7192A7FF40BAFD0
:103A60001421554A117006E7544B5B78DB091DD1D0
:103A7000524B5B78DB097FF458AE504B1B78DB0967
:103A80003FF453AE4E4B1B7813F0200F3FF44DAE76
:103A90004C4AD27F511EC9B20F292DD80C21464A5B
:103AA000117023F02003464A13707047434B1B7874
:103AB000DB09DDD1424B1B7813F0200FD8D1414AEE
:103AC000D27F511EC9B20F2907D803213A4A11707B
:103AD00043F020033A4A13707047A2F11101C9B2B2
:103AE000072903D80421344A1170F1E7192AEFD1CC
:103AF0000521314A1170EBE7A2F11101C9B2072982
:103B000003D80D212C4A1170CBE7192AC9D10E21F7
:103B1000294A1170C5E7294B5B78DB091DD1274B7A
:103B20005B78DB097FF401AE244B1B78DB093FF4A3
:103B3000FCAD234B1B7813F0200F3FF4F6AD214A68
:103B4000D27F511EC9B20F292DD80F211A4A1170E8
:103B500023F020031A4A13707047184B1B78DB09B7
:103B6000DDD1174B1B7813F0200FD8D1154AD27F27
:103B7000511EC9B20F2907D806210F4A117043F010
:103B800020030F4A13707047A2F11101C9B207292F
:103B900003D80721084A1170F1E7192AEFD108214B
:103BA000054A1170EBE7A2F11101C9B207290BD840
:103BB0001021014A1170CBE7130B00209022012045
:103BC000190B002008CD0020192AC1D11121A94AC2
:103BD0001170BDE7A84B1B78DB097FF406AEA74B3D
:103BE0001B7813F0200F7FF400AEA54AD27F511E40
:103BF000C9B20F2907D809219E4A117043F020034A
:103C00009E4A13707047A2F11101C9B2072903D867
:103C10000A21984A1170F1E7192AEFD10B21954A30
:103C20001170EBE7A2F11101C9B2072903D81321E2
:103C3000904A1170F0E5192A7FF4EEAD14218D4AF7
:103C40001170E9E58C4B1B78DB090CD18A4B1B7892
:103C5000DB094FD18B4B1B7813F0200F40F0AD8167
:103C6000854B1B787047874B1B7813F0200F40F073
:103C7000A08143F02003834A1370E7E7804BDB7F8A
:103C80005A1ED2B20F2A0BD9A3F11102D2B2072ABF
:103C90000AD9192B7FF449AD1722764B1A70704759
:103CA0001522744B1A7070471622724B1A707047A7
:103CB000734BDB7F5A1ED2B20F2A0BD9A3F111022C
:103CC000D2B2072A0AD9192B7FF42FAD1A22694BD9
:103CD0001A7070471822674B1A7070471922654B8B
:103CE0001A7070471B22634B1A7070471C22614B7D
:103CF0001A707047604B1B78DB097FF416AD614B7F
:103D00001B7813F0200F3FF410AD5F4A127812F0C9
:103D1000200F3FF40AAD22F020025B490A7023F025
:103D20002003584A1370564B93F82330012B16D0BA
:103D3000022B2ED0032B7FF4F8AC514BDB7F5A1EA5
:103D4000D2B20F2A3FD9A3F11102D2B2072A3ED92B
:103D5000192B7FF4EAAC2622464B1A707047484B69
:103D6000DA7F531EDBB20F2B0BD9A2F11103DBB2AA
:103D7000072B0AD9192A7FF4D8AC20223D4B1A70A0
:103D800070471E223B4B1A7070471F22394B1A7026
:103D900070473B4BDB7F5A1ED2B20F2A0BD9A3F1DF
:103DA0001102D2B2072A0AD9192B7FF4BEAC232202
:103DB000304B1A70704721222E4B1A707047222206
:103DC0002C4B1A70704724222A4B1A7070472522F8
:103DD000284B1A7070472B4B1B7813F0200F40F0C4
:103DE000238143F02003274A137065E4264A1278A2
:103DF00012F0200F40F0248142F0200222490A7084
:103E000023F020031F4A13701D4B93F82330012B1E
:103E100016D0022B3AD0032B7FF487AC184BDB7FF4
:103E20005A1ED2B20F2A4BD9A3F11102D2B2072ADD
:103E30004AD9192B7FF479AC1D220E4B1A707047AA
:103E40000F4BDB7F5A1ED2B20F2A0BD9A3F11102FE
:103E5000D2B2072A0AD9192B7FF467AC1722054B77
:103E60001A7070471522034B1A7070471622014BC7
:103E70001A707047130B002090220120190B0020AC
:103E800008CD0020170B0020180B0020764BDB7F9D
:103E90005A1ED2B20F2A0BD9A3F11102D2B2072AAD
:103EA0000AD9192B7FF441AC1A22704B1A70704753
:103EB00018226E4B1A70704719226C4B1A7070479B
:103EC0001B226A4B1A7070471C22684B1A7070478D
:103ED000674B5B78DB097FF428AC664B1B7813F0EB
:103EE000200F3FF422AC644A127812F0200F3FF406
:103EF0001CAC22F0200260490A7023F020035D4AC6
:103F00001370594B93F82330012B16D0022B2ED06F
:103F1000032B7FF40AAC544BDA7F531EDBB20F2B1A
:103F20003FD9A2F11103DBB2072B3ED9192A7FF446
:103F3000FCAB26224D4B1A7070474B4BDA7F531E59
:103F4000DBB20F2B0BD9A2F11103DBB2072B0AD97D
:103F5000192A7FF4EAAB2022444B1A7070471E22C4
:103F6000424B1A7070471F22404B1A7070473E4BED
:103F7000DA7F531EDBB20F2B0BD9A2F11103DBB298
:103F8000072B0AD9192A7FF4D0AB2322374B1A709A
:103F900070472122354B1A7070472222334B1A701A
:103FA00070472422314B1A70704725222F4B1A700C
:103FB00070472F4A1278D2094CD12F4A127812F04A
:103FC000200F27D142F020022B490A7023F0200352
:103FD000284A1370244B93F82330012B3FF44EAE44
:103FE000022B3FF465AE032B7FF49FAB1E4BDB7FB0
:103FF0005A1ED2B20F2A7FF675AEA3F11102D2B2C9
:10400000072A7FF673AE192B7FF48FAB1D22174B57
:104010001A707047164B1B78DB0904D1154B1B78BF
:10402000154A127877E67047114A5278D2093FF460
:10403000DDAE0F4B5B78DB0914D10E4B1B7852E7DA
:104040000B4B5B78DB0904D10A4B1B780A4A1278C8
:104050004FE77047064B1B78DB0902D1054B1B78F5
:1040600053E67047704700BF08CD0020130B0020B7
:1040700090220120170B0020180B002070B5ADF521
:10408000007D05460E4614466846214B9847B4F518
:10409000007F0CD2631E6B44C4F5FF72013214FA28
:1040A00082F26A44FF2103F8011F9342FBD1B4F569
:1040B000DA7F03D300BF0DF5007D70BD01222146DC
:1040C0003046144B98470028F5D0134A13780DF862
:1040D00004300DEB040352785A701E2C13D9A31C24
:1040E0005A4203F01F0302F01F0258BF5342C3F1AC
:1040F0002003DBB2A21C13FA82F292B26946284670
:10410000064B9847D7E7C4F11E03DBB2F2E700BFC6
:1041100091D341003D894100B8C50020FD8E41008A
:1041200070B50E4614461D46023292B24B4B98476C
:10413000B4F5DA7F01D300BF70BD002221463046BE
:10414000474B984700284AD0013D0C2DF4D8DFE8B2
:1041500005F0070C11161B20252A2F333A3E42008A
:10416000012130463F4B984770BD022130463D4B00
:10417000984770BD032130463A4B984770BD0421E3
:104180003046384B984770BD05213046354B98472F
:1041900070BD06213046334B984770BD072130462D
:1041A000304B984770BD082130462E4B984770BD64
:1041B00030462D4B984770BD30462C4B9847012216
:1041C0002B4B1A7070BD30462A4B984770BD304655
:1041D000294B984770BD3046284B984770BD013D2C
:1041E0000C2DA9D8DFE805F0070B0F13171B1F23B1
:1041F000272A303336000020214B984770BD01201C
:104200001F4B984770BD02201D4B984770BD03207F
:104210001B4B984770BD0420194B984770BD052073
:10422000174B984770BD0620154B984770BD072067
:10423000134B984770BD134B984770BD124B98476E
:1042400001220B4B1A7070BD104B984770BD104B7C
:10425000984770BD0F4B984770BD00BF958F4100C8
:104260003D8941001571400041744000818040004B
:10427000640B0020A5704000F1804000096B4000F5
:10428000496F4000A56F4000C56F4000E56F4000DA
:10429000F96F40002970400030B5ADF5017D012176
:1042A0006846394DA84740F2A91269460020374CAC
:1042B000A04702216846A84740F2A91269464FF478
:1042C000E070A04703216846A84740F2A91269465A
:1042D0004FF46070A04704216846A84740F2A91235
:1042E00069464FF4A860A04705216846A84740F2F8
:1042F000A91269464FF4E060A04706216846A84726
:1043000040F2A91269464FF40C60A04707216846A5
:10431000A84740F2A91269464FF42860A047082137
:104320006846A84740F2A91269464FF44460A04786
:104330006846174B9847242269464FF46060A047AF
:104340006846144B9847142269464FF46460A047AE
:104350006846114B9847102269464FF46660A047A3
:1043600068460E4B9847802269464FF46860A04724
:1043700068460B4B9847322269464FF47260A0475B
:104380000DF5017D30BD00BFB17240007D404000A1
:104390008D744000C9804000C570400045814000D8
:1043A000096C400010B5ADF5007D012340F2A91263
:1043B000694600202A4CA047022340F2A912694610
:1043C0004FF4E070A047032340F2A91269464FF46E
:1043D0006070A047042340F2A91269464FF4A86018
:1043E000A047052340F2A91269464FF4E060A047B8
:1043F000062340F2A91269464FF40C60A047072338
:1044000040F2A91269464FF42860A047082340F201
:10441000A91269464FF44460A04709232422694643
:104420004FF46060A0470A23142269464FF4646089
:10443000A0470B23102269464FF46660A0470C2367
:10444000802269464FF46860A0470D2332226946F6
:104450004FF47260A047034B98470DF5007D10BDE7
:1044600021414000816A4000074B5B8B5BB1013BFF
:104470009BB2054A538333B91346127842F00202C5
:104480001A7064225A8370470C000020064B9B8BE5
:1044900043B1013B9BB2044A93831BB9137843F0A9
:1044A00004031370704700BF0C00002008B5034BD5
:1044B00098473222024B9A8308BD00BF0191410008
:1044C0000C00002001280CD002280CD005280CD0AC
:1044D00004280CD006280CD007280CBF052000208B
:1044E000704700207047012070470220704703206A
:1044F0007047042070470000084B1B7883420BD0A4
:10450000074A012312F8011B814203D00133DBB2B9
:10451000102BF7D1184670470023FBE7BCC50020DD
:10452000BDC50020554B03EBC0035B7813F0100FA3
:1045300000D1704710B5514B03EBC003DB7813F08B
:10454000400F06D14D4B03EBC0031B79DB094FD164
:1045500010BD4B4B13F8203013F0020F30D1484BF5
:1045600013F8203013F0010FF2D1444B03EBC003DA
:104570005A786FF304125A70DA786FF38612DA7091
:104580005A78404991F8A6403F490C703F494C7811
:104590006FF386144C703E4C217841F0010121707C
:1045A00002F0DF0242F080025A709A7842F0010273
:1045B0009A703623374A03FB00200023838610BD00
:1045C0002E4B03EBC0035A7842F020025A702F4B57
:1045D0009A786FF345129A702F4B185C2F4B9847BF
:1045E0004FF4AA732E4A03FB002300229A7410BDD5
:1045F000234B13F8203013F0020F32D1204B13F865
:10460000203013F0010FA3D1204B9B7813F0200F23
:104610009ED1244B1B7813F0200F99D1224B1B788D
:1046200013F0020F94D1194BDB7813F0010F8FD1E7
:10463000124B03EBC000437803F0EF036FF3451315
:10464000437003796FF3C71303710F4B0D4A92F850
:10465000A6205A70012283F831200020134B98477E
:1046600010BD064B03EBC000437843F020034370BA
:10467000064B9A786FF345129A7010BD5CD10020FA
:10468000ECC5002094000020E4D10020DCD1002003
:104690000C000020F8CD0020BCC500200997400088
:1046A0001CD20020A4CD002084CD0020B59C400069
:1046B0002DE9F843A84FA94EA94D5CE0A94C2378F9
:1046C0006FF3451323700022A74B9A83A748A84B8A
:1046D000984794F8A600A74B98470446A64B9847DE
:1046E000A64B03EBC403DB7813F0040F03D10A22BB
:1046F0009D4B5A8355E0A14B03EBC404E3786FF361
:104700008203E370F3E7984B0022DA701A7842F0E4
:1047100001021A7053E013F0100F0CD0914B5A782D
:104720006FF304125A70904A137803F0FE0343F0BB
:104730000803137043E08C4B1B7813F0040F3ED03A
:10474000894A137803F0FA0343F00803137036E044
:10475000844B1A786FF3C7121A70834A137843F0A8
:104760000103137000231A4619462868844CA04799
:104770000120844B98473846B04700234FF0FF3262
:1047800019462868804CA0470028F1D03846B04729
:104790007E4B1B78002BE5D1724B1B7813F0200F5A
:1047A0008CD1704B5B7813F0080FB4D06D4B5A78F6
:1047B0006FF3C3025A706C4BDB78002BA3D1694BAB
:1047C0001B7813F0800FC3D113F0400F00F04C8220
:1047D000644B1A786FF386121A706D4B1B7813F0C6
:1047E000040F1CD0604AD37B0133DBB2D373684A19
:1047F00052789A42B6D85C4C0023E373644A11782D
:1048000063F382011170634A917863F345119170EB
:10481000614B9847237843F001032370A2E713F01C
:10482000080F1AD0504AD37B0133DBB2D373584AF6
:1048300052789A4296D84C4B0022DA735449087841
:1048400062F3C30008705349887862F3451088709A
:104850001A7842F001021A7084E7434B5B7813F038
:10486000040F1DD0404A537C0133DBB253744B4AD2
:1048700092F831209A423FF675AF3B4C00236374A7
:10488000627863F382026270424A917863F3451161
:104890009170414B9847237843F00103237061E7FF
:1048A00013F0080F19D0304A537C0133DBB2537434
:1048B0003A4A92F831209A423FF654AF2A4B0021EF
:1048C00059745A7861F3C3025A70324A137943F02B
:1048D00040031371324B984744E713F0200F1DD06B
:1048E000214AD37C0133DBB2D3742C4A92F83120B5
:1048F0009A423FF637AF1C4C0023E374627863F3AF
:1049000045126270234A917863F345119170224BEE
:104910009847237843F00103237023E713F0100F27
:1049200040D0114AD37C0133DBB2D3741B4A92F8D6
:1049300031209A423FF616AF0B4B0021D9745A78BA
:1049400061F304125A70134A137943F04003137150
:10495000134B984706E700BF50180E40A9EF4000E0
:104960006C280120940000200C000020E827012082
:1049700049A64100F9444000B5D840005CD1002070
:10498000EDF74000890041006DF940006A0B0020FE
:10499000A4CD0020DCD10020B18A4000E4D1002069
:1049A00085A4400013F0400F1BD0A34A537D013370
:1049B000DBB25375A14A92F831209A423FF6D2AE4B
:1049C0009D4B00225A75197841F0010119705978F0
:1049D00062F3861159709A4B997862F34511997078
:1049E000C0E6974B9B7813F0100F57D0924B9B78F3
:1049F00013F0010F52D0904AD37D0133DBB2D3754F
:104A00008E4A92F831209A423FF6ACAE8A4B00248F
:104A1000DC759A7864F300029A70894A937803F0FF
:104A2000EF0364F345139370844B1878854B9847D4
:104A30004FF4AA73844A03FB00239C74834B1B78B6
:104A4000012B14D17E4B1A7842F003021A709A7827
:104A500042F020029A70784B9C71794B1A7942F09F
:104A600004021A719A7842F080029A707AE6724BC8
:104A700093F90130002B0BDA6F4C63786FF3C71397
:104A80006370734B9847237843F001032370E4E786
:104A9000694A137843F001031370DEE7684B5B78D3
:104AA00013F0040F63D0644AD37A0133DBB2D372BC
:104AB000624A92F831209A423FF654AE00215E4B92
:104AC000D9725F4B5A7861F382025A70DB7813F027
:104AD000200F0ED05A4BDA786FF34512DA709A78BD
:104AE0006FF345129A70544A137843F00103137020
:104AF00038E6534B5B7813F0080F0ED0504B5A78C2
:104B00006FF3C3025A709A786FF345129A704A4A4B
:104B1000137843F00103137024E613F0400F18D00C
:104B2000474B5A786FF386125A709A786FF3451292
:104B30009A70414A137843F0010313703F4B187881
:104B4000444B98473623444A03FB002300229A86AD
:104B500008E6424B9847394B18783A4B98474FF440
:104B6000AA73394A03FB002301229A74FAE5344AF6
:104B700092F90020002A32DA314B1A786FF3C7120B
:104B80001A70374B93F8A600324B9847354B03EB1E
:104B9000C003DB7813F0400F10D0324B03EBC0039F
:104BA0005A7842F010025A70DA786FF3C712DA704E
:104BB000214A137843F001031370D3E51E4A13789A
:104BC00043F001031370274B03EBC0031A7942F043
:104BD00080021A715A7842F010025A70C2E513F03E
:104BE000010F3FF4BFAD1E4B93F8A600194B984739
:104BF0001C4B03EBC000037943F08003037143783F
:104C000043F0100343700C4A537E0133DBB25376FA
:104C10000A4A92F831209A423FF6A4AD064B002092
:104C20005876074A517860F3000151701A7842F0C3
:104C300001021A7096E500BF0C000020E4D10020AC
:104C4000DCD10020099740001CD200200A0000207F
:104C5000B18A4000F9444000F8CD0020DDA44000B6
:104C6000940000205CD10020694B5B7813F0040FA6
:104C70004DD113F0010F3FF475AD654C63786FF3C0
:104C80000003637094F8A600624B98478046624A1E
:104C900012F8203094F89A1061F3000394F89B10F6
:104CA00061F3410394F89C1061F3820394F89D1022
:104CB00061F3C30394F89E1061F3041394F89F10FA
:104CC00061F3451302F82030544B9847544B1B783E
:104CD00013F0020F17D0534AD3790133DBB2D371EB
:104CE000514A92F831209A420DD800224D4BDA7188
:104CF0004B4A137803F0FD0343F01003137013794C
:104D000013F0400F72D04046484B98472AE5DFF831
:104D1000008198F801306FF3820388F8013098F829
:104D2000A6003C4B984781463B4C04EB800498F826
:104D3000A330637098F8A430A370384B9847E2789A
:104D400063789A4203D03A4B98476278E270324BCC
:104D500003EB89035B78012B24D0314B1B7813F0D4
:104D6000080F3FF4FFAC2F4A537A0133DBB2537282
:104D70002D4A92F831209A423FF6F4AC0021294B9B
:104D80005972274A137843F0200361F3C303137069
:104D9000137913F0400F18D0224A137843F001031F
:104DA0001370DFE4234B03EBC9031B7913F0020FED
:104DB000D3D0204B03EBC90999F804306FF34103BA
:104DC00089F804301C4B9847C7E7134692786FF375
:104DD00045129A70144B1878184B98474FF4AA73E1
:104DE000174A03FB002300229A74D5E713469278F2
:104DF0006FF345129A700C4B1878104B98474FF48C
:104E0000AA730F4A03FB002300229A747BE700BFBA
:104E100094000020F9444000ECC50020B5D84000C3
:104E2000DCD100200C000020E4D10020254540000A
:104E300045A440005CD10020259F40000997400018
:104E40001CD2002010B4274B9A7812F0080F00D023
:104E500000BF244B1B7813F0010F06D022494C7879
:104E600044F001044C7081F8A60013F0040F06D042
:104E70001D494C7844F004044C7081F8A60019498F
:104E8000497812F0100F06D0174A147844F0400405
:104E9000147082F8A60011F0040F06D0124A11789F
:104EA00041F04001117082F8A60013F0800F11D17B
:104EB0000E4B5B7813F0400F06D00B4B1A7842F084
:104EC00040021A7083F8A6000022094B1A705DF8A0
:104ED000044B7047044B1A7842F040021A7083F872
:104EE000A600E5E7DCD10020940000200C000020A3
:104EF0004BC500202DE9F04383B0B24A0023FF24C4
:104F00001046947010F8231041F0030100F82310AC
:104F1000547001330432102BF3D1AB4B03F1FF017A
:104F2000FF2203F8012F9942FBD1A84FA84EA94DAB
:104F30008EE2A94B1A786FF3C3021A7093F80380BC
:104F400008F10104E4B2DC70A44BDB7813F0040F29
:104F500040F054820123A14901EBC302D27812F040
:104F6000040F40F04B820133102BF5D1032C40F29B
:104F70005682994C4FF0000884F803806079984B72
:104F80009847237843F0010368F304132370607992
:104F9000944B9847914B03EBC000C37843F0040354
:104FA000C37043E28C4C23786FF341032370A27BE0
:104FB0008D4B1344D97835208C4B9847A37B013314
:104FC000DBB2A373012B11D0874A52789A4207D8DB
:104FD0000021814B9973844B1A7861F300021A7097
:104FE0007D4A137843F0100313701FE20021E17330
:104FF000EAE712F0020F00F04D8213F0020F00F00A
:105000004982754C23786FF341032370A27B764B62
:105010001344D9783A20754B9847A37B0133DBB210
:10502000A373012B11D0704A52789A4207D80021FD
:10503000694B99736C4B1A7861F341021A70664A96
:10504000137843F010031370F0E10021E173EAE7F5
:10505000614C23786FF341032370227C644B13442B
:1050600059783820614B9847237C0133DBB2237495
:10507000012B11D05E4A92F831209A4206D8564B45
:10508000002119741A7861F3C7121A70524A137802
:1050900043F010031370C9E100216174EAE74E4C3C
:1050A00023786FF341032370A27C514B134459784A
:1050B00037204E4B9847A37C0133DBB2A374012BFE
:1050C00011D04B4A92F831209A4206D8424B002127
:1050D00099745A7861F300025A703F4A137843F08A
:1050E00010031370A2E10021E174EAE73A4C23783F
:1050F0006FF341032370227D3D4B134459783D20CB
:105100003A4B9847237D0133DBB22375012B11D035
:10511000374A92F831209A4206D82F4B0021197550
:105120005A7861F341025A702B4A137843F0100306
:1051300013707BE100216175EAE7274C237803F0C7
:10514000DF036FF34103237001213B20274B984776
:10515000237843F01003237068E11F4C237803F099
:10516000BF036FF341032370012165201F4B984754
:10517000237843F01003237058E1174C23786FF322
:1051800041032370A2791A4B134459786520174BB9
:105190009847A3790133DBB2A371012B2CD0144AB9
:1051A00092F831209A4207D800210B4B9971114B8C
:1051B0001A7861F300021A70074A137843F010035B
:1051C000137033E1200B00209922012050180E406B
:1051D000A9EF40006C2801200C0000205CD10020C9
:1051E000454E4000F9444000A4CD002011AC4100E0
:1051F000E4D10020DCD100200021E171CFE7744C24
:1052000023786FF341032370227A724B1344597849
:105210003B20714B9847237A0133DBB22372012B79
:1052200012D06C4A92F831209A4207D80021684B7C
:1052300019726A4B1A7861F382021A70644A137801
:1052400043F010031370F1E000216172E9E7604C54
:1052500023786FF341032370DFF8808198F80030E2
:105260006FF3861388F800305A4B187800210091AC
:105270000B460222DFF88091C84798F8003043F0CF
:10528000800388F80030237843F010032370CDE0CA
:10529000524A527812F0020F2BD013F0020F00F096
:1052A0002E814B4C23786FF341032370A27A494B34
:1052B000134459783620484B9847A37A0133DBB220
:1052C000A372012B12D0434A92F831209A4207D898
:1052D00000213F4B9972414B5A7861F341025A7059
:1052E0003B4A137843F0100313709FE00021E172F2
:1052F000E9E73A4A527912F0010F00F0068113F003
:10530000020F37D0324C23786FF341032370227E93
:10531000304B13445878002100910B460222DFF8ED
:10532000D880C047237E0133DBB22376012B12D015
:10533000284A92F831209A4207D80021244B197646
:10534000264B5A7961F300025A71214A137843F0CF
:10535000100313706AE00021617620494A7842F018
:1053600001024A70E4E70021E175A17841F00101F2
:10537000A170E7E003F00303032B57D1144B1A7815
:105380006FF341021A70164C22781649895C197124
:105390006020114B984723780133DBB22370124A07
:1053A00012789A4201D800222270094A137843F0F9
:1053B000100313703AE0064B1A786FF304121A7058
:1053C0000A4882785A710A4B19780A4B984736E096
:1053D0000C000020E4D1002011AC4100DCD1002001
:1053E0001F0B00202CC600201E0B0020642701206C
:1053F0004CC50020AD444000B1AE41005B4B587934
:105400005B4B98475B4B03EB80004378072B7FF4A3
:10541000ADADA8F11303DBB2EB2B7FF6AAAD534A77
:10542000137803F0FD0343F0100313704F4B1B7808
:1054300013F0100F03D0504B1B78002BBBD0002370
:105440001A46194628684D4CA04701204C4B9847F6
:105450003846B04700234FF0FF3219462868494CC0
:10546000A0470028F1D03846B047474B1B78002BA7
:10547000E5D13E4B1B7803F00A020A2A3FF459ADEE
:10548000424A127812F0010F3FF4B3AD13F0020F4D
:105490007FF488AD03F08202822A3FF4D9AD334A0B
:1054A000128802F48171B1F5817F3FF4F8AD40F2CA
:1054B000022131EA02023FF419AE03F02202222A4D
:1054C0003FF43BAE03F04202422A3FF446AE304A7C
:1054D000127812F0010F03D013F0020F7FF44DAEDB
:1054E00012F0040F03D013F0020F7FF488AE12F015
:1054F000400F3FF4CDAE13F0020F7FF4A8AE244A64
:10550000527912F0010F7FF435AF214A927812F0F0
:10551000080F3FF42FAF13F0020F3FF42BAF134CE3
:1055200023786FF341032370A27D1A4B13445978FB
:105530003A20194B9847A37D0133DBB2A375012BA9
:105540003FF411AF134A92F831209A4207D8002154
:10555000064B99750E4B9A7861F3C3029A70034A11
:10556000137843F01003137060E700BF0C000020B5
:10557000F9444000ECC500204BC50020EDF7400089
:10558000890041006DF940006A0B0020A4CD002085
:10559000DCD10020E4D1002011AC41002DE9F0471E
:1055A000234900230C46234E4FF0010903274FF0F7
:1055B000020E214D9A464FF008084FF0070C0FE0FD
:1055C00006F803E016E014F8232012F0020F11D0C1
:1055D00006F803900EE02A5401330431102B25D035
:1055E000184614F8232012F0010FECD112F0020F2C
:1055F000E6D1F7544A78042AEDD0062A0AD0032AC5
:105600000BD0072A0CD0012A0DD0022A08BF05F8BA
:1056100000A0E1E705222A54DEE706222A54DBE750
:1056200005F800C0D8E705F80080D5E7BDE8F087A9
:10563000ECC500202CCD00203CCD0020F0B4002192
:10564000104B1970104B1970104D05F110062B46B8
:105650000F48104F04E0825C03F8012BB34208D0DE
:105660005A1B845C002CF6D0845C7C540131C9B296
:10567000F1E709B1044B19701022024B1A70F0BC0B
:10568000704700BF1D0B00201E0B0020BCC5002072
:10569000F8C900202CC600200F4B9B7803F0600354
:1056A000402B00D070470C4B9A786FF386129A709B
:1056B00000230A4902E00133102BF3D001EBC302AF
:1056C000D27812F0040FF6D001EBC302D0786FF35A
:1056D0000410D070EFE700BFDCD100205CD10020C7
:1056E0000D4B1B889BB2C34013F0010F11D110B4B6
:1056F000012303FA00F1084CD8B234F8132092B217
:105700000A4203D10133082BF6D1FF205DF8044B88
:1057100070470020704700BF6CCD0020084B1A78FE
:105720006FF300021A705A7842F042025A70002257
:105730001A75044A937843F020039370704700BFB2
:105740000C000020DCD10020094B1A7802F0FE0288
:1057500042F080021A7007498A7842F020028A706B
:1057600000221A745A7842F004025A70704700BF3F
:105770000C000020DCD10020094B1A7802F0FE0258
:1057800042F080021A7007498A7842F020028A703B
:1057900000221A745A7842F008025A70704700BF0B
:1057A0000C000020DCD10020084B1A786FF30002B7
:1057B0001A705A780648817841F0200181700021E2
:1057C000997442F011025A70704700BF0C0000201B
:1057D000DCD10020084B1A786FF300021A705A7857
:1057E0000648817841F0200181700021997442F0CF
:1057F00021025A70704700BF0C000020DCD100204D
:10580000194B03EB80035B78012B03D0072B01D0EE
:1058100000207047154B03EBC003DB78DB091BD17D
:10582000124B03EBC0035B7813F0200F16D10F4B24
:1058300003EBC0039B7813F0010F11D10B4B03EB6B
:10584000C0035B7813F0100F0CD1074B13F8200046
:10585000C04300F0010070470020704700207047EF
:105860000020704700207047ECC500205CD100206C
:105870002DE9F04F85B00023009301930293039329
:10588000244B98470446244B984707462046234B11
:105890009847064680B300242646DFF88C80DFF860
:1058A0007CA0DFF888B0DFF8889002E00134102C8B
:1058B00021D0E0B238F817309BB2E34013F0010F6B
:1058C000F4D0D0470028F1D0731CDAB204AB1E44E8
:1058D00014F80B3006F8103C19F8043013F0010FDF
:1058E0000EBF43F0010319F804306FF3000309F809
:1058F00004301646DAE71EB9304605B0BDE8F08F31
:10590000074C324669462046064B984784F830607B
:10591000F2E700BFF9444000E15640000158400062
:10592000E5D1002091D341006CCD0020BCC5002002
:105930003CC60020F8B50022114B83F83120114BF2
:105940001B78E3B114460F4D0F4F104E04E00134A5
:10595000E4B22B78A34212D92B195878B84706EB3A
:1059600080004378062BF2D0054B93F83120511C70
:1059700083F8311013442A1952785A70E7E7F8BDBA
:10598000E4D10020E4CD0020F9444000ECC5002023
:1059900000221A4B83F83120194B1B7863B32DE991
:1059A000F0411446164DDFF86080164E04E00134D5
:1059B000E4B22B78A3421DD927462B195878C0474B
:1059C00006EB80035B78053BDBB2012BEFD916F8C1
:1059D000203013F0010FEAD113F0020FE7D1074B8B
:1059E00093F83120511C83F8311013442F447A78F6
:1059F0005A70DCE7BDE8F081704700BFE4D10020B9
:105A0000E4CD0020ECC50020F9444000F8B50022A8
:105A1000114B83F83120114B1B78E3B114460F4D25
:105A20000F4F104E04E00134E4B22B78A34212D998
:105A30002B195878B84706EB80004378062BF2D034
:105A4000054B93F83120511C83F8311013442A1967
:105A500052785A70E7E7F8BDE4D10020E4CD002089
:105A6000F9444000ECC50020F8B50022114B83F842
:105A70003120114B1B78E3B114460F4D0F4F104EE0
:105A800004E00134E4B22B78A34212D92B195878E0
:105A9000B84706EB80004378012BF2D1054B93F811
:105AA0003120511C83F8311013442A1952785A704E
:105AB000E7E7F8BDE4D10020E4CD0020F944400040
:105AC000ECC5002008B5054B9847054B13F820306E
:105AD000C3F34013034A137008BD00BFF9444000EC
:105AE000ECC500201C0B00200022014B1A707047EF
:105AF0001C0B002038B504461C4A537943F00203BE
:105B000053711B4B984720461A4B984705461A4B32
:105B100098471A4B1B7803B938BD194B9847194B56
:105B200093F8313013B9184B9847F5E7174A535D8E
:105B300043F0010303F0FB036FF3C3035355144D0C
:105B40002B7843F030032B702046124B98472844A3
:105B5000002343702046104B984720460F4B984730
:105B60000F4A537843F08003537038BDDCD10020D6
:105B700079874000099740001D9C4000E4CD00203B
:105B80000D5A4000E4D10020B18A40007CCD0020B5
:105B900084CD0020F9444000C55A4000B59C400027
:105BA0000C000020F0B400254F1E00E03546BD4239
:105BB00010DA6E1CF6B2B142F8D9334605442A78A1
:105BC000C45CA24284BF2C70C2540133DBB2994240
:105BD000F5D1EBE7F0BC7047012934D9F8B500AF37
:105BE000024601F1FF3CCB1D23F00703ADEB030D93
:105BF0006E46BCF1000F28DD00231D4603E0013393
:105C0000DBB29C450ADDD45C02EB030E9EF801E09A
:105C1000A645F4D0681C7455C5B2F0E76B1C50184B
:105C200010F8011C715513F0FF000AD0741E013AE0
:105C3000002314F8015F02F8015F0133DBB28342F5
:105C4000F7D3BD46F8BD08467047014411F8013C42
:105C50008DF800300120E9E770B588B004462B4B81
:105C6000984708B908B070BD2046294B9847294B82
:105C70001B5C13F0010F1DD1274B5B7913F0080F4C
:105C800014D0254B5A796FF3C3025A712022002198
:105C90006846224B9847224B93F831506DB9204605
:105CA000204B98471E4B93F8314084B900201E4B7F
:105CB0009847D7E71D4B9847D4E75E1C2A463146E4
:105CC00068461B4B9847002386F83030E7E72246AA
:105CD000591C0DEB0500164B98472544EDB21F2DBE
:105CE0000AD900BF00BF134C2A4669462046104B14
:105CF000984784F83050D9E7294668460E4B9847B4
:105D0000294668460D4B98470546ECE77158400018
:105D1000F94440003CC60020DCD10020C5D441003D
:105D2000E4D100202D9A4000B59C40001D57400052
:105D300091D34100E5D10020A55B4000D95B400034
:105D400038B55D4B1B78012B0ED05C4B1B78012BBB
:105D500049D05B4B1B78012B00F08480594B1B789A
:105D6000012B00F0888038BD574B9B7813F0200F33
:105D7000EFD1564B1B7813F0200FEAD100224E4B87
:105D80001A70534B93F8A640524B98472046524BFB
:105D900098470546514B9847514B1B78002BE2D052
:105DA000504B9847504B93F83130CBB14F4A535D2D
:105DB00043F0050353554E4D2B7843F004032B70ED
:105DC00020464C4B98472844012343702B7843F0DE
:105DD00002032B702046484B9847484B984738BDE4
:105DE000474B984738BD384B9B7813F0200FB0D104
:105DF000364B1B7813F0200FABD13D4B1B7813F0C3
:105E0000020FA6D100222D4B1A70314B93F8A640F9
:105E1000304B98472046304B984705462F4B9847C4
:105E20002F4B1B78002B9ED0364B98472E4B93F868
:105E30003130A3B12D4A535D43F00A0353552C4A28
:105E4000137843F0040313701F4AD37843F001031F
:105E5000D3702046284B98472B4B984738BD284B8A
:105E6000984738BD0022164B1A70194B93F8A600BC
:105E7000264B984738BD144B9B7813F0200F7FF4C6
:105E800072AF124B1B7813F0200F7FF46CAF184BDE
:105E90001B7813F0020F7FF466AF0B4BDB7813F027
:105EA000010F7FF460AF0022064B1A70084B93F885
:105EB000A600174B984756E73BC5002036C5002083
:105EC0003DC500203CC50020DCD10020A4CD002031
:105ED0009400002079874000099740001D9C4000F5
:105EE000E4CD002035594000E4D100207CCD0020D5
:105EF00084CD0020F9444000C55A40004957400075
:105F0000B18A400091594000D5574000595C40008B
:105F1000F55A400030B5EFB07A4B1B78232B6FD089
:105F2000794B1B7843B3794B1B78002B40F00C81E5
:105F3000774B93F8B331822B1AD1764A6B4607CA56
:105F400003C31A70744B0DF10B0203F1140013F824
:105F5000011F02F8011F9842F9D114226F4903A8CA
:105F60006F4B9847002800F096800022674B1A700C
:105F7000654B1B78002B41D16A4B1B7833B96A4BB8
:105F80001B781BB9694B1B78002B37D0684B232239
:105F90001A700A22A3F8B421002159709A700122C4
:105FA000DA7002221A71574A52795A715D4B1B7886
:105FB000002B00F0298501225D4B9A7107235C4874
:105FC0002422C254012208215A4B984768B1584BE9
:105FD000B3F8B4211344584A117803F8031C5278DB
:105FE00003F8022C242203F8012C0023464A1370E4
:105FF0004C4A13704C4A13704C4A13706FB030BD4A
:106000004E4B1D88424C2A463E4920464C4B9847F1
:106010006278A37843EA0223A4F8B4319D4203D006
:106020000122414B1A707BE7E278022A03D0012259
:106030003E4B1A7074E72279012A03D001223B4BB0
:106040001A706DE7617984F8B311581E225C242A16
:1060500003D00122354B1A7062E7D91E2246645CD8
:1060600024255554991E555C15545454B3F5DA7FC4
:1060700003D301222B4B1A7052E7002224482D4BE8
:10608000984700283FF44CAF01221F4B1A700022A2
:106090002C4B1A6047E701221C4B1A70244B23211A
:1060A00019701321A3F8B41158709970DA70022294
:1060B0001A71822203F8052F0DF1FF3202A812F89F
:1060C000011F03F8011F9042F9D119480023C3733F
:1060D0002423037401221121164B984768B1144BF5
:1060E000B3F8B4211344144A117803F8031C52780E
:1060F00003F8022C242203F8012C0022024B1A7010
:1061000036E700BF24C10020650B0020600B002093
:1061100008C80020680442000DC800207404420032
:106120005DD74100610B0020630B0020620B002053
:106130004CC600203D894100B8C500201EC100208A
:1061400091D34100700B00208B4B1B78DBB2012BED
:106150007FF454AF894B93F8B331013B812B00F2AC
:106160002D84DFE813F08200C40019015A019E015A
:10617000D40116024E02AB02E1022A032B042B04C7
:106180002B042B042B042B042B042B042B042B0497
:106190002B042B042B042B042B042B042B042B0487
:1061A0002B042B042B042B042B042B042B042B0477
:1061B0002B042B042B042B042B042B042B042B0467
:1061C0002B042B042B042B042B042B042B042B0457
:1061D0002B042B042B042B042B042B042B042B0447
:1061E0002B042B042B042B042B042B042B042B0437
:1061F0002B042B042B042B042B042B042B042B0427
:106200002B042B042B042B042B042B042B042B0416
:106210002B042B042B042B042B042B042B042B0406
:106220002B042B042B042B042B042B042B042B04F6
:106230002B042B042B042B042B042B042B042B04E6
:106240002B042B042B042B042B042B042B042B04D6
:106250002B042B042B042B042B042B042B042B04C6
:106260002B042B046103A603DD03454C2323237079
:106270002523A4F8B43100226270A3700123E370D7
:106280000222227104F8053F03A83E4B98470DF106
:106290000B030DF1260113F8012F04F8012F994289
:1062A000F9D1374B002283F82120242283F82220C1
:1062B000B3F8B411B1F5DA7F03D30022324B1A7070
:1062C0005AE6012202391846304B98470028F4D08C
:1062D0002B4BB3F8B42113442D4A117803F8031C57
:1062E000527803F8022C242203F8012CE5E7244C11
:1062F0002323237040F2B313A4F8B4310123637055
:10630000B322A270E3700223237104F8053F1B4BF4
:10631000997903A81F4B98470DF10B036DA913F84A
:10632000012F04F8012F8B42F9D1154B002283F87D
:10633000AF21242283F8B021B3F8B411B1F5DA7F8C
:1063400004D300BF0022104B1A7015E60122023957
:1063500018460E4B98470028F4D0094BB3F8B421E7
:1063600013440B4A117803F8031C527803F8022CEB
:10637000242203F8012CE5E7600B002008C8002068
:106380004CC60020DD704000650B00203D894100B7
:10639000B8C50020B1724000BB4B0DF10B0203F2F7
:1063A000A91013F8011F02F8011F8342F9D19DF8CB
:1063B0000C1003A8B54B98479DF80C000138C0B2EB
:1063C000B34B9847B348232303700B22A0F8B421A2
:1063D0000023437082700122C270022101710321E7
:1063E00041719DF80C108171C3712423037209213E
:1063F000A94B984768B1A74BB3F8B4211344A74AF7
:10640000117803F8031C527803F8022C242203F8B5
:10641000012C0022A24B1A70AEE59E4C2323237060
:106420002E23A4F8B43100226270A3700123E3701C
:1064300002232371042304F8053F03A8994B9847CE
:106440000DF10B030DF12F0113F8012F04F8012FAB
:106450009942F9D18F4B002283F82A20242283F815
:106460002B20B3F8B411B1F5DA7F04D300BF0022BA
:106470008B4B1A7080E5012202391846864B9847EB
:106480000028F4D0834BB3F8B4211344834A117825
:1064900003F8031C527803F8022C242203F8012C81
:1064A000E5E7794B0DF10B0203F1240013F8011F0E
:1064B00002F8011F8342F9D103A87B4B9847754826
:1064C000232303700A22A0F8B421002343708270B2
:1064D0000122C270022101710521417183712423BF
:1064E000C37108216C4B984768B16A4BB3F8B4216B
:1064F00013446A4A117803F8031C527803F8022CFB
:10650000242203F8012C0022654B1A7034E5614CFB
:10651000232323701E23A4F8B43100226270A370D9
:106520000123E37002232371062304F8053F03A827
:106530005E4B98470DF10B030DF11F0113F8012F6E
:1065400004F8012F8B42F9D1524B00229A76242273
:10655000DA76B3F8B411B1F5DA7F04D300BF0022C4
:106560004F4B1A7008E50122023918464A4B9847EA
:106570000028F4D0474BB3F8B4211344474A1178AC
:1065800003F8031C527803F8022C242203F8012C90
:10659000E5E73D4B0DF10B0203F1140013F8011F69
:1065A00002F8011F8342F9D103A8414B9847012209
:1065B000404B1A703748232303700A21A0F8B41106
:1065C000002343708170C270022101710721417163
:1065D00083712423C37108212F4B984768B12D4B39
:1065E000B3F8B42113442D4A117803F8031C5278F0
:1065F00003F8022C242203F8012C0022284B1A70E5
:10660000BAE4244C232323701A23A4F8B4310022C3
:106610006270A3700123E370022323710823637166
:1066200003A8254B98470DF10B03A21D0DF11B008C
:1066300013F8011F02F8011B9842F9D1154B0022F3
:106640009A752422DA75B3F8B411B1F5DA7F04D360
:1066500000BF0022124B1A708EE401220239184644
:106660000D4B98470028F4D00A4BB3F8B4211344DB
:106670000A4A117803F8031C527803F8022C2422EA
:1066800003F8012CE5E700BF0DC80020157140009C
:10669000999740004CC600203D894100B8C50020B4
:1066A000650B00208D74400041744000C98040009B
:1066B00081804000640B0020C5704000C34B0DF189
:1066C0000B0203F1100013F8011B02F8011F8342B3
:1066D000F9D103A8BE4B9847BE48232303700A2272
:1066E000A0F8B4210023437082700122C2700221FD
:1066F00001710921417183712423C3710821B64BB3
:10670000984768B1B34BB3F8B4211344B34A117836
:1067100003F8031C527803F8022C242203F8012CFE
:106720000022AF4B1A7027E4AA4C232323708A233C
:10673000A4F8B43100226270A3700123E370022335
:1067400023710A2304F8053F03A8A64B98470DF1CF
:106750000B01062200E01A46531C9BB211F8010FF0
:1067600004F8010F862BF6D19A49002381F8863070
:10677000931C9BB22422CA54B1F8B411B1F5DA7F4C
:1067800005D300BF0022964B1A70FFF7F5BB01221C
:1067900002399048904B98470028F3D08D4BB3F8BE
:1067A000B42113448D4A117803F8031C527803F87E
:1067B000022C242203F8012CE4E78B4B0DF10B0291
:1067C00003F1800013F8011F02F8011F8342F9D181
:1067D00003A8864B98477F48232303700A22A0F81A
:1067E000B4210023437082700122C2700221017122
:1067F0000B21417183712423C3710821764B984783
:1068000068B1744BB3F8B4211344744A117803F897
:10681000031C527803F8022C242203F8012C0022D6
:106820006F4B1A70FFF7A8BB6A4C232323703C23DD
:10683000A4F8B43100226270A3700123E370022334
:106840002371802304F8053F03A8694B98470DF195
:106850000B030DF13D0113F8012F04F8012F9942AC
:10686000F9D15C4B002283F83820242283F83920A8
:10687000B3F8B411B1F5DA7F05D300BF0022584B4D
:106880001A70FFF779BB012202391846524B98471C
:106890000028F3D04F4BB3F8B42113444F4A11787A
:1068A00003F8031C527803F8022C242203F8012C6D
:1068B000E4E74D4B0DF10B0203F1320013F8011F19
:1068C00002F8011F9842F9D103A84A4B9847414862
:1068D000232303700A22A0F8B4210023437082709E
:1068E0000122C2700221017181214171837124232F
:1068F000C3710821384B984768B1364BB3F8B421BF
:106900001344364A117803F8031C527803F8022C1A
:10691000242203F8012C0022314B1A70FFF72CBB04
:10692000354A6B4607CA03C31A702F4B0DF10B0291
:1069300003F1140013F8011F02F8011F8342F9D17B
:1069400014222E4903A82E4B984700287FF410AB41
:10695000204B23221A701322A3F8B421002159706E
:106960009A700122DA7002221A71822203F8052F2E
:106970000DF1FF3202A812F8011F03F8011F904227
:10698000F9D114480023C373242303740122112175
:10699000114B984768B10F4BB3F8B42113440F4A19
:1069A000117803F8031C527803F8022C242203F810
:1069B000012C00220A4B1A70FFF7DABA0022084BAA
:1069C0001A7001220F4B1A70FFF7D6BA0EC80020BA
:1069D000A57040004CC600203D894100B8C500208C
:1069E000650B0020458140000DC80020F18040006B
:1069F000096C4000096B40006804420074044200C6
:106A00005DD74100620B00200A4B1B782BB102229C
:106A1000094B9A710723FFF7D2BA084B1B782BB1A9
:106A20000322054B9A710723FFF7C9BA0623FFF724
:106A3000C6BA00BF630B00204CC60020620B0020CA
:106A400030B400220C4B1A700C4B03F52A6014462C
:106A5000012503E003F5AA73834206D0197C0029BF
:106A6000F8D00132D2B22C46F4E70CB930BC7047F2
:106A7000014B1A70FAE700BF04C800201CD20020A6
:106A800038B5194C194B19889A782180A2702E229A
:106A9000E270194631F8040F8978A080A171E27183
:106AA000194631F8080F89782081A172E27233F813
:106AB0000C2F9B78A281A3730D4B98470D4B1B782D
:106AC000E37300240C4DE0B2A8470134082CFAD13E
:106AD0000A4B98470A4B0B4A117819765178597628
:106AE00092789A7638BD00BF34000020C0C90020DB
:106AF0003D5640001E0B002099974000416A40001F
:106B00002C00002004C8002010B403783A4A137007
:106B10004378537083789370037913714379537179
:106B200083799371037A1372437A5372837A9372DF
:106B3000037B1373437B5373034613F80E1F917348
:106B40000021D170D171D172D1732C4A00F113049C
:106B500013F8011F02F8011B9C42F9D1284B027D5A
:106B60001A70427D5A70827D9A70027E1A71427E3E
:106B70005A71827E9A71027F1A72427F5A72827FA4
:106B80009A7290F820201A7390F821205A7390F886
:106B900022209A730022DA70DA71DA72DA73194BF2
:106BA00090F82310197090F82410597090F825105F
:106BB000997090F82710197190F82810597190F871
:106BC0002910997190F82B10197290F82C105972A5
:106BD00090F82D10997290F82F10197390F83010CA
:106BE000597390F831109973DA70DA71DA72DA73D6
:106BF0005DF8044B704700BFC0C90020E0C9002009
:106C0000D0C90020E8C9002010B43B4B1A780270AC
:106C10005A7842709A7882702E22C2701979017166
:106C20005979417199798171C271197A0172597AD0
:106C30004172997A8172C2721A7B02735A7B4273D3
:106C40009A7B034603F80E2F2C4A00F1130412F826
:106C5000011B03F8011FA342F9D1294B1A780275D1
:106C60005A7842759A7882752E22C2751979017602
:106C70005979417699798176C276197A0177597A6C
:106C80004177997A8177C277197B80F82010597BF8
:106C900080F821109B7B80F822301A4B197880F8FD
:106CA0002310597880F82410997880F8251080F8FE
:106CB0002620197980F82710597980F828109979B9
:106CC00080F8291080F82A20197A80F82B10597A38
:106CD00080F82C10997A80F82D1080F82E201A7BDD
:106CE00080F82F205A7B80F830209B7B80F8313051
:106CF0005DF8044B704700BFC0C90020E0C9002008
:106D0000D0C90020E8C9002008B54FF480624FF0D8
:106D100020510D480D4B984750B901220C4B1A7069
:106D20000C4B1B78DBB2022B08D00A4B1A7005E023
:106D30000022074B1A700122074B1A70074B984725
:106D4000074B984708BD00BF00100E40FFE640000B
:106D50006A0B0020660B0020750B0020A543400045
:106D6000A58F400008B50023084A1370084A137025
:106D7000084B98470122084B1A704FF480210748AE
:106D8000074B9847074A084B1A6008BD6A0B00205A
:106D9000600B002099424000750B0020000E0E4051
:106DA000FBE64000010000A500180E4008B5554D57
:106DB000554C564E49E02378DBB2012B51D1544B50
:106DC0001B78002B4DD1534B1A684EF65F239A4225
:106DD00047DD0022504B1A70504B984741E001228A
:106DE0004F4B1A7000224F4B1A804FF480213046CF
:106DF0004D4B984743E04B4B1B889BB2B3F5FA7F52
:106E00003DD30023464A1370464A13804FF4802135
:106E10003046464B984732E04FF480624FF02051A5
:106E20004348444B9847002843D00022424B1A70F5
:106E3000394B1B78DBB2012B37D0404B1B78DBB2D0
:106E4000012B4FD001203E4B98472B78002BF9D0D7
:106E50002378002BAFD12F4A1360324A13800123CD
:106E600023702F4B1B782BB92E4B1B889BB2B3F58D
:106E7000FA7FB4D22A4B1B78DBB2012BBBD04FF484
:106E800080624FF020512A482A4B98470028C3D1EE
:106E9000294B1B78002BBFD10122274B1A700022EF
:106EA000284B1A601C4B1B78C7E702221A4B1A703A
:106EB000C3E7214B1B78DBB2012BBED1214B1A68F3
:106EC00042F20F739A42B8DD00231B4A1370124A34
:106ED00013700122194B1A704FF480213046124B67
:106EE0009847AAE74FF480624FF020511048114BA9
:106EF00098470028A6D00022104B1A70074B9847DD
:106F0000A0E700BF6A0B0020740B0020000E0E40AB
:106F1000650B0020700B0020660B0020656D4000A3
:106F2000670B0020680B0020FBE64000F7E64000FE
:106F300000100E40FFE640006B0B0020760B002097
:106F4000890041006C0B002030B4144A43001C1827
:106F500064011519002111556970A9702C46E9705A
:106F600003445D01214605F15000104423460022F0
:106F700005245A711C719A71DA711A7205338342B1
:106F8000F7D1074B2B44002281F8542081F855207B
:106F900002319942F8D130BC704700BF08CA0020C6
:106FA00014CA0020064B03F1240100221A705A7003
:106FB0009A70DA701A715A7106338B42F6D17047A3
:106FC00008CD0020064B03F1140100221A705A70FC
:106FD0009A70DA701A7105338B42F7D1704700BF8F
:106FE00058CD0020002303491A46CA540133102B00
:106FF000FBD17047F8C9002030B4002109480125B1
:10700000002230F811309BB205FA02F423EA04039F
:1070100020F811300132102AF3D101310829EFD1C3
:1070200030BC70476CCD002030B4134B134C20683B
:107030001860134908685860124A1068986012482E
:107040000068D860114B124D28681860A888988095
:10705000104B114800681860586098600F4800682D
:10706000D8600F4B206818600868586010689860F6
:10707000D86030BC704700BFC0C900208C044200FB
:10708000900442009404420098044200E0C90020A9
:107090009C044200D0C90020A4044200A80442007D
:1070A000E8C9002030B400F110050346044C1A1A58
:1070B00013F8011BA154AB42F9D130BC704700BF9B
:1070C000F8C90020013800230349CA5C00F8012FE9
:1070D0000133102BF9D17047F8C9002070B505466F
:1070E0000A4C21460A4EB047211D281DB04704F125
:1070F000080105F10800B047E37DEB75237E2B7690
:10710000637E6B76A37EAB7670BD00BF2C00002043
:10711000A1D541002DE9F0470139CDB2017805EB49
:1071200045035B01614AD1540746024600231E46CF
:10713000012402E00133082B08D012F8011F0029B6
:10714000F8D004FA03F13143CEB2F3E700F10801BD
:1071500000231A464FF0010E02E00133082B08D03D
:1071600011F8014F002CF8D00EFA03F42243D2B2EA
:10717000F3E705EB45034D4901EB43135E709A704D
:1071800000F1100100231A46012602E00133082B0A
:1071900008D011F8014F002CF8D006FA03F422436E
:1071A000D2B2F3E7414905EB450301EB4313DA7033
:1071B0009C461E462424012532E001311A46A34292
:1071C0000BD0531C9BB2825C002AF6D005FA01F268
:1071D00048EA02085FFA88F8EFE704F108091FFAA5
:1071E00089F9224600218A4603E001311A46994571
:1071F0000BD0531C9BB2825C002AF6D005FA01F238
:107200004AEA02025FFA82FAEFE78EF807808EF808
:1072100008A0133705361334A4B2B4F5AA7F0CD0F6
:107220007B7EB6467371BB7E3371A4F1080292B2C5
:10723000FB7EB37100218846C3E740F24914012662
:1072400040F2A9172CE00133082B09D0E21892B2C2
:10725000825C002AF7D006FA03F21543EDB2F2E79A
:1072600004F1080292B21034A4B200218E4603E069
:1072700001311A46A3420BD0531C9BB2825C002AF8
:10728000F6D006FA01F24EEA020E5FFA8EFEEFE742
:107290008CF854508CF855E00CF1020CBC4202D032
:1072A00000231D46D2E7BDE8F08700BF08CA0020D2
:1072B0002DE9F04F01395FFA81FC64460CEB4C0379
:1072C0005B015E4AD35C014601F8013B00230CEBF5
:1072D0004C025A4D05EB42151F4601266A78DA40EA
:1072E00012F0010F14BF0E700F7001330131082B23
:1072F000F4D100F10901002304EB44054F4A02EBED
:1073000045151F460126AA78DA4012F0010F14BF76
:107310000E700F7001330131082BF4D100F111010F
:10732000002304EB4402454C04EB42141E460125A5
:10733000E278DA4012F0010F14BF0D700E700133C5
:107340000131082BF4D10CEB4C0C3C4B03EB4C1CE7
:10735000074600F5987866464FF0250E0025012473
:1073600007E0053613370EF1130E1FFA8EFEB845EF
:1073700032D073797B763379BB76B379FB7696F826
:1073800007A0317AAEF108039BB2002203F1FF3966
:107390001FFA89F92AFA02FB1BF0010F14BF00F84B
:1073A000094000F80950013201339BB2082AEDD19F
:1073B00073464FF000095A1E92B221FA09FA1AF0E8
:1073C000010F14BF8454855409F1010901339BB2A4
:1073D000B9F1080FEFD1C4E740F2491400270126A4
:1073E00040F2A91E9CF854809CF855500023E218E6
:1073F00092B228FA03F111F0010F14BF865487549A
:107400000133082BF3D104F109039BB20022591E6A
:1074100089B225FA02F818F0010F14BF46544754F8
:10742000013201339BB2082AF1D11034A4B20CF11D
:10743000020C7445D6D1BDE8F08F00BF08CA002009
:1074400030B400220F4B5A7003460F4A24300D4DC2
:1074500003E006330632834211D0197811705C784C
:1074600054709C789470DC78D4701C7914715C79B9
:1074700054710129EDD1697801316970E9E730BCB7
:10748000704700BF04C8002008CD0020094A034609
:107490002430117819705178597091789970D17899
:1074A000D9701179197151795971063206338342B5
:1074B000EFD1704708CD002008B5744B1B78002B26
:1074C00074D0724B1B79002B6ED1704BDB78002B84
:1074D00032D16E4A5378013B6D49C95CC9B292788A
:1074E000914219D06B49C95CC9B28A4214D068492B
:1074F000C95CC9B28A4259D06649CB5CDBB29A42B8
:1075000054D0654B1B7813F0010F4FD0624A1378AB
:1075100003F0FE03137008BD5F49097811F0010FF5
:10752000E5D15E4A137843F0010313705A4A137889
:1075300043F00103137008BD012B37D1534A537830
:10754000013B5349C95CC9B2927891421DD051495F
:10755000C95CC9B28A4218D04D49C95CC9B28A42D5
:1075600024D04C49CB5CDBB29A421FD04C4B1B78E9
:1075700013F0010F1AD04A4A137803F0FE03137078
:1075800000210120474B984708BD4549097811F073
:10759000010FE1D1424A137843F001031370012136
:1075A0000846404B984708BD012B00D008BD374B1B
:1075B000DB78002B32D1354B5A78511E344A525C5D
:1075C000D2B29B789A4219D0324A525CD2B29342DC
:1075D00014D02F4A525CD2B29342E7D02D4A525C6B
:1075E000D2B29342E2D02C4B1B7813F0010FDDD0C6
:1075F000294A137803F0FE03137008BD264A127857
:1076000012F0010FE5D1254A137843F001031370FE
:10761000214A137843F00103137008BD012BC5D133
:107620001A4A5378013B1A49C95CC9B2927891420F
:107630001DD01849C95CC9B28A4218D01449C95C26
:10764000C9B28A42B2D01349CB5CDBB29A42ADD008
:10765000134B1B7813F0010FA8D0114A137803F0D5
:10766000FE031370012108460E4B98479EE70C4914
:10767000097811F0010FE1D1094A137843F00103B1
:10768000137000210120074B984708BD58CD0020FA
:107690002CCD00203CCD0020780B0020770B002063
:1076A0007A0B00201190410008B5344B1B79002B58
:1076B00030D1334B1B7813F0010F2DD0314B1B7899
:1076C00013F0010F19D02F4B1B7813F0010F23D0AB
:1076D0002D4B1B889BB2B3F5FA7F1DD3294A137833
:1076E00003F0FE031370264A137803F0FE031370B1
:1076F00000210120254B984708BD0022224B1A800B
:10770000204A137843F001031370012108461F4BF0
:10771000984708BD012B00D008BD194B1B7813F00A
:10772000010FF9D0174B1B7813F0010F19D0154B2F
:107730001B7813F0010FEFD0134B1B889BB2B3F5EE
:10774000FA7FE9D30F4A137803F0FE0313700C4A53
:10775000137803F0FE031370012108460B4B984782
:10776000DAE70021084B1980064A137843F0010339
:1077700013700120054B984708BD00BF58CD00206D
:10778000770B0020790B002050CD00201190410094
:1077900008B5744B5B79002B74D0724B5B7A002B6D
:1077A0006ED1704B1B7A002B32D16E4A9379013B1C
:1077B0006D49C95CC9B2D279914219D06B49C95C93
:1077C000C9B28A4214D06849C95CC9B28A4259D048
:1077D0006649CB5CDBB29A4254D0654B1B7813F000
:1077E000020F4FD0624A137803F0FD03137008BDF7
:1077F0005F49097811F0020FE5D15E4A137843F032
:10780000020313705A4A137843F00203137008BD41
:10781000012B37D1534A9379013B5349C95CC9B213
:10782000D27991421DD05149C95CC9B28A4218D05F
:107830004D49C95CC9B28A4224D04C49CB5CDBB209
:107840009A421FD04C4B1B7813F0020F1AD04A4AB1
:10785000137803F0FD03137000210220474B984773
:1078600008BD4549097811F0020FE1D1424A137869
:1078700043F00203137001210220404B984708BDDA
:10788000012B00D008BD374B1B7A002B32D1354B72
:107890009A79511E344A525CD2B2DB799A4219D09D
:1078A000324A525CD2B2934214D02F4A525CD2B2C6
:1078B0009342E7D02D4A525CD2B29342E2D02C4B95
:1078C0001B7813F0020FDDD0294A137803F0FD0373
:1078D000137008BD264A127812F0020FE5D1254A2E
:1078E000137843F002031370214A137843F0020324
:1078F000137008BD012BC5D11A4A9379013B1A496F
:10790000C95CC9B2D27991421DD01849C95CC9B2CB
:107910008A4218D01449C95CC9B28A42B2D013490C
:10792000CB5CDBB29A42ADD0134B1B7813F0020F45
:10793000A8D0114A137803F0FD031370012102202F
:107940000E4B98479EE70C49097811F0020FE1D1E0
:10795000094A137843F00203137000210220074BF9
:10796000984708BD58CD00202CCD00203CCD0020EC
:10797000780B0020770B00207A0B0020119041003B
:1079800008B5344B5B7A002B30D1334B1B7813F0A6
:10799000020F2DD0314B1B7813F0020F19D02F4B53
:1079A0001B7813F0020F23D02D4B5B889BB2B3F5ED
:1079B000FA7F1DD3294A137803F0FD031370264A7A
:1079C000137803F0FD03137000210220254B984724
:1079D00008BD0022224B5A80204A137843F002034C
:1079E0001370012102201F4B984708BD012B00D0C6
:1079F00008BD194B1B7813F0020FF9D0174B1B78F9
:107A000013F0020F19D0154B1B7813F0020FEFD0B3
:107A1000134B5B889BB2B3F5FA7FE9D30F4A137817
:107A200003F0FD0313700C4A137803F0FD03137089
:107A3000012102200B4B9847DAE70021084B5980BF
:107A4000064A137843F0020313700220054B98474F
:107A500008BD00BF58CD0020770B0020790B002017
:107A600050CD00201190410008B5744B9B7A002B3B
:107A700074D0724B9B7B002B6ED1704B5B7B002BC9
:107A800032D16E4AD37A013B6D49C95CC9B2127BCF
:107A9000914219D06B49C95CC9B28A4214D0684975
:107AA000C95CC9B28A4259D06649CB5CDBB29A4202
:107AB00054D0654B1B7813F0040F4FD0624A1378F3
:107AC00003F0FB03137008BD5F49097811F0040F40
:107AD000E5D15E4A137843F0040313705A4A1378D1
:107AE00043F00403137008BD012B37D1534AD37AF6
:107AF000013B5349C95CC9B2127B91421DD0514927
:107B0000C95CC9B28A4218D04D49C95CC9B28A421F
:107B100024D04C49CB5CDBB29A421FD04C4B1B7833
:107B200013F0040F1AD04A4A137803F0FB031370C2
:107B300000210320474B984708BD4549097811F0BB
:107B4000040FE1D1424A137843F00403137001217A
:107B50000320404B984708BD012B00D008BD374B90
:107B60005B7B002B32D1354BDA7A511E344A525CA2
:107B7000D2B21B7B9A4219D0324A525CD2B29342A3
:107B800014D02F4A525CD2B29342E7D02D4A525CB5
:107B9000D2B29342E2D02C4B1B7813F0040FDDD00D
:107BA000294A137803F0FB03137008BD264A1278A4
:107BB00012F0040FE5D1254A137843F00403137043
:107BC000214A137843F00403137008BD012BC5D17B
:107BD0001A4AD37A013B1A49C95CC9B2127B914255
:107BE0001DD01849C95CC9B28A4218D01449C95C71
:107BF000C9B28A42B2D01349CB5CDBB29A42ADD053
:107C0000134B1B7813F0040FA8D0114A137803F01C
:107C1000FB031370012103200E4B98479EE70C498C
:107C2000097811F0040FE1D1094A137843F00403F5
:107C3000137000210320074B984708BD58CD002042
:107C40002CCD00203CCD0020780B0020770B0020AD
:107C50007A0B00201190410008B5344B9B7B002B20
:107C600030D1334B1B7813F0040F2DD0314B1B78E0
:107C700013F0040F19D02F4B1B7813F0040F23D0EF
:107C80002D4B9B889BB2B3F5FA7F1DD3294A1378FD
:107C900003F0FB031370264A137803F0FB03137001
:107CA00000210320254B984708BD0022224B9A80D3
:107CB000204A137843F004031370012103201F4B63
:107CC000984708BD012B00D008BD194B1B7813F055
:107CD000040FF9D0174B1B7813F0040F19D0154B74
:107CE0001B7813F0040FEFD0134B9B889BB2B3F5B6
:107CF000FA7FE9D30F4A137803F0FB0313700C4AA1
:107D0000137803F0FB031370012103200B4B9847FA
:107D1000DAE70021084B9980064A137843F0040300
:107D200013700320054B984708BD00BF58CD0020B5
:107D3000770B0020790B002050CD002011904100DE
:107D400008B5744BDB7B002B74D0724BDB7C002BB3
:107D50006ED1704B9B7C002B32D16E4A137C013B61
:107D60006D49C95CC9B2527C914219D06B49C95C5A
:107D7000C9B28A4214D06849C95CC9B28A4259D092
:107D80006649CB5CDBB29A4254D0654B1B7813F04A
:107D9000080F4FD0624A137803F0F703137008BD41
:107DA0005F49097811F0080FE5D15E4A137843F076
:107DB000080313705A4A137843F00803137008BD80
:107DC000012B37D1534A137C013B5349C95CC9B2DB
:107DD000527C91421DD05149C95CC9B28A4218D027
:107DE0004D49C95CC9B28A4224D04C49CB5CDBB254
:107DF0009A421FD04C4B1B7813F0080F1AD04A4AF6
:107E0000137803F0F703137000210420474B9847C1
:107E100008BD4549097811F0080FE1D1424A1378AD
:107E200043F00803137001210420404B984708BD1C
:107E3000012B00D008BD374B9B7C002B32D1354B3A
:107E40001A7C511E344A525CD2B25B7C9A4219D0E1
:107E5000324A525CD2B2934214D02F4A525CD2B210
:107E60009342E7D02D4A525CD2B29342E2D02C4BDF
:107E70001B7813F0080FDDD0294A137803F0F703BD
:107E8000137008BD264A127812F0080FE5D1254A72
:107E9000137843F008031370214A137843F0080362
:107EA000137008BD012BC5D11A4A137C013B1A4936
:107EB000C95CC9B2527C91421DD01849C95CC9B293
:107EC0008A4218D01449C95CC9B28A42B2D0134957
:107ED000CB5CDBB29A42ADD0134B1B7813F0080F8A
:107EE000A8D0114A137803F0F7031370012104207E
:107EF0000E4B98479EE70C49097811F0080FE1D125
:107F0000094A137843F00803137000210420074B3B
:107F1000984708BD58CD00202CCD00203CCD002036
:107F2000780B0020770B00207A0B00201190410085
:107F300008B5344BDB7C002B30D1334B1B7813F06E
:107F4000080F2DD0314B1B7813F0080F19D02F4B91
:107F50001B7813F0080F23D02D4BDB889BB2B3F5B1
:107F6000FA7F1DD3294A137803F0F7031370264ACA
:107F7000137803F0F703137000210420254B984772
:107F800008BD0022224BDA80204A137843F0080310
:107F90001370012104201F4B984708BD012B00D00E
:107FA00008BD194B1B7813F0080FF9D0174B1B783D
:107FB00013F0080F19D0154B1B7813F0080FEFD0F2
:107FC000134BDB889BB2B3F5FA7FE9D30F4A1378E2
:107FD00003F0F70313700C4A137803F0F7031370E0
:107FE000012104200B4B9847DAE70021084BD98088
:107FF000064A137843F0080313700420054B984792
:1080000008BD00BF58CD0020770B0020790B002061
:1080100050CD00201190410008B5164B1B78002B65
:1080200027D0154B1B79012B07BF012108460021E2
:108030000120124B9847104B5B7A012B0CBF01219A
:10804000002102200D4B98470B4B9B7B012B0CBF53
:10805000012100210320094B9847074BDB7C012BB2
:108060000CBF012100210420044B98470022014B42
:108070001A7008BD640B002058CD002011904100FB
:1080800030B400220E4B9A7003460E4A14300C4D49
:1080900003E00533053283420FD0197811705C7804
:1080A00054709C789470DC78D4701C791471012918
:1080B000EFD1A9780131A970EBE730BC704700BF60
:1080C00004C8002058CD0020084A03461430117817
:1080D00019705178597091789970D178D970117957
:1080E0001971053205338342F1D1704758CD002014
:1080F000F0B40021124C01261CE034F8112092B299
:1081000006FA03F722EA070224F811200133102BA4
:108110000DD0EA18D2B2825C002AEED034F8117089
:1081200006FA03F23A4392B224F81120EEE7013145
:10813000082903D00D01EDB20023EAE7F0BC704737
:108140006CCD0020F0B500240C4EA6460127250179
:10815000EDB20022AB18D9B236F814309BB2D3403E
:1081600013F0010F14BF475400F801E00132102A48
:10817000F0D10134082CEAD1F0BD00BF6CCD002055
:108180002DE9F04784B000250095019502950395EF
:108190002C46264EDFF8B490DFF8B48007E0244B7D
:1081A0001A5D6FF382021A550134082C2ED0E0B20A
:1081B0003378E34013F0010FF6D0C84798F8003049
:1081C000002BF1D01B4B98471B4B93F831A0BAF111
:1081D000000FE9D05246591C0DEB0500174B98478C
:1081E0005544EDB2124A135D43F001031355144B8D
:1081F0001B78002BD3D0134A137843F00403137079
:108200000B4A135D43F004031355CDE72DB9281C29
:1082100018BF012004B0BDE8F0870B4C2A46694620
:108220002046064B984784F83050F0E71B0B00209F
:108230007CCD002035594000E4D1002091D341008D
:10824000B4C5002084CD0020E5D100201D9C400055
:10825000E4CD002008B52C4B1B7803B32B4B1B78C7
:1082600013F0010F4BD12A4B9B7813F0200F04D150
:10827000284B1B7813F0200F02D0234B1B7808BD2E
:10828000254B9847E8B1214A137843F00303137054
:10829000224B9847224B9847224B984708BD1A4BD0
:1082A0001B7873B9194B1B7813F0010F09D0184BC9
:1082B0009B7813F0200F04D1164B1B7813F0200F7E
:1082C00000D008BD144B98470028FAD00F4A137805
:1082D00003F0FE0343F0020313700D4A537943F099
:1082E000020353710D4B98470D4B984700200E4BDE
:1082F00098470E4A537843F08003537008BD024BF1
:108300001B78002BD3D0DCE7B4C5002084CD00203F
:10831000DCD10020A4CD002081814000798740007D
:10832000E95A400049574000B59C40000C0000202D
:10833000044B1B7823B1044B1A786FF300021A70B8
:10834000704700BFB4C5002084CD00202DE9F04364
:1083500085B0002600960196029603963446DFF813
:10836000A080214FDFF89C9007E0204B1A5D6FF34F
:1083700082021A550134082C26D0E0B2C0473B785F
:10838000002BF7D0C8471A4B93F83150002DF1D08D
:108390002A46591C0DEB0600164B98473544EEB2A1
:1083A000124A135D43F001031355134B1B7813F06E
:1083B000080FDAD0104A43F0040313700B4A135D20
:1083C00043F004031355D5E72EB9301C18BF012024
:1083D00005B0BDE8F083094C324669462046054B9E
:1083E000984784F83060F0E7E4CD00207CCD002091
:1083F000E4D1002091D3410084CD0020E5D10020BC
:108400001D9C4000355940002DE9F04385B0002601
:1084100000960196029603963446DFF8A080214F1D
:10842000DFF89C9007E0204B1A5D6FF3C3021A55EA
:108430000134082C26D0E0B2C0473B78002BF7D09F
:10844000C8471A4B93F83150002DF1D02A46591CD9
:108450000DEB0600164B98473544EEB2124A135DF9
:1084600043F002031355134B1B7813F0080FDAD0B7
:10847000104A43F0040313700B4A135D43F00803E2
:108480001355D5E72EB9301C18BF012005B0BDE843
:10849000F083094C324669462046054B984784F8DC
:1084A0003060F0E7E4CD00207CCD0020E4D1002056
:1084B00091D3410084CD0020E5D100201D9C4000D7
:1084C000915940002DE9F04385B0002600960196B1
:1084D000029603963446DFF86880154FDFF8649003
:1084E00002E00134082C13D0E0B2C0473B78002BE7
:1084F000F7D0C8470F4B93F83150002DF1D02A46E2
:10850000591C0DEB06000C4B98473544EEB2E8E7DA
:108510002EB9301C18BF012005B0BDE8F083074C10
:10852000324669462046044B984784F83060F0E7AD
:10853000E4CD0020E4D1002091D34100E5D100201A
:108540001D9C4000695A40000A2800D07047B1F5D0
:10855000806FFBD108B54FF480624FF0205108487E
:10856000084B984728B1084B1A786FF300021A702D
:1085700008BD054A137843F00103137008BD00BF1E
:1085800000100E40FFE6400098CD002070B582B08C
:108590004FF480640F4B1C600A200F4B98470F4D1F
:1085A0000122214628460E4B98470E4B009340234C
:1085B00022460A2128460C4EB047214628460B4B3E
:1085C00098470A2221462846094B9847094B1C60C8
:1085D00002B070BD14030E4061EA400000100E406E
:1085E000A9E7400049854000A5E8400031E8400087
:1085F000DDE6400000E100E030B58FB0344B1B7881
:1086000003F00303012B14D0022B42D0304B1B7814
:1086100013F0080F05D013F0100F44D113F0200F02
:1086200047D12B4B1B7803F04103402B47D00FB0B1
:1086300030BD274A137843F00203137013F0080F7C
:1086400007D1234B1A7842F004021A7000225A8094
:10865000DCE71446DBB26FF3C30313701D4B98477E
:1086600032252A46002101A81B4B984701A81B4B25
:1086700098472A4601A94FF47260194B984723780E
:1086800043F0400323704FF480211648164B98475F
:10869000BCE70F4A137803F0FD036FF382031370F6
:1086A00000235380B2E74FF480210E480E4B9847C9
:1086B000B7E74FF480210B480C4B9847B1E7044BC8
:1086C0001A786FF386121A70094A0A4B1A60AEE7DD
:1086D00098CD002029704000C5D44100096C4000AD
:1086E0007D404000000E0E40FBE64000F7E64000F3
:1086F000010000A500180E4010B5194B9847194A03
:10870000135C43F001031354174B1B78012B21D04A
:10871000144B1A5C6FF341021A540022134B5A7027
:108720004FF4AA73124A03FB00231C7C8CB1531E26
:108730004FF4AA7202FB00300E4B611E53FA81F116
:10874000013110F8012F03F8012B8B42F9D1074BAF
:108750005C7010BD135C43F002031354DDE700BFEF
:10876000099740009CCD00207B0B0020A4CD002069
:108770001CD20020A7CD0020F8B5154B1548016884
:10878000426819605A60144B144A146851681C609E
:108790005960134B134C26686568A168E7681E6032
:1087A0005D609960DF6026696569A1691E615D6130
:1087B0009961A18B99830021016041601160516032
:1087C0001E222046084B984764236383F8BD00BFF0
:1087D000BCDC0020DCD10020C4DC00205CD1002007
:1087E000CCC500200C000020C5D441002DE9F04785
:1087F00084B0002500950195029503952C461F4FE6
:10880000DFF8908008F1010906E0135D43F00203F0
:1088100013550134082C20D0E0B23B78E34013F02C
:10882000010FF6D0164B984798F800A052464946DB
:108830000DEB0500134B98475544EDB2124A135DFA
:1088400043F001031355114B1B78012BDDD00E4B68
:108850001A5D6FF341021A55DBE72DB9281C18BFCA
:10886000012004B0BDE8F087094C2A46694620463D
:10887000044B984704F8025CF0E700BF1A0B002095
:108880001D9C400091D341009CCD00207B0B00201B
:10889000A7CD0020E4CD0020F8B5554B1B7823B1BF
:1088A000544B9B7813F0200F0BD0534B1B78B3B96C
:1088B000524B1C78012C2ED0514B1B78012B67D0CA
:1088C000F8BD00224A4B1A7001224E4B1A704E4BD3
:1088D00098470028F4D04D4B9847032410E000231C
:1088E000454A1370474A1370474B98470028E7D012
:1088F000404A537943F002035371444B9847042490
:10890000434A137843F020031370424A137843F02C
:10891000040313701CE000221A703F4B93F8A6006A
:108920003B4DA8703D4B984728440125C574374BF3
:108930009847344B1D70364B1A7842F020021A705B
:1089400034490A7842F004020A709878344B984708
:1089500004F0FD03012B32D0022C01D0042C33D1C2
:108960002B4C237843F0120323702E4B98476378E7
:1089700053B30024264D294F26462B19D878B847E3
:108980002844C6740134E4B26B78A342F5D81BE0E6
:1089900000251B4B1D70204B93F8A6001C4CA070AB
:1089A0001E4B98472044C574124A537943F0020382
:1089B0005371164B9847134B1D700224BBE7144AA2
:1089C000137843F001031370174B1A786FF300020A
:1089D0001A700F490A7842F004020A7005498A7831
:1089E00042F020028A7000229A7364225A83F8BDF2
:1089F000150B0020DCD10020160B002039C500200B
:108A00003AC500207B0B0020ED87400079874000AD
:108A1000A4CD002084CD002094000020F944400023
:108A2000F9864000E95A40000C0000204FF4AA7378
:108A30001B4A03FB00231B7C8BB370B500244FF44F
:108A4000AA7303FB0025174E285DB047164B03EBB6
:108A5000C0035A7802F0EF026FF345125A70DA78C9
:108A60006FF3C712DA705A786FF3C7125A70362153
:108A70000E4A01FB0020002181869A7802F0FE0256
:108A800061F341029A70DA7802F0BD0261F3C30229
:108A9000DA700134E4B22B7CA342D5D870BD7047A4
:108AA0001CD20020F94440005CD10020F8CD002009
:108AB0002DE9F843674B684A1168526819605A609B
:108AC000664B674A1168526819605A60654B664A7E
:108AD000146850689168D5681C6058609960DD60C2
:108AE0001469506991691C6158619961928B9A83EC
:108AF0005E4E00245E4D5F4FDFF8808194E02A5D7A
:108B000012F0010F63D13A5D12F0010F05D12A5D19
:108B100012F0020F00F0968006E0EA5C6FF3C302E9
:108B2000EA5412F0010F56D1EA5C02F0FE026FF334
:108B30004102EA54FA5C6FF30002FA54454991F895
:108B400002E0484A00239375D3750EF0F70E63F3E5
:108B5000041E81F802E091F800C09371D371137282
:108B6000537291F801909372D37292F800E063F31C
:108B7000C71E82F800E01374537492F801E09374F6
:108B8000D37409F0F90963F3861981F801900CF0A8
:108B9000800C63F3C71C81F800C0137553750EF089
:108BA000C00163F386115170C04738E0324B1B7827
:108BB00013F0040F4BD0304B1A786FF382021A7007
:108BC000244A137943F004031371BDE8F8833A5D36
:108BD00012F0010FA1D1EA5C6FF3C302EA54A3E7DC
:108BE0003A5D12F0010F08D1EA5C6FF3C302EA5458
:108BF0000AE03A5D12F0010F06D0EA5C6FF3C3029F
:108C0000EA5412F0010FEFD1EA5C02F0FE026FF3BA
:108C10004102EA54FA5C6FF30002FA54C04701348F
:108C200006F5AA76082CC1D0E0B22346B27C012A10
:108C30003FF465AF2A5D12F0010FD1D12A5D12F029
:108C4000020FD6D1FA5C12F0010FE8D0D5E7BDE8EB
:108C5000F88300BFDCD10020BCDC00205CD1002008
:108C6000C4DC00200C000020CCC500201CD2002059
:108C70007CCD00209CCD002084CD00202D8A40009A
:108C80002DE9F04383B09A4E4FF47A640025994F52
:108C9000A946DFF87C8207E03378ABB101350136B5
:108CA0000134A4B2082D17D07B5D13F0020FF3D16D
:108CB0003378012BF2D186F8009002A901F8019DCA
:108CC00001222046C047E9E70122327002A901F8DB
:108CD000012D2046C047E1E7874D884E05F110077A
:108CE00040F6A8744FF00009DFF8248206E03378DC
:108CF000BBB101360134A4B2BD421BD015F8013B13
:108D0000012BF4D0002BF4D13378012BF1D186F86C
:108D100000908DF8079001220DF107012046C04711
:108D2000E7E7012232708DF807200DF10701204698
:108D3000C047DEE7724C734E04F1100740F6B87579
:108D40004FF00109DFF8C88105E001340436013530
:108D5000ADB2BC4209D0737822789A42F5D0237024
:108D60004A4621462846C047EFE7674B1B7813F079
:108D7000010F0DD0654B1B7873B90122634B1A703C
:108D800002A901F8012D40F6C870614B984703E035
:108D90005E4B1B78012B12D05B4B1B7813F0020F3C
:108DA00019D05C4B1B78D3B901225A4B1A7002A917
:108DB00001F8012D40F6C970554B98470FE000238C
:108DC000524A137002A901F8013D012240F6C87011
:108DD0004F4B9847E0E74F4B1B78012B12D04A4B83
:108DE0001B7813F0040F19D04B4B1B78D3B9012219
:108DF000494B1A7002A901F8012D40F6CA70444B84
:108E000098470FE00023434A137002A901F8013D7F
:108E1000012240F6C9703E4B9847E0E73E4B1B7875
:108E2000012B12D0384B1B7813F0080F19D03B4B95
:108E30001B78D3B90122394B1A7002A901F8012D10
:108E400040F6CB70324B98470FE00023324A137044
:108E500002A901F8013D012240F6CA702C4B984747
:108E6000E0E72E4B1B78012B12D0274B1B7813F019
:108E7000100F19D02A4B1B78D3B90122284B1A7036
:108E800002A901F8012D40F6CC70214B98470FE064
:108E90000023224A137002A901F8013D012240F685
:108EA000CB701B4B9847E0E71D4B1B78012B13D071
:108EB000154B1B7813F0200F36D01A4B1B78002B64
:108EC00036D10122174B1A7002A901F8012D40F684
:108ED000CD700F4B98472BE00023114A137002A965
:108EE00001F8013D012240F6CC70094B9847DFE7BD
:108EF000C9CD00209CCD002085CD0020D1CD002003
:108F0000A00B0020ECC5002058D10020910B0020C0
:108F1000FD8E4100920B0020930B0020940B00204B
:108F2000950B0020960B00201A4B1B78012B12D0BA
:108F3000194B1B7813F0010F19D0184B1B78D3B9BC
:108F40000122164B1A7002A901F8012D40F6CE70CD
:108F5000134B98470FE000230E4A137002A901F843
:108F6000013D012240F6CD700D4B9847E0E70B4BD9
:108F70001B78012B02D003B0BDE8F0830023074A21
:108F8000137002A901F8013D012240F6CE70044B96
:108F90009847F0E7960B002084CD0020B00B00200E
:108FA000FD8E410030B58BB000240894099408224E
:108FB00008A94FF47A601E4DA847049405940694BE
:108FC000079410220DEB020140F6A870A8470DF19E
:108FD0000F03184A0DF11F0013F8011F02F8011BBF
:108FE0008342F9D10023009301930293039310224B
:108FF000694640F6B8700E4B98470DF1FF320E4BA4
:109000000E480DF10F0412F8011F597000F8011FEE
:1090100004339442F7D10622094940F6C870044C43
:10902000A0470122074940F6CE70A0470BB030BDE3
:10903000958F410085CD0020ECC500209F0B0020BE
:10904000980B00207C0B0020074B5B7813F0010F7E
:1090500000D17047054B1B78012BFAD1044A1378D5
:1090600043F001031370F4E7902201207C0B0020F1
:1090700084CD0020454B1B78012B14D0434B9B79AA
:10908000012B23D0414B1B7B012B32D03F4B9B7CD0
:10909000012B41D03D4B1B7E012B50D03B4B9B7F86
:1090A000012B5FD07047394B9B78012BE6D1384BB1
:1090B0001B78DBB2022BE1D1364B1B78012BDDD1C3
:1090C000354A137843F001031370D7E72F4B1B7A0F
:1090D000012BD7D1314B1B78DBB2022BD2D12D4BD8
:1090E0005B78012BCED12C4A137843F00203137026
:1090F000C8E7264B9B7B012BC8D1294B1B78DBB2E1
:10910000022BC3D1234B9B78012BBFD1224A13786A
:1091100043F004031370B9E71C4B1B7D012BB9D13D
:10912000204B1B78DBB2022BB4D11A4BDB78012B1E
:10913000B0D1194A137843F008031370AAE7134B10
:109140009B7E012BAAD1184B1B78DBB2022BA5D139
:10915000104B1B79012BA1D10F4A137843F0100358
:1091600013709BE7094B93F82030012B9AD10F4BDA
:109170001B78DBB2022B95D1064B5B79012B91D189
:10918000054A137843F0200313708BE708CD0020C5
:10919000090B0020980B002058D100200B0B002059
:1091A0000D0B00200F0B0020110B0020130B0020D3
:1091B000454B1B78012B14D0434B9B79012B23D0BB
:1091C000414B1B7B012B32D03F4B9B7C012B41D071
:1091D0003D4B1B7E012B50D03B4B9B7F012B5FD027
:1091E0007047394B9B78012BE6D0384B5B7813F0F6
:1091F000040FE1D0364B1B78012BDDD1354A1378B3
:1092000043F001031370D7E72F4B1B7A012BD7D004
:109210002E4B5B7813F0080FD2D02D4B5B78012BCF
:10922000CED12C4A137843F002031370C8E7264BC3
:109230009B7B012BC8D0254B5B7813F0100FC3D05C
:10924000234B9B78012BBFD1224A137843F00403B0
:109250001370B9E71C4B1B7D012BB9D01B4B5B78FE
:1092600013F0200FB4D01A4BDB78012BB0D1194A80
:10927000137843F008031370AAE7134B9B7E012B6E
:10928000AAD0124B5B7813F0400FA5D0104B1B797E
:10929000012BA1D10F4A137843F0100313709BE701
:1092A000094B93F82030012B9AD0084B5B78DB09EF
:1092B00096D0074B5B79012B92D1064A137843F085
:1092C000200313708CE700BF08CD002090220120FE
:1092D000980B002058D100202DE9F04F89B00024D0
:1092E00004940594069407947C4B18787C4B9D78E5
:1092F00005F020057B4A167806F020067A4A92F897
:1093000000E00EF0020E93F803C00CF0010C774B56
:1093100093F800A076492346A04602904FF0010939
:10932000019400940AE0009C022C18BF04460094AB
:10933000013301320431102B00F096800128F7D15F
:10934000002DF5D1002EF3D1BEF1000FF0D1BCF10C
:10935000000FEDD1039391F801B0BBF1060FE2D0FD
:10936000BBF1050F18D0BBF1010F1BD0614C13F8F6
:1093700004B0BBF1000FDBD0019F07F1010808AC7E
:10938000274407F810BCDDF808A05FFA88F40194C0
:10939000C84602240094CBE7009C022C18BF044668
:1093A0000094C5E792F801B0BBF1010FDED1504C3B
:1093B000039F14F827B01BF0040F0FD04C4C039FF1
:1093C00014F827B01BF0040FD0D0019C009FB8F117
:1093D000000F4ED0454B83F800A04AE0019C009F4F
:1093E0000122454B039D5A550022404B1A703E4BBB
:1093F0002B445A703A4A537943F0020353713F4B5E
:1094000098473C4B585D3E4B984705463D4B984727
:109410003D4B1B78002B2CD03C4B98473C4B93F892
:109420003130F3B13B4A535D43F0010303F0FB03DA
:109430006FF3C30353552C4B1A7842F010021A7085
:10944000039E334400225A702A4DA85D324B984740
:10945000A85D324B9847324A537843F080035370EB
:1094600007E0304B984704E0019C009FB8F1000FE3
:1094700009D11CB11D4B1B78012B08D0012F26D020
:1094800009B0BDE8F08F194B83F800A0F1E7144B49
:109490009B7813F0200FF1D10025144B1D700F4B5A
:1094A0001D700122204B1A70204E224604A930461E
:1094B0001F4B984786F83040194B1A7865F3000225
:1094C0001A70074A937843F038039370D8E7194B22
:1094D0009847194B9847194B9847D1E74700002008
:1094E000DCD10020A4CD002084CD00207D0B002005
:1094F000ECC50020BCC50020800B0020798740000F
:10950000099740001D9C4000E4CD00200D5A40000A
:10951000E4D100207CCD0020C55A4000B59C40001D
:109520000C000020B18A4000900B0020E5D1002003
:1095300091D341004990400075904000B1914000A6
:109540002DE9F0413F4F404E404D4CE0404B984795
:10955000404B9847404B9847404B9847404B984763
:10956000404B9847404B9847404B9847404B984753
:10957000404B9847404B9847404B9847404B984743
:10958000404B9847404B9847404B9847404B984733
:10959000404B9847404B9847404B9847404B984723
:1095A000404B9847404B9847404B9847404B984713
:1095B000404B9847404B9847404B9847404B984703
:1095C000404B9847404B9847404B9847404B9847F3
:1095D000404B9847404B9847404B9847404B9847E3
:1095E0000120404B98473846B0472B78002BF7D1E5
:1095F0003D4B1B78012BAFD100243B4B1C706422E8
:109600003A4B5A833A4B98473A4B83F831403A4B9E
:109610001C7874B1394B3A4A601E591C51FA80F0DB
:1096200013F8011F02F8011B8342F9D1314B83F873
:1096300031400024DFF8CC80E0B2C0470134082C70
:10964000FAD183E750180E40A9EF40006A0B0020C2
:1096500041024000E902400085A44000F5A8400016
:10966000D5AE4000A1B7400061B040000DB640004B
:109670009988400011024000558240008502400058
:10968000415D40002D0340006D0D4000B1174000CA
:10969000F5214000392C40007D3640004DBA400095
:1096A00005A54000B974400091774000697A4000F8
:1096B000417D4000A976400081794000597C4000FE
:1096C000317F4000198040009D55400089A5400031
:1096D000F985400081DA4000818C4000D992400039
:1096E0009956400089004100750B00200C000020B5
:1096F0003D564000E4D100201E0B00202BC6002068
:10970000E5D1002099974000F0B5104D0024264681
:109710002F465FFA86FE297C79B1E35D83420AD049
:10972000013954FA81F139442B468B4205D013F8A4
:10973000012F8242F9D17046F0BD013605F5AA75B8
:1097400004F5AA74082EE4D1F5E700BF1CD200206E
:1097500010B44FF4AA730F4A03FB00231C7CA4B17E
:109760004FF4AA7303FB00F3D35C8B4210D0094B78
:109770004FF4AA7202FB003300200130C0B2A042B5
:1097800003D013F8012F8A42F7D15DF8044B7047DC
:109790000020FAE71CD200202DE9F04F83B00190A1
:1097A000420013185B0133495F18503303EB010A81
:1097B00000974FF0000CDFF8C0904FF4AA7808FB38
:1097C00000F809EB080B30E0227AA3F1080E42FA08
:1097D0000EF212F0010F06D04A1C294490F806E060
:1097E00081F814E0D1B201330530102B0FD0DAB27A
:1097F000072AE9D8E2791A4112F0010FF3D04A1C86
:10980000294490F806E081F814E0D1B2EBE706EBCA
:10981000860308EB83034B4483F824100CF1010CFE
:109820005FFA8CFC0537574519D03C46BB79002BB5
:10983000F8D066460BF80C3079790CEB8C0308EB0A
:1098400083034B443A7902EB0122DA840098002327
:1098500019460CEB8C0508EB85054D44C7E74FF422
:10986000AA72054B019902FB013383F810C003B0C3
:10987000BDE8F08F08CA00201CD20020F8B50646CB
:10988000234B984705463146224B98470446002211
:10989000214B83F8312000EB80024FF4AA7303FBC5
:1098A00005F303EB82031D4A134493F82470B7B108
:1098B00000EB800293004FF4AA7202FB0532184BB2
:1098C0001A44184B781E53FA80F0013012F8011F29
:1098D00003F8011B8342F9D10F4B83F831703046F6
:1098E000114B98473623114A03FB002004EB8404F4
:1098F0004FF4AA7303FB05F505EB8404074D2C44D4
:10990000E38CC3EB431203EB8203DB004386F8BD19
:109910000997400051974000E4D100201CD200205C
:109920002FD20020E5D10020F9444000F8CD0020DE
:10993000114B03EBC0035B78DB0900D17047362283
:109940000E4B02FB0032938E01339BB29386528EF4
:109950009A42F3D83623094A03FB002300229A8651
:10996000054B03EBC000437862F3C7134370837861
:1099700043F002038370E1E75CD10020F8CD0020C2
:1099800010B50020104CA0470120A0470220A0479E
:109990000320A0470420A0470520A0470620A04799
:1099A0000720A0470820A0470920A0470A20A04779
:1099B0000B20A0470C20A0470D20A0470E20A04759
:1099C0000F20A04710BD00BF319940002DE9F041A4
:1099D000134B93F83160EEB1002426461D46DFF8A4
:1099E0004880104F0BE0731C2A1952782E44727075
:1099F000DEB20134E4B295F83130A3420AD92B1912
:109A00005878C04707EB8000437803F0FD03012B33
:109A1000EFD1E8E7024B83F83160BDE8F08100BF89
:109A2000E4D10020ECC50020F94440002DE9F04FBE
:109A300085B06C4B00221A605A609A60DA6002901E
:109A400000BB6948A0F12104027CA0F12001674B12
:109A5000984794F831300393002B77D0DFF8888152
:109A6000039B013B58FA83F30133009300230193D6
:109A70001F465F4E06F110095E4DDFF87CB1DFF83E
:109A80007CA14CE05C4B98475C4B98475648A0F152
:109A90002104027CA0F12001544B984794F8313006
:109AA0000393002BDAD142E00134A14500F082801B
:109AB000A31B05EBC302927812F0010F10D105EB46
:109AC000C302527812F0200F0AD105EBC30252787C
:109AD00012F0100F04D105EBC303DB78DB09E3D0F0
:109AE0002078D847D047464B93F831100029DBD077
:109AF00098F800005B78834209D0424B013953FA51
:109B000081F18B42D0D013F8012B8242F9D1012F81
:109B100018BF022708F10108009B984501D0344680
:109B2000C6E7022F15D0012F2AD0029B73B1364A07
:109B3000137943F020031371314B93F83120511CFA
:109B400083F8311013449DF808205A7005B0BDE821
:109B5000F08F029951B12C4A137943F0200313710D
:109B6000274B5970012283F83120EFE7274C039AE5
:109B700000212046264B9847002384F83030E5E743
:109B8000224C019D2A4604F110012046174B9847AC
:109B900084F8305002990029D8D01B4A137943F039
:109BA00020031371631E2A46013283F831202B44AF
:109BB0005970CBE798F80000164B9847164B03EB0B
:109BC00080035B7803F0FD03012BA3D10198421CB5
:109BD00098F800100A4B03445974D3B2019301273B
:109BE00098E700BFF5D1002005D2002091D34100B5
:109BF000BCC500205CD100207D984000CD9940007C
:109C0000E4D10020E6D10020DCD10020E5D1002005
:109C1000C5D44100F9444000ECC5002010B4002236
:109C20000E4B1A704FF4AA730D4A03FB00231C7CE1
:109C30008CB1531E4FF4AA7202FB0030094B611E17
:109C400053FA81F1013110F8012F03F8012B8B42F7
:109C5000F9D1024B1C705DF8044B7047E4CD002035
:109C60001CD20020E5CD002008B50E4A13786FF312
:109C7000000313700C4B597841F006015970002114
:109C800091729A7842F020029A7000B908BD074B91
:109C900098474FF4AA73064A03FB002001238374FC
:109CA000F4E700BF0C000020DCD100200997400041
:109CB0001CD2002010B50D4A13786FF30003137007
:109CC0000B498B780024947543F038038B7000B9EE
:109CD00010BD084B1878084B98474FF4AA73074AF1
:109CE00003FB002001238374F2E700BF0C00002077
:109CF000DCD10020E4D10020099740001CD20020D4
:109D00000D4B9B7813F0200F10D10C4B1B7813F0E8
:109D1000200F0DD10A4B1B7813F0020F0AD1064B0E
:109D2000D87880F0010000F00100704700207047F3
:109D30000020704700207047DCD10020A4CD002017
:109D400084CD002008B5074B1B7813F0010F06D116
:109D5000054B9847012814BF0020012008BD0020B2
:109D600008BD00BF58D10020019D400008B5074B39
:109D70001B7813F0010F06D0054B9847012814BF3C
:109D80000020012008BD002008BD00BF58D10020E0
:109D9000019D400008B5074B1B7813F0020F06D158
:109DA000054B9847012814BF0020012008BD002062
:109DB00008BD00BF58D10020019D400008B5074BE9
:109DC0001B7813F0020F06D0054B9847012814BFEB
:109DD0000020012008BD002008BD00BF58D1002090
:109DE000019D400008B5074B1B7813F0040F06D106
:109DF000054B9847012814BF0020012008BD002012
:109E000008BD00BF58D10020019D400008B5074B98
:109E10001B7813F0040F06D0054B9847012814BF98
:109E20000020012008BD002008BD00BF58D100203F
:109E3000019D400008B5074B1B7813F0080F06D1B1
:109E4000054B9847012814BF0020012008BD0020C1
:109E500008BD00BF58D10020019D400008B5074B48
:109E60001B7813F0080F06D0054B9847012814BF44
:109E70000020012008BD002008BD00BF58D10020EF
:109E8000019D400008B5074B1B7813F0100F06D159
:109E9000054B9847012814BF0020012008BD002071
:109EA00008BD00BF58D10020019D400008B5074BF8
:109EB0001B7813F0100F06D0054B9847012814BFEC
:109EC0000020012008BD002008BD00BF58D100209F
:109ED000019D400008B5074B1B7813F0200F06D1F9
:109EE000054B9847012814BF0020012008BD002021
:109EF00008BD00BF58D10020019D400008B5074BA8
:109F00001B7813F0200F06D0054B9847012814BF8B
:109F10000020012008BD002008BD00BF58D100204E
:109F2000019D4000394B1B78012B14D0374B9B7996
:109F3000012B1FD0354B1B7B012B2AD0334B9B7C35
:109F4000012B35D0314B1B7E012B40D02F4B9B7FFB
:109F5000012B4BD070472D4B9B78012BE6D12C4B1E
:109F60001B78DBB2012BE1D12A4B1A786FF3000288
:109F70001A70DBE7254B1B7A012BDBD1264B1B78B4
:109F8000DBB2012BD6D1234B1A786FF341021A7042
:109F9000D0E71E4B9B7B012BD0D1204B1B78DBB233
:109FA000012BCBD11B4B1A786FF382021A70C5E7D5
:109FB000164B1B7D012BC5D1194B1B78DBB2012B36
:109FC000C0D1144B1A786FF3C3021A70BAE70F4B63
:109FD0009B7E012BBAD1134B1B78DBB2012BB5D181
:109FE0000C4B1A786FF304121A70AFE7074B93F813
:109FF0002030012BAED10C4B1B78DBB2012BA9D149
:10A00000044B1A786FF345121A70A3E708CD0020AD
:10A01000090B002058D100200B0B00200D0B002055
:10A020000F0B0020110B0020130B00207D4B1B7821
:10A03000012B17D07B4B9B79012B4AD0794B1B7B93
:10A04000012B7DD0774B9B7C012B00F0B280754BB0
:10A050001B7E012B00F0F280724B9B7F012B00F0E6
:10A06000268170476F4B9B78012BE3D06E4B1B789A
:10A07000DBB2032B27D06C4B1B78DBB2042B22D036
:10A08000694B1B78DBB2052B1DD0674B1B78DBB20D
:10A09000062B18D0644B1B78DBB2072B13D0624B16
:10A0A0001B78DBB2082B0ED05F4B1B78DBB2092B81
:10A0B00009D05D4B1B78DBB20A2B04D05A4B1B78BE
:10A0C000DBB20B2BB6D1594B1A786FF300021A7022
:10A0D000B0E7544B1B7A012BB0D0554B1B78DBB249
:10A0E000032B27D0524B1B78DBB2042B22D0504BD2
:10A0F0001B78DBB2052B1DD04D4B1B78DBB2062B3A
:10A1000018D04B4B1B78DBB2072B13D0484B1B7876
:10A11000DBB2082B0ED0464B1B78DBB2092B09D0E3
:10A12000434B1B78DBB20A2B04D0414B1B78DBB2CC
:10A130000B2B83D13D4B1A786FF341021A707DE7E8
:10A14000384B9B7B012B3FF47DAF3A4B1B78DBB246
:10A15000032B28D0374B1B78DBB2042B23D0354B95
:10A160001B78DBB2052B1ED0324B1B78DBB2062BE3
:10A1700019D0304B1B78DBB2072B14D02D4B1B783A
:10A18000DBB2082B0FD02B4B1B78DBB2092B0AD08C
:10A19000284B1B78DBB20A2B05D0264B1B78DBB291
:10A1A0000B2B7FF44FAF214B1A786FF382021A709A
:10A1B00048E71C4B1B7D012B3FF449AF1E4B1B781E
:10A1C000DBB2032B28D01C4B1B78DBB2042B23D033
:10A1D000194B1B78DBB2052B1ED0174B1B78DBB25B
:10A1E000062B19D0144B1B78DBB2072B14D0124B63
:10A1F0001B78DBB2082B0FD00F4B1B78DBB2092B7F
:10A200000AD00D4B1B78DBB20A2B05D00A4B1B780A
:10A21000DBB20B2B7FF41BAF044B1A786FF3C30236
:10A220001A7014E708CD0020090B002058D1002037
:10A230000B0B00200D0B00200F0B0020394B9B7ED9
:10A24000012B3FF409AF384B1B78DBB2032B28D02E
:10A25000354B1B78DBB2042B23D0334B1B78DBB29E
:10A26000052B1ED0304B1B78DBB2062B19D02E4BA2
:10A270001B78DBB2072B14D02B4B1B78DBB2082BDF
:10A280000FD0294B1B78DBB2092B0AD0264B1B7849
:10A29000DBB20A2B05D0244B1B78DBB20B2B7FF4EF
:10A2A000DBAE224B1A786FF304121A70D4E61D4B02
:10A2B00093F82030012B3FF4D4AE1D4B1B78DBB25A
:10A2C000032B28D01A4B1B78DBB2042B23D0184B5E
:10A2D0001B78DBB2052B1ED0154B1B78DBB2062B8F
:10A2E00019D0134B1B78DBB2072B14D0104B1B7803
:10A2F000DBB2082B0FD00E4B1B78DBB2092B0AD038
:10A300000B4B1B78DBB20A2B05D0094B1B78DBB259
:10A310000B2B7FF4A6AE054B1A786FF345121A701B
:10A320009FE600BF08CD0020110B002058D100206F
:10A33000130B00200023054800EBC302D1786FF314
:10A34000C301D1700133102BF6D170475CD10020CE
:10A35000F8B5394B1B78002B2CD00024364D374FE5
:10A36000374E2B195878B84706EB80004378062BF8
:10A370000AD10134E4B22B78A342F2D80220F8BD0E
:10A38000002355E00120F8BD2B4B1B783BB3002484
:10A39000294D2A4F2A4E2B195878B84706EB8000D2
:10A3A0004378052B06D10134E4B22B78A342F2D8CE
:10A3B0000320F8BD204B1B782BB300241E4D1F4FEC
:10A3C0001F4E2B195878B84706EB800040780428B8
:10A3D00005D10134E4B22B78A342F2D8F8BD164B74
:10A3E0001B782BB30024144D144F154E2B1958789D
:10A3F000B84706EB80004378032BC3D00134E4B2A6
:10A400002B78A342F2D80C4B1B788BB100240A4D59
:10A410000A4F0B4E2B195878B84706EB800043784B
:10A42000012BADD10134E4B22B78A342F2D8012341
:10A43000013BD8B2F8BD00BFE4CD0020F944400094
:10A44000ECC500202DE9F0410A4D00240A4F0B4EC7
:10A45000DFF82C8004E0013405F5AA75082C07D03C
:10A46000E0B2B8473378002BF5D0C0476874F2E704
:10A47000BDE8F0811CD200201D9C4000E4CD0020EE
:10A4800051A34000084A13786FF300031370074B81
:10A49000197841F003011970002191719A7842F006
:10A4A00020029A70704700BF0C000020DCD1002011
:10A4B000084A13786FF300031370074B197841F0C3
:10A4C0000C011970002111729A7842F020029A70E2
:10A4D000704700BF0C000020DCD10020074B1A7829
:10A4E0006FF300021A70064B1A7842F040021A709D
:10A4F0009A7842F020029A70704700BF0C0000204A
:10A50000DCD1002038B51A4B1B7913F0040F14D09E
:10A51000174B9A7812F0200F0FD119461B796FF361
:10A5200082030B7113F0200F10D00B4609796FF3E3
:10A530004511197112F0800F00D138BD1A469B7871
:10A5400003F07F0343F04003937038BD084A13794A
:10A5500043F008031371074B1D78074C2A4607493F
:10A560002046074B984784F83050064B9847E4E75D
:10A57000DCD100201E0B0020E5D100202CC60020DD
:10A5800091D3410085A44000F8B5A44B1B79062B5C
:10A5900009D0A34B1B78002B00F034810024A14D7F
:10A5A000A14EA24F5EE09D4BB3F87C21A2F6B833DA
:10A5B0009BB20F2BEDD8994B9879D97901EB0021FB
:10A5C00002F14803DBB29A4A52F823209142E0D0CC
:10A5D000974A42F8231029B99649CA5C42F0010211
:10A5E000CA54D6E74A1E012A0BD903290FD00429E1
:10A5F00013D00529CDD18F49CA5C42F01002CA544C
:10A60000C7E78C49CA5C42F00202CA54C1E78949D3
:10A61000CA5C42F00402CA54BBE78649CA5C42F0F5
:10A620000802CA54B5E7834B1A5D6FF3C3021A558B
:10A63000814B1B5DF3700123737032787F4B197867
:10A640006FF30001197042F009023270AA7842F0EB
:10A650002002AA7000229A730134E4B2704B197878
:10A66000A1427BD9AB7813F0200FF5D1337813F0EA
:10A67000200FF1D13B7813F0020FEDD1EB7813F0FE
:10A68000010FE9D16B4A125D12F0080FCBD1694A74
:10A69000125D12F0020F1ED1664A125D12F0040F15
:10A6A0002ED1644A125D12F0100F40D1614A125D42
:10A6B00012F0010FD0D05F4A115D6FF30001115508
:10A6C0005F4A5D490B5D5370012382F831300020F1
:10A6D0005C4B9847C0E7574A115D6FF34101115534
:10A6E000594A02EB84025278062AB5D0544A52499C
:10A6F0000B5D5370012382F83130544B9847ABE720
:10A700004C4A115D6FF3820111554F4A02EB8402EE
:10A710005278053AD2B2012A9ED9494A46490B5D80
:10A720005370012382F83130494B984794E7414AEE
:10A73000115D6FF304111155434A02EB8402527804
:10A74000053AD2B2012A87D93D4A3B490B5D537085
:10A75000012382F831303F4B98477DE73E4B1B7811
:10A7600013F0010F59D03C4B1A786FF300021A70A6
:10A770004D0069B100231A46384C3748034493F81A
:10A780000631A3540132D2B25300DBB2AB42F5DB47
:10A79000002942D0324C334D0139C9B20131002277
:10A7A000244F0DE05E1EF6B2012E16D9032B19D0F0
:10A7B000042B1CD0052B1FD0013201348A4220D03B
:10A7C00015F8013F26789E42F6D02370002BE9D180
:10A7D000BB5C43F00103BB54EEE7BB5C43F00203F8
:10A7E000BB54E9E7BB5C43F00403BB54E4E7BB5C48
:10A7F00043F00803BB54DFE7BB5C43F01003BB54DA
:10A80000DAE7F8BD144B1B7813F0010F05D0124B9B
:10A810001A786FF300021A70F8BDF8BD14240120F5
:10A820001D0B0020DCD10020A4CD002084CD002011
:10A83000D40B002044DD0020BCC500200C0000200B
:10A84000E4D10020B59C4000ECC5002079574000C1
:10A85000A95740001D57400094250120B40B00204B
:10A86000C40B0020B30B002070B50446174B98476B
:10A87000174B03EB80035B78012B00D070BD154BA9
:10A880009B7813F0200FF9D1134D05EBC005EB7841
:10A8900043F08003EB70114E34702046104B984704
:10A8A000104B9847EB7843F04003EB700E4B984702
:10A8B00030780E4B98474FF4AA730D4A03FB0020E3
:10A8C00001238374034AD371D8E700BFF9444000E1
:10A8D000ECC50020DCD100205CD10020E4D10020B8
:10A8E0007D984000CD99400085A440000997400024
:10A8F0001CD200202DE9F0478A4B1B78012B4AD04F
:10A90000894B1B78012B4FD0884B1B78012B54D0DF
:10A91000874B1B7813F0100F58D1854B1B7813F021
:10A92000200F00F05D81824B1A786FF345121A7088
:10A9300093F90230002B6ADB7E4B1B78012B6ED023
:10A940007B4B1B7913F0400F0ED17B4B1A786FF3C2
:10A9500045121A70794B1A786FF341021A70744BD2
:10A96000DA786FF30002DA70754B1878754B9847F8
:10A970008046754B03EBC0031B7913F0010F54D1D4
:10A980006F4B93F83130002B00F0F88000246C4DB1
:10A990006C4F6E4E93E00022624B1A706C4B93F832
:10A9A000A6006C4B9847B3E700225F4B1A70684BC8
:10A9B00093F8A600674B9847AAE700225B4B1A70F2
:10A9C000634B93F8A600634B9847A1E7584C237854
:10A9D0006FF304132370604B9847237913F0400FF3
:10A9E0009BD113F0080F06D0237903F0F70343F04F
:10A9F0001003237191E7524B1878584B98474FF446
:10AA0000AA73574A03FB002301229A7485E7484A38
:10AA1000937803F07F0343F0400393708CE70022A8
:10AA2000444B1A704F4B98478AE7484B13F8203035
:10AA300013F0010F05D1454B13F8203013F0020F2E
:10AA40009ED03D4B1B7813F0100F04D13B4B1B786D
:10AA500013F0200F0BD0384B1A786FF304121A70D2
:10AA6000364B1A786FF345121A703F4B9847364BA6
:10AA700003EBC8031B7913F0010F2BD12C4B1B796F
:10AA800013F0100F39D113F0400F00F0A980284BBC
:10AA90001A796FF386121A719A786FF345129A70C9
:10AAA0009EE016F8203013F0010FCAD113F0020F08
:10AAB000C7D10134E4B295F83130A3425ED92B19E5
:10AAC0005878B84706EB80035B7803F0FD03012B51
:10AAD000EFD1E6E71C4B03EBC8031A796FF30002D2
:10AAE0001A715A7842F080025A7036231F4A03FBCB
:10AAF00008280023A8F8343072E00D4C23796FF356
:10AB0000041323711A4B9847637913F0020F02D193
:10AB1000184B984764E062796FF341026271164BFB
:10AB20009847F5E737C5002038C5002049C5002003
:10AB3000DCD10020900B0020A4CD002084CD00208B
:10AB4000E4D10020F94440005CD10020ECC5002095
:10AB50009400002069A84000B1A44000099740007B
:10AB60001CD20020C98C410031834000F8CD002068
:10AB7000259F400035A340002DA04000714B1B785D
:10AB800013F0100F04D1704B1B7813F0200F0BD073
:10AB90006C4B1A786FF304121A706B4B1A786FF3C0
:10ABA00045121A70694B9847694B1B78012B31D0BD
:10ABB000684B03EBC8039B7813F0040F30D1664B4E
:10ABC0001B7913F0100F55D113F0400F67D0624B73
:10ABD0001A796FF386121A719A786FF345129A7088
:10ABE0005C4BDB78DB0940F0AA800123594901EB7B
:10ABF000C302D278D20940F0A2800133102BF6D1E3
:10AC0000564E06F110083446524FDFF84C91DFF8EB
:10AC100054A154E000224E4B1A70514B9847DFE785
:10AC20004C4B03EBC80898F802306FF3820388F8A6
:10AC3000023098F804306FF3000388F804300022E3
:10AC400088F8062098F8023062F3000388F8023092
:10AC500098F8043043F0020388F80430414C20781F
:10AC6000414B984794F83130002BB9D020783F4BB6
:10AC70009847B5E7384C23796FF3041323713C4BA5
:10AC80009847637913F0020F02D13A4B9847A7E730
:10AC900062796FF341026271374B9847F5E7314CA7
:10ACA0002078364B98472B4B03EBC00301229A7157
:10ACB0002078334B984793E7013444453DD0A31B9C
:10ACC00007EBC302927812F0020FF5D099F8022038
:10ACD00012F0200FF0D107EBC305AB7803F0FD03B2
:10ACE00043F00403AB7020788AF80000254B9847A6
:10ACF000254B98472B7943F001032B71234D2B787B
:10AD00006FF300032B7099F8003043F0030389F8C8
:10AD1000003099F8023043F0200389F802309AF8A5
:10AD200000001B4B98474FF4AA731A4A03FB0020FC
:10AD3000012383740023AB71BEE7BDE8F087BDE853
:10AD4000F08700BFA4CD002084CD002031834000D7
:10AD50000A0000205CD10020DCD10020BCC500200E
:10AD600045A44000E4D100202D9A4000B59C40004D
:10AD7000259F400035A340002DA04000F94440002D
:10AD8000699C40007D984000CD9940000C00002057
:10AD9000099740001CD20020204B03EB80035B7816
:10ADA000012B03D0042B01D0002070471C4B03EB78
:10ADB000C003DB78DB0925D1194B03EBC0035B78BB
:10ADC00013F0100F20D1164B03EBC0035B7813F088
:10ADD000200F1BD1124B03EBC000837813F0010F3F
:10ADE00016D1104B5B5C13F0040F13D10E4B5B5C60
:10ADF00013F0020F10D10D4B187980F04000C0F312
:10AE00008010704700207047002070470020704776
:10AE1000002070470020704700207047ECC50020DC
:10AE20005CD100207CCD00209CCD0020DCD1002016
:10AE3000234B03EB80035B78012B01D0002070478C
:10AE4000204B03EBC003DB78DB092AD11D4B03EB5E
:10AE5000C0035B7813F0100F25D11A4B03EBC0032E
:10AE60005B7813F0200F20D1164B03EBC0008378E2
:10AE700013F0010F1BD1144B5B5C13F0040F18D1BE
:10AE8000124B5B5C13F0020F15D10F4B5B5C13F0A0
:10AE9000080F12D10E4B187980F04000C0F38010DB
:10AEA0007047002070470020704700207047002046
:10AEB000704700207047002070470020704700BF97
:10AEC000ECC500205CD100207CCD00209CCD002072
:10AED000DCD100202DE9F84F1B4D0024DFF87090E5
:10AEE0001A4EDFF870A0DFF870B008E00146404667
:10AEF000D047012818D000BF0134102C22D05FFAAF
:10AF000084F8274615F8010FC84716F8243013F0C7
:10AF1000010FEBD113F0020FE8D101464046D047B4
:10AF2000012808D000BFE7E70BEBC707FB7843F029
:10AF30000203FB70E0E70BEBC407FB786FF3410300
:10AF4000FB70D9E7BDE8F88FBBC50020ECC5002039
:10AF50000997400031AE40005CD100201E4B03EB4E
:10AF600080035B7803F0FD03012B01D000207047C4
:10AF70001A4B03EBC003DB78DB0922D1174B03EB41
:10AF8000C0035B7813F0200F1DD1144B03EBC003FB
:10AF90009B7813F0010F18D1104B03EBC0035B78C3
:10AFA00013F0100F13D10C4B13F8203013F0010FD6
:10AFB0000FD1094B13F8200080F00200C0F34000CD
:10AFC0007047002070470020704700207047002025
:10AFD00070470020704700BFECC500205CD1002006
:10AFE0002DE9F041194B93F831104A1CD2B283F885
:10AFF00031200B445870FAB100242646134DDFF877
:10B000005C80134F05E00134E4B295F83120A24290
:10B010000CD92B195878C047B8470128F3D1731CB5
:10B020002A1952782E447270DEB2ECE726B1074B33
:10B0300083F83160BDE8F081064C00212046064BC4
:10B040009847002384F83030BDE8F081E4D1002037
:10B050005DAF4000E5D10020C5D44100F944400077
:10B060002DE9F8432B4E06F1100734462A4DDFF840
:10B07000C080DFF8C0900DE005EBC302D27812F07B
:10B08000080F04D198F8022012F0200F25D00134C7
:10B09000BC423DD0A31B05EBC302D27812F0020FD5
:10B0A000EAD105EBC302D27812F0080FEFD098F87E
:10B0B000022012F0200FEAD105EBC303DA786FF318
:10B0C000C302DA702078C847144B93F83130002B54
:10B0D000DDD02078124B9847D9E705EBC303DA7827
:10B0E00042F00802DA7020780E4B984720780E4B19
:10B0F00098470A4B93F83130002BC8D098F80330AA
:10B1000043F0200388F803302078084B9847BEE7C7
:10B11000BDE8F883BCC500205CD10020E4D100204C
:10B12000B59C40007D984000E1AF4000699C400024
:10B13000DCD100202D9A40002DE9F04F83B001238F
:10B14000834001931C4F07EB40090026DFF8748011
:10B15000DFF86CB0DFF870A018E00134102C0FD0CD
:10B16000E0B225FA04F313F0010FF6D0C04701282E
:10B17000F3D1731C5E4414F80A207270DEB2ECE75F
:10B18000603709F160090D4B9F420BD0FB78019AA3
:10B190001342F5D099F8553099F8545045EA0325F3
:10B1A0000024DDE736B1064B83F83160012003B09F
:10B1B000BDE8F08F0020FAE708CA002008CD002083
:10B1C000E4D100205DAF4000BCC5002008B5064BAF
:10B1D000984700B908BD054A537843F008035370F7
:10B1E0000020034B9847F5E739B14000DCD100203F
:10B1F000699C400008B5084B984700B908BD00207D
:10B20000064B9847064B93F83130002BF6D00020C0
:10B21000044B9847F2E700BF39B140002D9A400037
:10B22000E4D10020B59C400010B504460D4B5B5C9A
:10B2300013F0080F0CD10C4B185C0C4B98470C4BBF
:10B2400093F831306BB1084B185D0A4B984710BD2D
:10B25000074B054A125C5A70012283F83120064BD5
:10B26000984710BD7CCD0020BCC500202D9A400021
:10B27000E4D10020B59C4000D55740002DE9F041B5
:10B280000646984B1F5C3846974B9847974B03EB05
:10B2900086035B78062B1AD00446052B21D0042B9D
:10B2A0006FD0072B73D0A0464FF4AA73904A03FBCC
:10B2B00004235B7CFF2B78D038468E4B98478E4B0F
:10B2C00093F83130002B40F00681BDE8F081012277
:10B2D0008A4B1A708A4B83F8A6708A4B9847BDE850
:10B2E000F081894B33445B78012B1CD0874B1B5C6E
:10B2F00013F0040F25D1854B1B5C13F0080F34D1DC
:10B30000834B1B5C13F0020FCDD13846794B984725
:10B31000794B93F83130002BD7D0724B985D7D4B31
:10B320009847BDE8F081714B13F8263013F0040FF5
:10B3300002D000BFBDE8F0813846774B9847BDE8A2
:10B34000F081724B1B5C13F0080F0ED1704B1B5C2D
:10B3500013F0020F40F00481674B5F70012283F805
:10B3600031206E4B9847BDE8F081604B03EB8602BD
:10B370000121517013F826206FF3410203F82620B3
:10B3800091E701463046664B9847BDE8F081654A33
:10B39000537943F0080353713846564B9847514B45
:10B3A000985D614B9847BDE8F081594B1B5D13F0E8
:10B3B000020F40F0DF80554B1B5D13F0040F13D1DB
:10B3C000524B1B5D13F0080F19D14FF4AA73484A72
:10B3D00003FB0424237C83B100244FF4AA75444B5F
:10B3E00005FB0835514E63E0434B5F70012283F843
:10B3F00031204F4B9847BDE8F081BDE8F0812046F1
:10B400004C4B98474C484D4B98474D4B1B78002B65
:10B410003FF45BAF0025DFF84481484F484E40467B
:10B42000B84773195878474B98470135EDB23378D0
:10B43000AB42F4D8002B3FF448AF434B9847434806
:10B440003E4B98472C4B93F83130002B3FF43DAFE7
:10B450000025DFF80881394F274E4046B847731959
:10B460005878384B98470135EDB296F83130AB42F9
:10B47000F3D8002B3FF429AF244A135D43F00203B5
:10B480006FF3C3031355204A137843F0040313707A
:10B490002F4B98472F4B9847224AD37843F001030C
:10B4A000D370BDE8F0810134E4B22B7CA34210D903
:10B4B000285DB047284B1844C37C012BF3D10122EF
:10B4C0000E4B1A702A5D0E4B83F8A6200D4B984741
:10B4D000E9E7BDE8F081034B985D0E4B9847BDE866
:10B4E000F08100BFBCC5002009974000ECC50020DA
:10B4F0001CD200202D9A4000E4D1002039C5002044
:10B50000940000209988400084CD00207CCD00204C
:10B510009CCD0020B59C4000F55A400049574000A2
:10B5200029B24000DCD10020595C4000F9444000C1
:10B53000795740001D9C4000AC044200299741000F
:10B54000E4CD00205197410091594000C4044200CD
:10B5500079874000D5574000A4CD0020C0044200A8
:10B5600080464FF4AA731F4A03FB00235B7CFF2B2A
:10B570007FF4A2AE1C4B1B7823FA08F313F0010FE3
:10B580003FF4A3AE2046194B9847194B1C78002C6A
:10B590003FF49BAE174D2246591C2846164B984740
:10B5A00005F8024C154A12F8083043F0030302F87C
:10B5B0000830134B984715F8032C124B19786FF38A
:10B5C0000001197042F0050205F8032C0E498A7833
:10B5D00042F020028A7000229A7364225A83BDE8E6
:10B5E000F08100BF1CD200201A0B00201D9C4000DF
:10B5F000E4CD0020A7CD002091D341009CCD0020B8
:10B60000798740000C000020DCD1002038B5234BA6
:10B610009D7805F020050023214909E001EBC302D4
:10B62000D27812F0100F00D1E5B10133102B2BD0DE
:10B63000D8B21C4601EBC302D27812F0040FEDD150
:10B6400001EBC302D27812F0100FEED0002DECD136
:10B65000134B03EBC404E3786FF30413E370114B53
:10B66000984738BD0E4B03EBC403DA7842F0100262
:10B67000DA700D4D285D0D4B9847285D0C4B9847AF
:10B680000C4B93F8313003B938BD044AD37843F0FA
:10B690002003D370285D084B984738BDDCD10020CB
:10B6A0005CD100207DB24000BCC500207D984000E8
:10B6B000E1AF4000E4D10020699C400070B5044631
:10B6C000274B1E5C3046274B98470546264B03EB1D
:10B6D00084035B78042B10D04FF4AA73234A03FB36
:10B6E00000235B7CFF2B0DD03046214B9847214B2C
:10B6F00093F83130002B2DD170BD014620461E4BF2
:10B70000984770BD1D4B1B5C13F0080F01D100BFA3
:10B7100070BD1B4B98471B4B1B78002BECD01A4B72
:10B720009847144B93F83130002BE5D0134A535D02
:10B7300043F00A035355154A137843F0040313707A
:10B74000134B9847134B9847134AD37843F00103A0
:10B75000D37070BD024B185D104B9847CCE700BF0B
:10B76000BCC5002009974000ECC500201CD2002079
:10B770002D9A4000E4D1002029B240007CCD002069
:10B780001D9C4000E4CD00209159400084CD002054
:10B7900079874000D5574000DCD10020B59C40009F
:10B7A0002DE9F047214D0024DFF89090204EDFF87E
:10B7B00090A007E001463846D047012823D0013445
:10B7C000102C31D0E7B2A04615F8010FC84716F883
:10B7D000243013F0010FEDD113F0020FEAD1154B15
:10B7E00003EBC4035B7913F0040FE8D0114B03EBB8
:10B7F000C40898F805306FF3820388F8053038469E
:10B800000D4B9847DBE70B4B03EBC8035B7913F059
:10B81000040FD4D1074B03EBC80898F8053043F068
:10B82000040388F80530CAE7BDE8F087BBC50020EF
:10B83000ECC500205CD10020BDB640000997400057
:10B8400099AD400010B50446144B9847144B1B7833
:10B8500003B910BD134B9847134B93F83130002BAD
:10B86000F7D012490A781248035D43F001036FF3E1
:10B87000820303550F48437943F00203437142F0BA
:10B8800022030B700C4B984700200C4B98470C4A36
:10B89000537843F080035370DBE700BF1D9C4000EA
:10B8A000E4CD002035594000E4D1002084CD0020B3
:10B8B0007CCD0020DCD1002079874000B59C400081
:10B8C0000C00002010B50446134B9847134B1B780F
:10B8D00003B910BD124B9847124B93F83130002B2F
:10B8E000F7D0114A135D43F001036FF3C3031355FF
:10B8F0000E4C637943F0020363710D4B98470020AF
:10B900000C4B98470C4A537843F080035370E3780C
:10B9100043F00103E370DCE71D9C4000E4CD002010
:10B9200091594000E4D100207CCD0020DCD10020E2
:10B9300079874000B59C40000C00002010B50446FB
:10B940000D4B98470D4B1B7803B910BD0C4B984716
:10B950000C4B93F83130002BF7D00B4802780B4991
:10B960000B5D42F00602027043F005030B55084BD5
:10B970009847084B9847E8E71D9C4000E4CD00201D
:10B9800035594000E4D1002084CD00207CCD00203A
:10B99000798740004957400010B50446104B98473E
:10B9A000104B1B7803B910BD0F4B98470F4B93F802
:10B9B0003130002BF7D00E4A135D43F00A031355C4
:10B9C0000C4A137843F0040313700B4B98470B4B4E
:10B9D00098470B4AD37843F00103D370E3E700BFE5
:10B9E0001D9C4000E4CD002091594000E4D100208E
:10B9F0007CCD002084CD002079874000D5574000C1
:10BA0000DCD1002008B50C4B03EB80035B78053BD1
:10BA1000DBB2012B0ED9094B094A125C5A70012284
:10BA200083F83120074A537943F002035371002011
:10BA3000054B984708BD00BFECC50020E4D10020AD
:10BA4000BCC50020DCD10020B59C400010B5914B56
:10BA50001B78013B252B2BD8DFE813F02600610073
:10BA6000460178019A016E00B300D500E00107029B
:10BA70004D0267018901B8018B00C400F300FC018D
:10BA800035026D02460178019A016E00B300D500BF
:10BA9000E00107024D0267018901B8018B00C40073
:10BAA000F300FC0135026D027B4B984701282DD035
:10BAB0007A4B1B78013B252B00F27C82DFE813F0E8
:10BAC0007602B0026A039C03ED03BC020103230368
:10BAD00033045A04A0048B03DC030B04D9021203C1
:10BAE00041034F048804C0046A039C03ED03BC02B5
:10BAF0000103230333045A04A0048B03DC030B0467
:10BB0000D902120341034F048804C004644A137825
:10BB100043F0010313700020624B9847C8E7624B63
:10BB200098470128C4D15E4B1A786FF300021A704F
:10BB300000205E4B9847BBE7574B98470128B7D189
:10BB4000574A137843F001031370594B5B78013B5C
:10BB5000DBB2584A02EB83025278062AA8D0564A32
:10BB60005649CB5C5370012382F83130544B9847CF
:10BB70009EE74D4B984701289AD1494B1A786FF3AD
:10BB800000021A704A4B5B78013BDBB2494A02EB78
:10BB900083025278062A8BD0474A4849CB5C5370BF
:10BBA000012382F83130474A537943F0020353713D
:10BBB000454A137843F0200313700020434B984705
:10BBC00076E7354B984701287FF472AF344A1378F3
:10BBD00043F001031370364B58781138C0B23C4B18
:10BBE000984765E7304B984701287FF461AF2C4BAD
:10BBF0001A786FF300021A702D4B58781138C0B2C2
:10BC0000344B984754E7244B984701287FF450AFB2
:10BC1000234A137843F0010313702B4A137843F03F
:10BC2000080313702C4B984700283FF441AF264A75
:10BC3000137843F002031370284B9847284B98471A
:10BC400036E7194B984701287FF432AF144B1A7826
:10BC50006FF300021A701C4B1A786FF3C3021A704C
:10BC60001D4B984700283FF423AF17490B78154820
:10BC7000427942F00202427143F022030B70174BEB
:10BC800098470020114B9847164A537843F0800399
:10BC900053700DE7090B0020459D40000B0B002061
:10BCA00058D10020CDB140006D9D4000F5B140005D
:10BCB00008CD0020ECC50020E4D10020BCC5002048
:10BCC00079574000DCD1002084CD0020B59C400095
:10BCD0003DB9400045B840004D83400079874000A1
:10BCE000495740000C000020994B984701287FF4E9
:10BCF000DFAE984A137843F001031370964B5B78DC
:10BD0000013BDBB2954A02EB83025278053AD2B28C
:10BD1000012A7FF6CDAE924A9249CB5C5370012343
:10BD200082F83130904B9847C2E6904B98470128F3
:10BD30007FF4BEAE874B1A786FF300021A70864B01
:10BD400058780138C0B28A4B9847B1E6804B984783
:10BD500001287FF4ADAE7F4A137843F001031370DE
:10BD60007D4B58781138C0B2824B9847A0E67F4B84
:10BD7000984701287FF49CAE764B1A786FF3000247
:10BD80001A70754B58781138C0B27B4B98478FE6C4
:10BD90006F4B984701287FF48BAE6E4A137843F0BF
:10BDA00001031370754A137843F008031370744B42
:10BDB000984700283FF47CAE724B9847724B9847E7
:10BDC000724AD37843F00103D37071E6674B98470A
:10BDD00001287FF46DAE5F4B1A786FF300021A7082
:10BDE000664B1A786FF3C3021A70654B98470028A8
:10BDF0003FF45EAE654C637943F002036371614BBF
:10BE000098470020624B9847624A537843F080037A
:10BE10005370E37843F00103E37049E64C4B9847D5
:10BE200001287FF445AE4B4A137843F001031370A9
:10BE3000494B5B78013BDBB2484A02EB8302527804
:10BE4000012A7FF435AE474AD25C454B1A70524BFB
:10BE500098472DE6454B984701287FF429AE3D4B86
:10BE60001A786FF300021A7022E6394B98470128BE
:10BE70007FF41EAE374A137843F001031370364B3C
:10BE800058781138C0B2454B9847454B1B78002B6A
:10BE90003FF40EAE434B9847314B93F83130002BB3
:10BEA0003FF406AE3B4A13786FF300031370374B31
:10BEB000597941F001015971997841F02001997047
:10BEC00000231376F4E5294B984701287FF4F0AD61
:10BED000204B1A786FF300021A701F4B58781138F4
:10BEE000C0B22E4B98472E4B1B78002B3FF4E0AD91
:10BEF0002C4B9847DCE5164B984701287FF4D8ADCA
:10BF0000144A137843F001031370274B9847002815
:10BF10003FF4CEAD1F4A13786FF3000313701B4B31
:10BF2000597941F001015971997841F020019970D6
:10BF300000231376BCE50D4B984701287FF4B8AD7C
:10BF4000044B1A786FF300021A70174B9847AFE54D
:10BF5000459D400058D1002008CD0020ECC50020B0
:10BF6000E4D10020BCC50020A95740006D9D4000D1
:10BF700005BA400099B94000C5B8400084CD002002
:10BF80000984400079874000D5574000DCD100206B
:10BF9000B59C40000C000020DDA440001D9C40002A
:10BFA000E4CD0020695A4000C58440009B4B98476F
:10BFB00001282DD09A4B1B78013B252B00F2518292
:10BFC000DFE813F04B0286027703A903CB03C60216
:10BFD0000E03300340046704AD049803BA03E90379
:10BFE000E4021F034E035C049504CD047703A90308
:10BFF000CB03C6020E03300340046704AD0498036C
:10C00000BA03E903E4021F034E035C049504CD0464
:10C01000844A137843F002031370834B9847C9E7AF
:10C02000824B98470128C5D17E4B1A786FF34102A5
:10C030001A707F4B9847BDE7784B98470128B9D1D4
:10C04000784A137843F0020313707A4BDB79013B93
:10C05000DBB2794A02EB83025278062AAAD0774AE9
:10C060007749CB5C5370012382F83130754B984788
:10C07000A0E76E4B984701289CD16A4B1A786FF362
:10C0800041021A706B4BDB79013BDBB26A4A02EB6F
:10C0900083025278062A8DD0684A6949CB5C537076
:10C0A000012382F83130684A537943F00203537117
:10C0B000664A137843F0200313700020644B9847BE
:10C0C00078E7564B984701287FF474AF554A1378A8
:10C0D00043F002031370574BD8791138C0B25D4B4F
:10C0E000984767E7514B984701287FF463AF4D4B62
:10C0F0001A786FF341021A704E4BD8791138C0B2DA
:10C10000554B984756E7454B984701287FF452AF67
:10C11000444A137843F0020313704C4A137843F0F7
:10C12000080313704D4B984700283FF443AF474A2C
:10C13000137843F002031370494B9847494B9847D3
:10C1400038E73A4B984701287FF434AF354B1A78DB
:10C150006FF341021A703D4B1A786FF3C3021A70E5
:10C160003E4B984700283FF425AF38490B783648B6
:10C17000427942F00202427143F022030B70384BC5
:10C1800098470020324B9847374A537843F0800352
:10C1900053700FE7214B984701287FF40BAF214ADA
:10C1A000137843F002031370224BDB79013BDBB2BF
:10C1B000214A02EB83025278053AD2B2012A7FF675
:10C1C000F9AE1E4A1E49CB5C5370012382F8313010
:10C1D000264B9847EEE6154B984701287FF4EAAEC8
:10C1E000104B1A786FF341021A70124BD87901384C
:10C1F000C0B21F4B9847DDE6084B984701287FF4F3
:10C20000D9AE084A137843F002031370094BD8796A
:10C210001138C0B2174B9847CCE600BF959D40003F
:10C220000D0B002058D10020CDB14000BD9D400035
:10C23000F5B1400008CD0020ECC50020E4D100207D
:10C24000BCC5002079574000DCD1002084CD0020FF
:10C25000B59C40003DB9400045B840004D834000CA
:10C2600079874000495740000C000020A957400042
:10C2700005BA400099B940009C4B984701287FF4CB
:10C2800099AE9B4B1A786FF341021A70994BD8798B
:10C290001138C0B2984B98478CE6984B98470128C4
:10C2A0007FF488AE924A137843F002031370944AE5
:10C2B000137843F008031370924B984700283FF41B
:10C2C00079AE914B9847914B9847914AD37843F078
:10C2D0000103D3706EE6854B984701287FF46AAE60
:10C2E000834B1A786FF341021A70854B1A786FF3FB
:10C2F000C3021A70834B984700283FF45BAE844C0E
:10C30000637943F0020363717F4B98470020814BB0
:10C310009847814A537843F080035370E37843F0A1
:10C320000103E37046E6754B984701287FF442AE5F
:10C330006F4A137843F0020313706E4BDB79013BB5
:10C34000DBB2764A02EB83025278012A7FF432AEE6
:10C35000734AD25C734B1A70734B98472AE6634B4F
:10C36000984701287FF426AE614B1A786FF341029B
:10C370001A701FE6614B984701287FF41BAE5C4A98
:10C38000137843F0020313705A4BD8791138C0B2B6
:10C39000664B9847664B1B78002B3FF40BAE654B02
:10C3A0009847604B93F83130002B3FF403AE5A4A64
:10C3B00013786FF300031370554B597941F0010165
:10C3C0005971997841F02001997000231376F1E5B5
:10C3D000464B984701287FF4EDAD454B1A786FF333
:10C3E00041021A70434BD8791138C0B24F4B98476D
:10C3F0004F4B1B78002B3FF4DDAD4E4B9847D9E5F2
:10C400003E4B984701287FF4D5AD394A137843F065
:10C4100002031370484B984700283FF4CBAD3E4AC7
:10C4200013786FF300031370394B597941F0010110
:10C430005971997841F02001997000231376B9E57C
:10C440002A4B984701287FF4B5AD294B1A786FF332
:10C4500041021A70384B9847ACE5384B9847012891
:10C460002DD0374B1B78013B252B00F28982DFE86A
:10C4700013F08302BE02A703D903FB03CB02100310
:10C48000600341046804E104C803EA031904E802F4
:10C490004F037E035D04C9040105A703D903FB0311
:10C4A000CB021003600341046804E104C803EA03FB
:10C4B0001904E8024F037E035D04C90401050C4A18
:10C4C000137843F00403137002201E4B9847C8E70B
:10C4D0001D4B98470128C4D1054B1A786FF382028F
:10C4E0001A700220194B9847BBE700BFBD9D400062
:10C4F00058D1002008CD0020C5B84000959D4000CF
:10C5000084CD00200984400079874000D557400041
:10C51000DCD10020B59C40000C000020ECC50020C0
:10C52000BCC50020E4D10020DDA440001D9C4000DB
:10C53000E4CD0020695A4000C5844000E59D4000DC
:10C540000F0B0020CDB140000D9E4000F5B1400022
:10C55000A54B9847012884D1A44A137843F00403DB
:10C560001370A34B5B7B013BDBB2A24A02EB83025D
:10C570005278062A3FF475AF9F4AA049CB5C5370AE
:10C58000012382F831309E4B98476AE79D4B9847CC
:10C5900001287FF466AF954B1A786FF382021A7008
:10C5A000934B5B7B013BDBB2924A02EB83025278F6
:10C5B000062A3FF456AF904A9049CB5C5370012352
:10C5C00082F83130904A537943F0020353718F4A15
:10C5D000137843F02003137000208D4B984740E7F9
:10C5E000814B984701287FF43CAF804A137843F091
:10C5F000040313707E4B587B1138C0B2854B9847AB
:10C600002FE7804B984701287FF42BAF774B1A78A0
:10C610006FF382021A70764B587B1138C0B27E4B92
:10C6200098471EE7704B984701287FF41AAF6F4A6E
:10C63000137843F004031370744A137843F008032B
:10C640001370764B984700283FF40BAF6F4A13786E
:10C6500043F002031370724B9847724B984700E700
:10C66000684B984701287FF4FCAE604B1A786FF353
:10C6700082021A70654B1A786FF3C3021A70674B07
:10C68000984700283FF4EDAE60490B785E48427948
:10C6900042F00202427143F022030B70604B984754
:10C6A00000205B4B9847604A537843F080035370F7
:10C6B000D7E64D4B984701287FF4D3AE4B4A137809
:10C6C00043F0040313704A4B5B7B013BDBB2494AE6
:10C6D00002EB83025278053AD2B2012A7FF6C1AE4C
:10C6E000454A4649CB5C5370012382F831304F4BA9
:10C6F0009847B6E6434B984701287FF4B2AE3B4BD0
:10C700001A786FF382021A70394B587B0138C0B225
:10C71000474B9847A5E6344B984701287FF4A1AED4
:10C72000324A137843F004031370314B587B1138AD
:10C73000C0B2404B984794E6324B984701287FF4AB
:10C7400090AE2A4B1A786FF382021A70284B587BEE
:10C750001138C0B2384B984783E6234B98470128DD
:10C760007FF47FAE214A137843F004031370274A05
:10C77000137843F008031370304B984700283FF4B8
:10C7800070AE274B98472E4B98471F4AD37843F0FB
:10C790000103D37065E61B4B984701287FF461AE17
:10C7A000124B1A786FF382021A70184B1A786FF3D3
:10C7B000C3021A70214B984700283FF452AE124C26
:10C7C000637943F002036371154B98470020104BC7
:10C7D0009847154A537843F080035370E37843F049
:10C7E0000103E3703DE600BFE59D400058D1002005
:10C7F00008CD0020ECC50020E4D10020BCC50020FD
:10C80000795740000D9E4000DCD1002084CD0020EF
:10C81000B59C40003DB9400045B840004D83400004
:10C8200079874000495740000C000020A95740007C
:10C8300005BA400099B94000C5B8400009844000DD
:10C84000D55740009B4B984701287FF40AAE9A4A7F
:10C85000137843F004031370984B5B7B013BDBB20E
:10C86000974A02EB83025278012A7FF4FAAD954A87
:10C87000D25C954B1A70954B9847F2E5944B9847CC
:10C8800001287FF4EEAD8C4B1A786FF382021A7098
:10C89000E7E5884B984701287FF4E3AD864A137893
:10C8A00043F004031370854B587B1138C0B2894B99
:10C8B0009847894B1B78002B3FF4D3AD874B9847A3
:10C8C000814B93F83130002B3FF4CBAD844A137881
:10C8D0006FF300031370834B597941F001015971D3
:10C8E000997841F02001997000231376B9E5784BCF
:10C8F000984701287FF4B5AD6F4B1A786FF3820229
:10C900001A706E4B587B1138C0B2724B9847724BFD
:10C910001B78002B3FF4A5AD704B9847A1E5654B04
:10C92000984701287FF49DAD634A137843F00403D0
:10C9300013706D4B984700283FF493AD684A137805
:10C940006FF300031370674B597941F0010159717E
:10C95000997841F0200199700023137681E55C4BB2
:10C96000984701287FF47DAD534B1A786FF382020C
:10C970001A705D4B984774E55C4B984701282DD0A1
:10C980005B4B1B78013B252B00F28582DFE813F01F
:10C990007F02BA02AA03DC03FE03C7020C032E03C4
:10C9A00044046B04B104CB03ED031C04E4021D0337
:10C9B0004C0360049904D104AA03DC03FE03C702FC
:10C9C0000C032E0344046B04B104CB03ED031C04DD
:10C9D000E4021D034C0360049904D104364A137821
:10C9E00043F0080313700320424B9847C8E7424BBB
:10C9F00098470128C4D1304B1A786FF3C3021A70DC
:10CA000003203E4B9847BBE7384B98470128B7D1E6
:10CA1000294A137843F008031370284BDB7C013B51
:10CA2000DBB2274A02EB83025278062AA8D0264AB4
:10CA30002449CB5C5370012382F83130304B984746
:10CA40009EE72D4B984701289AD11B4B1A786FF31C
:10CA5000C3021A70194BDB7C013BDBB2184A02EBB4
:10CA600083025278062A8BD0174A1649CB5C537042
:10CA7000012382F831301B4A537943F0020353718A
:10CA8000204A137843F02003137000201E4B984770
:10CA900076E7164B984701287FF472AF064A137861
:10CAA00043F008031370054BD87C1138C0B2174B04
:10CAB000984765E7E59D400058D1002008CD00204B
:10CAC000ECC50020BCC50020E4D10020DDA440005E
:10CAD0000D9E40001D9C4000E4CD0020695A40009E
:10CAE0000C000020DCD10020C5844000359E4000B1
:10CAF000110B0020CDB140005D9E4000F5B140001B
:10CB00007957400084CD0020B59C40003DB94000DD
:10CB1000A34B984701287FF433AFA24B1A786FF3E9
:10CB2000C3021A70A04BD87C1138C0B29F4B9847F3
:10CB300026E79F4B984701287FF422AF994A137844
:10CB400043F0080313709B4A137843F008031370F3
:10CB5000994B984700283FF413AF964A137843F057
:10CB600002031370954B9847954B984708E78C4BF9
:10CB7000984701287FF404AF8A4B1A786FF3C302F9
:10CB80001A708C4B1A786FF3C3021A708A4B98474D
:10CB900000283FF4F5AE87490B788A48427942F085
:10CBA0000202427143F022030B70844B984700202D
:10CBB000854B9847854A537843F080035370DFE6EE
:10CBC0007B4B984701287FF4DBAE764A137843F01D
:10CBD00008031370744BDB7C013BDBB27C4A02EB35
:10CBE00083025278053AD2B2012A7FF6C9AE794A59
:10CBF0007949CB5C5370012382F83130774B9847E9
:10CC0000BEE6674B984701287FF4BAAE654B1A78A9
:10CC10006FF3C3021A70644BD87C0138C0B2704BFA
:10CC20009847ADE6624B984701287FF4A9AE5D4A6C
:10CC3000137843F0080313705B4BD87C1138C0B2F3
:10CC4000684B98479CE6564B984701287FF498AE6E
:10CC5000544B1A786FF3C3021A70534BD87C1138B7
:10CC6000C0B2614B98478BE6514B984701287FF43F
:10CC700087AE4C4A137843F0080313704D4A13787B
:10CC800043F008031370594B984700283FF478AEDF
:10CC90004A4B9847564B98474A4AD37843F001038A
:10CCA000D3706DE63E4B984701287FF469AE3D4B4B
:10CCB0001A786FF3C3021A703E4B1A786FF3C302EF
:10CCC0001A704A4B984700283FF45AAE3D4C63799E
:10CCD00043F002036371394B984700203A4B984761
:10CCE0003A4A537843F080035370E37843F00103EA
:10CCF000E37045E62E4B984701287FF441AE294A60
:10CD0000137843F008031370274BDB7C013BDBB245
:10CD10002F4A02EB83025278012A7FF431AE2E4A69
:10CD2000D25C2C4B1A70334B984729E61C4B984722
:10CD300001287FF425AE1B4B1A786FF3C3021A70DB
:10CD40001EE61B4B984701287FF41AAE154A13784C
:10CD500043F008031370144BD87C1138C0B2264B33
:10CD60009847264B1B78002B3FF40AAE244B98477C
:10CD7000184B93F83130002B3FF402AE134A13786E
:10CD80006FF3000313700F4B597941F00101597192
:10CD9000997841F02001997000231376F0E500BFE7
:10CDA0005D9E400058D1002008CD002045B84000CD
:10CDB000359E400084CD00204D834000798740009F
:10CDC00049574000DCD10020B59C40000C000020F9
:10CDD000ECC50020E4D10020BCC50020A9574000CC
:10CDE00005BA400099B94000C5B840000984400028
:10CDF000D5574000DDA440001D9C4000E4CD00203C
:10CE0000695A40009D4B984701287FF4B9AD9C4B6F
:10CE10001A786FF3C3021A709A4BD87C1138C0B2DB
:10CE2000994B9847994B1B78002B3FF4A9AD984B31
:10CE30009847A5E5974B984701287FF4A1AD904A04
:10CE4000137843F008031370934B984700283FF47E
:10CE500097AD924A13786FF300031370904B597992
:10CE600041F001015971997841F020019970002336
:10CE7000137685E5814B984701287FF481AD804B7F
:10CE80001A786FF3C3021A70834B984778E5854B85
:10CE9000984701282DD0844B1B78013B252B00F2AD
:10CEA0005982DFE813F0530293024E038003A2037A
:10CEB000A002E50207031904400486046F039103EE
:10CEC000F103BD02F602250335046E04A6044E03E9
:10CED0008003A203A002E5020703190440048604AC
:10CEE0006F039103F103BD02F602250335046E04BE
:10CEF000A604634A137843F01003137004206B4BAD
:10CF00009847C8E76A4B98470128C4D15C4B1A7808
:10CF10006FF304121A700420664B9847BBE7614B0D
:10CF200098470128B7D1564A137843F0100313707D
:10CF3000544B5B7E013BDBB25F4A02EB83025278CB
:10CF4000062AA8D05D4A5E49CB5C5370012382F863
:10CF500031305C4B98479EE7554B984701289AD152
:10CF6000474B1A786FF304121A70464B5B7E013BF5
:10CF7000DBB2514A02EB83025278062A8BD04F4A29
:10CF80004F49CB5C5370012382F83130444A5379C6
:10CF900043F0020353714C4A137843F0200313709B
:10CFA00000204A4B984776E73E4B984701287FF48C
:10CFB00072AF334A137843F010031370314B587E2D
:10CFC0001138C0B2424B984765E7394B9847012862
:10CFD0007FF461AF2A4B1A786FF304121A70294B51
:10CFE000587E1138C0B23B4B984754E72D4B9847B9
:10CFF00001287FF450AF224A137843F010031370D6
:10D00000314A137843F008031370334B98470028D4
:10D010003FF441AF2C4A137843F0020313702F4BB7
:10D0200098472F4B984736E7214B984701287FF4C4
:10D0300032AF134B1A786FF304121A70224B1A781E
:10D040006FF3C3021A70244B984700283FF423AFB4
:10D050001D490B781248427942F00202427143F0B6
:10D0600022030B701D4B98470020184B98470B4A22
:10D07000537843F0800353700DE700BF5D9E40007E
:10D0800058D1002008CD00201D9C4000E4CD002098
:10D09000695A4000359E4000C58440000C000020C5
:10D0A000DCD10020859E4000130B0020CDB1400054
:10D0B000AD9E4000F5B14000ECC50020E4D1002059
:10D0C000BCC500207957400084CD0020B59C4000AD
:10D0D0003DB9400045B840004D834000798740008D
:10D0E00049574000A04B984701287FF4D4AE9F4A8F
:10D0F000137843F0100313709D4B5B7E013BDBB252
:10D100009C4A02EB83025278053AD2B2012A7FF69A
:10D11000C2AE994A9949CB5C5370012382F83130F1
:10D12000974B9847B7E6974B984701287FF4B3AEE3
:10D130008E4B1A786FF304121A708D4B587E01389B
:10D14000C0B2914B9847A6E6874B984701287FF4D9
:10D15000A2AE864A137843F010031370844B587EB6
:10D160001138C0B2894B984795E6864B98470128FD
:10D170007FF491AE7D4B1A786FF304121A707C4BDA
:10D18000587E1138C0B2824B984784E6764B984758
:10D1900001287FF480AE754A137843F010031370B2
:10D1A0007C4A137843F0080313707B4B98470028A0
:10D1B0003FF471AE794B9847794B9847794AD378C9
:10D1C00043F00103D37066E66E4B984701287FF465
:10D1D00062AE664B1A786FF304121A706D4B1A78B0
:10D1E0006FF3C3021A706C4B984700283FF453AE9C
:10D1F0006C4C637943F002036371684B98470020DD
:10D20000694B9847694A537843F080035370E37839
:10D2100043F00103E3703EE6534B984701287FF447
:10D220003AAE524A137843F010031370504B5B7EB2
:10D23000013BDBB24F4A02EB83025278012A7FF4B2
:10D240002AAE4E4AD25C4C4B1A70594B984722E694
:10D250004C4B984701287FF41EAE444B1A786FF36D
:10D2600004121A7017E6404B984701287FF413AE5A
:10D270003E4A137843F0100313703D4B587E11382B
:10D28000C0B24C4B98474C4B1B78002B3FF403AE7D
:10D290004A4B9847384B93F83130002B3FF4FBADA5
:10D2A000424A13786FF3000313703E4B597941F0F3
:10D2B00001015971997841F020019970002313768A
:10D2C000E9E5304B984701287FF4E5AD274B1A7804
:10D2D0006FF304121A70264B587E1138C0B2354BCA
:10D2E0009847354B1B78002B3FF4D5AD334B98470F
:10D2F000D1E51D4B984701287FF4CDAD1B4A13782B
:10D3000043F0100313702E4B984700283FF4C3AD31
:10D31000264A13786FF300031370224B597941F0BA
:10D3200001015971997841F0200199700023137619
:10D33000B1E5144B984701287FF4ADAD0B4B1A783B
:10D340006FF304121A701E4B9847A4E51D4B9847C3
:10D35000012800D010BD054A137843F02003137054
:10D360000520194B984710BD859E400058D10020DC
:10D3700008CD0020ECC50020E4D10020BCC5002071
:10D38000A9574000AD9E400005BA400099B9400041
:10D39000C5B8400084CD0020098440007987400052
:10D3A000D5574000DCD10020B59C40000C00002087
:10D3B000DDA440001D9C4000E4CD0020695A4000DF
:10D3C000C5844000D59E4000CDB14000964B9847A3
:10D3D0000128BFD1954B1A786FF345121A700520BA
:10D3E000934B984710BD934B98470128B2D18F4A71
:10D3F000137843F0200313708F4BDB7F013BDBB2CC
:10D400008E4A02EB83025278062AA3D08C4A8D49B9
:10D41000CB5C5370012382F831308B4B984710BDA1
:10D42000814B9847012895D1804B1A786FF34512AC
:10D430001A70814BDB7F013BDBB2804A02EB830237
:10D440005278062A86D07E4A7E49CB5C53700123EF
:10D4500082F831307D4A537943F0020353717C4A9C
:10D46000137843F02003137000207A4B984710BDC7
:10D47000704B984701287FF46DAF6C4A137843F0E6
:10D48000200313706C4BD87F1138C0B2724B984791
:10D4900010BD654B984701287FF45CAF634B1A7849
:10D4A0006FF345121A70644BD87F1138C0B26B4BC2
:10D4B000984710BD5F4B984701287FF44BAF5B4AFC
:10D4C000137843F020031370614A137843F0080384
:10D4D0001370634B984700283FF43CAF5C4A1378C5
:10D4E00043F0020313705F4B98475F4B984710BDA2
:10D4F0004D4B984701287FF42DAF4C4B1A786FF3B2
:10D5000045121A70524B1A786FF3C3021A70544BBB
:10D51000984700283FF41EAF4D490B784B4842799D
:10D5200042F00202427143F022030B704D4B9847C8
:10D530000020484B98474D4A537843F0800353707E
:10D5400010BD3C4B984701287FF404AF374A13784D
:10D5500043F020031370384BDB7F013BDBB2374ACB
:10D5600002EB83025278053AD2B2012A7FF6F2AE7C
:10D57000334A3449CB5C5370012382F831303C4B41
:10D58000984710BD284B984701287FF4E3AE274BFE
:10D590001A786FF345121A70274BD87F0138C0B242
:10D5A000344B984710BD234B984701287FF4D2AEE7
:10D5B0001E4A137843F0200313701F4BD87F113895
:10D5C000C0B22D4B984710BD174B984701287FF4E8
:10D5D000C1AE164B1A786FF345121A70164BD87FEE
:10D5E0001138C0B2254B984710BD124B98470128FF
:10D5F0007FF4B0AE0D4A137843F020031370144A41
:10D60000137843F0080313701D4B984700283FF42C
:10D61000A1AE144B98471B4B98470C4AD37843F064
:10D620000103D37010BD00BFFD9E400058D1002003
:10D63000F5B14000D59E400008CD0020ECC500208B
:10D64000E4D10020BCC5002079574000DCD1002087
:10D6500084CD0020B59C40003DB9400045B8400055
:10D660004D83400079874000495740000C0000205E
:10D67000A957400005BA400099B94000C5B840001C
:10D6800009844000D5574000604B984701287FF43B
:10D6900061AE5F4B1A786FF345121A705D4B1A78C2
:10D6A0006FF3C3021A705C4B984700283FF452AEE8
:10D6B0005A4C637943F002036371594B9847002039
:10D6C000584B9847584A537843F080035370E37897
:10D6D00043F00103E37010BD544B984701287FF4D9
:10D6E00039AE4B4A137843F020031370504BDB7F65
:10D6F000013BDBB24F4A02EB83025278012A7FF4EE
:10D7000029AE4D4AD25C4D4B1A704D4B984710BD17
:10D710003E4B984701287FF41DAE3D4B1A786FF3BE
:10D7200045121A7010BD414B984701287FF412AE84
:10D73000374A137843F0200313703D4BD87F1138DC
:10D74000C0B2404B9847404B1B78002B3FF402AED1
:10D750003E4B9847394B93F83130002B3FF4FAADEC
:10D76000314A13786FF3000313702C4B597941F051
:10D7700001015971997841F02001997000231376C5
:10D7800010BD224B984701287FF4E4AD204B1A7856
:10D790006FF345121A70264BD87F1138C0B2294B4F
:10D7A0009847294B1B78002B3FF4D4AD274B984763
:10D7B00010BD1E4B984701287FF4CCAD144A137856
:10D7C00043F020031370224B984700283FF4C2AD6A
:10D7D000154A13786FF300031370104B597941F019
:10D7E00001015971997841F0200199700023137655
:10D7F00010BD064B984701287FF4ACAD044B1A7856
:10D800006FF345121A70124B9847A3E5FD9E400036
:10D8100058D1002084CD002009844000DCD10020B4
:10D8200079874000B59C40000C000020D59E400048
:10D8300008CD0020ECC50020BCC50020E4D10020AC
:10D84000DDA440001D9C4000E4CD0020695A40004A
:10D85000C5844000F0B583B00920114EB047114F88
:10D860000124009400231A464FF4802138460E4DBF
:10D87000A8470920B0470094002322464FF4002116
:10D880003846A8474FF40067084B1F600A20B0478E
:10D8900000940023224639460548A84703B0F0BD4E
:10D8A00061EA4000000E0E40DBE7400014030E402A
:10D8B00000100E40F8B54700FFB26B4B13F8203054
:10D8C00003F00103694A12F8202002F001029A4293
:10D8D00000F0B180654911F8202063F3000201F8DF
:10D8E0002020614B13F82030C3F34003C2F3400201
:10D8F0009A4206D05D4A12F8201063F3410102F803
:10D9000020105A4B13F8203013F0010F16D1574B4B
:10D9100013F8203013F0020F08D1554B3B4400227E
:10D9200083F82521022283F8262191E0504B3B44C5
:10D93000002283F8252183F8262189E04B4B13F838
:10D94000203013F0020F08D1494B3B44002283F8EA
:10D950002521032283F826217AE0454B3B4400220F
:10D9600083F82521012283F8262171E0023103F595
:10D97000AA73B3420CD013F80E205C5D9442F5D02C
:10D980005A55042A9CBF81F845C181F84621EDE72C
:10D990008100354B0B449B78344A0A4492789A4272
:10D9A00031D0032B1ED82BB9304A02EB8002002164
:10D9B00091701CE0012B09D0022B0DD0032B16D146
:10D9C0002A4A02EB80020121917010E0274A02EB03
:10D9D0008002032191700AE0244A02EB80020221B6
:10D9E000917004E0214A02EB8002002191702049ED
:10D9F0003944002281F855211C4A02EB80029478B8
:10DA000081F8564193708100174A0A445278174BA7
:10DA10000B445B78934225D0144B03EB800042709B
:10DA20001046144B9847124B1F44002387F80531CA
:10DA300087F80601F8BD0C4B13F82030C3F3400300
:10DA40000A4A12F82020C2F340029A427FF452AFF1
:10DA500007491123DFF824E0074D4FF0000C40F692
:10DA6000B12688E7F8BD00BFECC50020200B0020E0
:10DA700094250120C544400054DD00201CD2002024
:10DA80001F4B1B78012B00D07047F0B400211C4ABB
:10DA900011701C4A1278042A03D0072A18D0F0BC4F
:10DAA000F2E7194A1578194A194E171D0C4612F853
:10DAB000010B16F8011B884208BF1D46884208BFAB
:10DAC0000124BA42F3D1002CE9D00F4B1D70E6E7D8
:10DAD0000D4A15780F4A104ED71D002412F8010F79
:10DAE00016F8011F884208BF1D46884208BF01245E
:10DAF000BA42F3D1002CD2D0034B1D70CFE700BF48
:10DB000048C5002047C5002049C5002040C5002069
:10DB1000480000203FC500204B00002010B50E48F3
:10DB20000E4B98473E2100200D4B98470D4CA047C7
:10DB30000028FCD00C4B98470C4A0D4B9A620D4CB8
:10DB4000A0470028FCD010200B4B98470B4B984760
:10DB50000148024B984710BD000E270799F140007D
:10DB6000DDE9400031EA400041EA4000013F132076
:10DB700000040E4051EA400079E940008DF0400079
:10DB80002DE9F04180B90C469046002A0FDD8F1830
:10DB9000084E094D306821462B6898470134BC4235
:10DBA000F8D14046BDE8F0814FF0FF38F9E78046F4
:10DBB000F7E700BFFCE70020F4E700200138022867
:10DBC00015D82DE9F0410E4614469AB10D46DFF8FE
:10DBD00038800C4FD8F8000015F8011B3B689847B7
:10DBE00000280ADBA81B013CF4D1BDE8F0814FF00E
:10DBF000FF3070471046BDE8F0814FF0FF30BDE8C0
:10DC0000F08100BFF8E70020FCE700202DE9F04F8D
:10DC100083B0BE4B4FF400425A600920BC4CA04771
:10DC20000A20A0470B20A0470C20A0470D20A047AA
:10DC3000B8494FF4C0630B66C1F890304B654B6236
:10DC4000C1F880300A6F22F4C0620A674A6F22F47A
:10DC5000C0624A674B604FF480364E61C1F8A060E5
:10DC60004E66C1F890604E654E62C1F880600B6FE1
:10DC700023F480330B674B6F23F480334B674FF4EF
:10DC800000334B61C1F8A0304B66C1F890304B6552
:10DC90004B62C1F880300B6F23F400330B674B6F7E
:10DCA00023F400334B674FF480530B66C1F8903078
:10DCB0004B654B62C1F880300B6F23F480530B67C8
:10DCC0004B6F23F480534B674FF480534B604FF4FA
:10DCD00000530B66C1F890304B654B62C1F8803041
:10DCE0000B6F23F400530B674B6F23F400534B6708
:10DCF0004FF400534B604FF48049C1F86090C1F875
:10DD00009090C1F85490C1F82490C1F880900B6FA6
:10DD100023F480430B674B6F23F480434B67C1F8B8
:10DD200004904FF400640C66C1F890404C654C625E
:10DD3000C1F880400B6F23F400630B674B6F23F433
:10DD400000634B674C60744A4FF00108C2F864806E
:10DD5000C2F89080C2F85480C2F82480C2F8808053
:10DD6000136F23F001031367536F23F0010353670D
:10DD7000C2F804804FF0020CC2F864C0C2F890C030
:10DD8000C2F854C0C2F824C0C2F880C0136F23F098
:10DD900002031367536F23F002035367C2F804C0F2
:10DDA00004235366C2F8903053655362C2F8803042
:10DDB000136F23F004031367536F23F004035367B7
:10DDC0000423536008255566C2F890505565556286
:10DDD000C2F88050136F23F008031367536F23F0CA
:10DDE00008035367556010205066C2F890005065D4
:10DDF0005062C2F88000136F23F010031367536F53
:10DE000023F010035367506020235366C2F890300C
:10DE100053655362C2F88030136F23F020031367F9
:10DE2000536F23F020035367202353604FF0400EBD
:10DE3000C2F864E0C2F890E0C2F854E0C2F824E00E
:10DE4000C2F880E0136F23F040031367536F23F091
:10DE500040035367C2F804E080235366C2F8903051
:10DE600053655362C2F88030136F23F08003136749
:10DE7000536F23F080035367802353605466C2F8C6
:10DE8000904054655462C2F88040136F23F40063DD
:10DE90001367536F23F40063536754604FF4807328
:10DEA0005366C2F8903053655362C2F88030D2F89E
:10DEB00070A02AF4807AC2F870A0D2F874A02AF474
:10DEC000807AC2F874A05360144B4FF4802AC3F8D0
:10DED00064A0C3F890A0C3F854A0C3F824A0C3F86A
:10DEE00080A0D3F870B02BF4802BC3F870B0D3F8B7
:10DEF00074B02BF4802BC3F874B0C3F804A04FF4B3
:10DF0000002AC2F864A0C2F890A009E050180E40A0
:10DF100061EA4000000E0E4000120E4000140E4058
:10DF2000C2F854A0C2F824A0C2F880A0D2F870B001
:10DF30002BF4002BC2F870B0D2F874B02BF4002B85
:10DF4000C2F874B0C2F804A04FF400571761C2F8C9
:10DF5000A0700D66C1F890504D654D62C1F88050BB
:10DF60000A6F22F008020A674A6F22F008024A6725
:10DF70004D600866C1F8900048654862C1F88000AD
:10DF80000A6F22F010020A674A6F22F010024A67F5
:10DF90004860C3F86090C3F89090C3F85490C3F8F9
:10DFA0002490C3F880901A6F22F480421A675A6F47
:10DFB00022F480425A67C3F80490C3F86080C3F823
:10DFC0009080C3F85480C3F82480C3F880801A6F0F
:10DFD00022F001021A675A6F22F001025A67C3F851
:10DFE0000480C3F860C0C3F890C0C3F854C0C3F83D
:10DFF00024C0C3F880C01A6F22F002021A675A6F59
:10E0000022F002025A67C3F804C01E66C3F890608B
:10E010005E655E62C3F880601A6F22F480321A6710
:10E020005A6F22F480325A675E604FF400421A66DB
:10E03000C3F890205A655A62C3F880201A6F22F400
:10E0400000421A675A6F22F400425A674FF40042A6
:10E050005A601D66C3F890505D655D62C3F88050DC
:10E060001A6F22F008021A675A6F22F008025A67E4
:10E070005D6004221A66C3F890205A655A62C3F89C
:10E0800080201A6F22F004021A675A6F22F00402ED
:10E090005A6704225A604FF480521A66C3F89020DF
:10E0A0005A655A62C3F880201A6F22F480521A67A8
:10E0B0005A6F22F480525A674FF480525A601C669D
:10E0C000C3F890405C655C62C3F880401A6F22F42C
:10E0D00000621A675A6F22F400625A675C60C3F8E4
:10E0E00060E0C3F890E0C3F854E0C3F824E0C3F85C
:10E0F00080E01A6F22F040021A675A6F22F0400245
:10E100005A67C3F804E020221A66C3F890205A65C3
:10E110005A62C3F880201A6F22F020021A675A6FE1
:10E1200022F020025A6720225A6080221A66C3F821
:10E1300090205A655A62C3F880201A6F22F080023C
:10E140001A675A6F22F080025A6780225A60186656
:10E15000C3F8900058655862C3F880001A6F22F027
:10E1600010021A675A6F22F010025A6758604FF473
:10E1700080621A66C3F890205A655A62C3F88020FC
:10E180001A6F22F480621A675A6F22F480625A670B
:10E190004FF480625A601F66C3F890705F655F62DB
:10E1A000C3F88070196F21F400511967596F21F479
:10E1B000005159675F604FF480721A66C3F890206F
:10E1C0005A655A62C3F88020196F21F4807119676B
:10E1D000596F21F4807159675A604FF400721A66C2
:10E1E000C3F890205A655A62C3F88020196F21F451
:10E1F00000711967596F21F4007159675A6009203D
:10E20000064B98474146CDF800800023424604481B
:10E21000044CA04703B0BDE8F08F00BF61EA4000A6
:10E22000000E0E40DBE74000F0B583B004460F4619
:10E230001646036843F01003036001AB0122364D1C
:10E24000A84758B9019B13F0040F0DD1236823F0A0
:10E2500010032360FF23184603B0F0BD0346226875
:10E2600022F010022260F6E72EB9236823F0100393
:10E2700023603346EFE76B461E2239462046264D83
:10E28000A847034650B9019A12F4805F0BD0009959
:10E2900011F0050F0CBF0121002105E0226822F0DA
:10E2A00010022260D7E7012112F4005F03D000982A
:10E2B00010F0020F27D112F4006F03D0009A12F071
:10E2C000010F11D191B10122616841F0010161603A
:10E2D000A2B1626842F002026260226822F010027B
:10E2E0002260B8E71A46EFE71A4600E001226168AB
:10E2F00021F001016160EBE71A46F8E7626822F05D
:10E3000002026260E9E712F4006FEBD0009A12F0AB
:10E31000010FF1D11A46D7E729E640002DE9F04177
:10E3200082B004460D46036843F01003036001AB5E
:10E3300000225D4EB04740B10346226822F0100231
:10E340002260184602B0BDE8F081019B23F4B0437F
:10E3500043F480630193002229462046534EB04780
:10E36000034620B1226822F010022260E9E740F261
:10E37000E1130422294620464C4EB047034620B103
:10E38000226822F010022260DBE701AB002229465E
:10E390002046454EB047034620B1226822F01002C5
:10E3A0002260CEE7019B43F44453019300222946A7
:10E3B00020463E4EB047034620B1226822F01002AC
:10E3C0002260BEE7019B23F4806343F40073019352
:10E3D000002229462046354EB0470346B0B9344E98
:10E3E0004FF00108304F01AB424629462046B8475E
:10E3F000034680B9019B13F0200F11D1013EF2D1E9
:10E40000236823F01003236001239AE7226822F097
:10E410001002226095E7226822F01002226090E745
:10E420006B460522294620461F4DA847034680B962
:10E43000009A12F4807F13D112F0400F2CD112F009
:10E44000800F08BF024609D1616821F001016160B7
:10E450000BE0226822F01002226072E7024600E020
:10E460000122616841F001016160BAB1626842F065
:10E4700002026260E26842F00102E2600D4A116845
:10E4800041F008011160116841F004011160226837
:10E4900022F01002226054E70122D5E7626822F0E0
:10E4A00002026260E6E700BF29E6400089E640001C
:10E4B00040420F00004003402DE9F04383B0054681
:10E4C0008946036843F0100303604FF4004302AE33
:10E4D00046F8043D00220E4CA0470A244FF00008E5
:10E4E0000C4F3346424649462846B847013C019BFB
:10E4F00013F4004F01D0002CF3D12B6823F010034C
:10E500002B60201C18BF012003B0BDE8F08300BFC2
:10E5100089E6400029E640002DE9F04383B0064635
:10E52000894614463748384B9847384B9C425DD84B
:10E53000374B9C420FD8374B9C423ED8364B9C42BF
:10E540003ED8364B9C423ED8354B9C428CBF4FF454
:10E550008023002301E04FF4A013726822F4E0123C
:10E56000726074681C43746002AB002243F8042D8F
:10E57000326842F010023260022249463046294C8D
:10E58000A047019B052B35D04C4620254FF00208B3
:10E59000244F013404F01F0401AB424621463046AB
:10E5A000B847019B222B11D06B1E13F0FF05F0D151
:10E5B000336823F01003336018E04FF48013CCE786
:10E5C0004FF44023C9E74FF40023C6E7336823F034
:10E5D00010033360214601AB01223046114DA8479C
:10E5E000A14503D049463046074B9847002003B069
:10E5F000BDE8F083336823F01003336049460024FC
:10E60000E9E700BF00400340B9E44000001C4E0EA3
:10E6100000688909000E270700B4C404005A62028A
:10E62000002D310129E6400010B483B0846814F055
:10E63000040FFBD0920402F4F80242F0C04242F40C
:10E640000032C90501F078610A4342630022019259
:10E650000C49826812F0040F07D1019A013201922D
:10E66000019A8A42F5D9012007E0826812F0040F6E
:10E67000FBD0426B92B21A60002003B05DF8044BED
:10E68000704700BF3F420F0010B483B0846814F09D
:10E69000040FFBD0920402F4F80242F0A04242F4CC
:10E6A0000032C90501F078610A439BB21A43426304
:10E6B00000230193084A836813F0040F07D1019BDC
:10E6C00001330193019B9342F5D9012000E0002022
:10E6D00003B05DF8044B70473F420F00C0F8841050
:10E6E00053004FF40042B2FBF3F2013AC2F30D02C1
:10E6F000C0F88C207047016370474163704721F078
:10E700000061B1F1405F0CBF836BC36B134214BF58
:10E710000120002070474264B1F1C05F3AD013D8A5
:10E72000B1F1006F25D0B1F1805F0AD1036F1343BF
:10E730000367436F416F0B4023EA02034367426064
:10E7400070470029FBD17047B1F1205F21D009D873
:10E75000B1F1005FF3D1036F13430367436F1343BA
:10E760004367ECE7B1F1405F13D0B1F1605F10D0C7
:10E77000E5E710B4016F046FD34321401C461940F4
:10E780000167436F416F0B402340436742605DF870
:10E79000044B7047036F016F0B4023EA02030367CA
:10E7A000436F13434367CAE7416412F0010F14BF7C
:10E7B0004166016612F00A0F14BF0162416212F055
:10E7C000020F07D112F0080F18BFC0F88410416182
:10E7D00001607047C0F88010F9E710B4019C4164F3
:10E7E0004CB901664BB101654AB9416301610160F1
:10E7F0005DF8044B70474166F4E74165F4E7016357
:10E80000F4E712F0100F10D0C0F8B01012F0200F83
:10E8100014BFC0F8D410C0F8D01012F0400F14BFCD
:10E82000C0F8C010C0F8C4107047C0F8B4107047EA
:10E8300001647047C06C7047806C70472DE9F843E5
:10E8400081460F46124B984705464846114B98475C
:10E85000054013D0104C04F1800603E0B4420DD003
:10E8600010345DB12068B842F8D161682942F5D012
:10E87000E3689847636825EA0305EFE7074B1B68E1
:10E8800023B1074B1B680BB148469847BDE8F88396
:10E8900035E8400039E84000140C002000E8002072
:10E8A000A80C0020F8B5184C2668082E29D84FF07F
:10E8B000000C6446154F04E00134E4B2A446A642BD
:10E8C00009D3A64625017D598D42F5D107EB0415E4
:10E8D0006D689542F0D10D4D4FEA0E1E05EB0E040A
:10E8E00045F80E106260A3600699E1600136664546
:10E8F00004BF05490E6011461A46054B9847002093
:10E90000F8BD0120F8BD00BFA40C0020140C0020AD
:10E9100003E8400008B509210148024B984708BDAB
:10E92000000E0E403DE8400008B50A210148024BA8
:10E93000984708BD00100E403DE8400008B50B2187
:10E940000148024B984708BD00120E403DE84000C8
:10E9500008B50C210148024B984708BD00140E4031
:10E960003DE8400008B50D210148024B984708BD1D
:10E9700000160E403DE84000174A136B23F0700369
:10E9800018431063936E13F0080F0AD14FF400631D
:10E9900011498A6E12F0080F03D1013BF9D1012011
:10E9A00070470D4A136B23F0030343F00203136314
:10E9B000936E13F0080F0AD14FF4006306498A6E74
:10E9C00012F0080F05D1013BF9D10120704700205A
:10E9D00070470020704700BF00040E40C8B9114ABC
:10E9E000136A090289B223F45C1323F0030343F48E
:10E9F0005C1343F001030B431362936E13F0010F9A
:10EA0000FBD0084A136A43F09B7343F480331362CC
:10EA1000704704490B6A044A1A40044B13430B62C3
:10EA2000704700BF00040E40FCFFC8FE0200370123
:10EA3000024B986E00F48030704700BF00040E4017
:10EA40004FF00052014B9A62704700BF00040E4025
:10EA5000024B986E00F00200704700BF00040E40A9
:10EA60002F281ED81F280CD8114B9A6901238340E8
:10EA7000934318D0012303FA00F00D4B18610020D6
:10EA8000704720380A4BD3F8082101238340934371
:10EA90000BD0012303FA00F0054BC3F8000100205E
:10EAA000704701207047002070470020704700BF6A
:10EAB00000040E4010B489014318022444504FF062
:10EAC000FF319962196A5A605DF8044B70478901F9
:10EAD00005234350704700EB8111CA61704700EB7A
:10EAE00081114A62704700EB8111086A7047F0B4E7
:10EAF00086B00224019408240294202403948024E4
:10EB000004940A9CE40B0594B0EB510F14D84C0C00
:10EB1000A04217D2012501AF57F82540B1FBF4F40C
:10EB2000260C84420AD386420DD90135052DF3D136
:10EB3000002006B0F0BC70470020FAE70020F8E79C
:10EB40000120F6E700252AB106A901EB850151F85D
:10EB5000141C1160002BF3D01D600120E9E70000B8
:10EB60002A4B99424AD8A3F57A5399422CD910B42A
:10EB7000274CA4FB0234A40B043C264B0B449B0003
:10EB8000B2FBF3F2043AFF2C3AD9002101316408B8
:10EB9000FF2C0ED90729F9D113029BB2090401F405
:10EBA000E0210B43E4B22343036100205DF8044BF2
:10EBB0007047FF2AF0D90629EED801315208FF2A02
:10EBC000EAD90629F9D9E7E74900B2FBF1F2043A9C
:10EBD000FF2A11D9002301335208FF2A01D9072B3C
:10EBE000F9D1110289B21B0403F4E0230B43D2B222
:10EBF0001A430261002070470023F2E701207047AA
:10EC0000FF2A88BF0021D8D80021C5E7801A060056
:10EC1000F11976050012FD3F38B504460D464FF058
:10EC2000FF338362036A80230360036B082303605E
:10EC300020230360042303600A684968054B984752
:10EC4000012814BF002001206B7A012B04BF402350
:10EC5000236038BD61EB40000A4659B103780129B1
:10EC6000C4BF417841EA0323022A04DD827842EAE4
:10EC7000032300E00023184670470000F8B5CC6875
:10EC8000002C4FD00B4605468E68002068604A680D
:10EC9000120202F4407242F48052097C090401F429
:10ECA000FE010A436A60E86059681846224B98479B
:10ECB000E860012C0FD001232B6000202B6A13F495
:10ECC000807F36D147F22F5147F230574FF0010E77
:10ECD0004FF0020C19E003232B600120EEE70A46F7
:10ECE00070460CE008B9C5F800C013F0020FF6D06A
:10ECF00070462B6B3370013C01363A4664B12B6A87
:10ED000013F4807F11D1511E8AB1012CEAD013F087
:10ED1000020FEED10A46F1E72B6A13F0010FFBD088
:10ED20002B6A00E001242046F8BD0524FBE70924F6
:10ED3000F9E70524F7E700BF59EC400070B5CD684E
:10ED4000002D35D00B4604468E68002060600A7C9A
:10ED5000120402F4FE024968090201F440710A43F8
:10ED60006260E06059681846154B9847E060236A76
:10ED700013F4807F06D005251BE05DB1236A13F4F0
:10ED8000807F18D113F0040FF7D033786363013D0F
:10ED90000136F2E7236A13F4807F0ED113F0040FDB
:10EDA000F8D002232360236A13F0010FFBD000E0A8
:10EDB0000125284670BD0525FBE70525F9E700BFBD
:10EDC00059EC400010B4AC2303600B684A68B3FBF5
:10EDD000F2F31B095C1E4FF6FE7294420CD80362DC
:10EDE0008B68436040F20223C0F820315023036057
:10EDF00000205DF8044B70470120FAE740230360D0
:10EE0000704710230360704781607047C16070478E
:10EE100040697047436913F0020F1ABFC1610020B7
:10EE200001207047436913F0010F1DBF83690B7008
:10EE300000200120704710B40B01934214D9C9007F
:10EE40004B0803EBC202B2FBF1F2D3085C1E4FF693
:10EE5000FE718C4201D9012017E0416841F4002184
:10EE600041600CE0012010E0590801EBC202B2FB46
:10EE7000F3F2D3085C1E4FF6FE718C42F2D81204F6
:10EE800002F4E0221A43026200205DF8044B70474E
:10EE90000A4BC0F8E4300023436043628362882356
:10EEA0000360242303604FF4807303604FF4002356
:10EEB00003604FF400330360704700BF00415355B7
:10EEC00070B505460C4616460F4B984700220F4B6F
:10EED0001A60A4B13246216828460D4B9847024675
:10EEE00078B96368A1680B4321690B43E1680B4360
:10EEF00006490B6069680B436B60104670BD0122C8
:10EF0000FBE70122F9E700BF91EE4000AC0C0020C6
:10EF100037EE4000402303607047102303607047C2
:10EF200081607047C160704740697047436913F062
:10EF3000020F1DBFC1F30801C1610020012070470D
:10EF4000436913F0010F05D08369C3F308030B6015
:10EF50000020704701207047094BB3FBF1F181425B
:10EF600002D94FF6FF707047C1EB0133834202D2E2
:10EF70004FF6FF707047B0FBF1F0C0F30B00704725
:10EF80000020A10710B4054C04EA0343C2F30B02AE
:10EF900013430B4343605DF8044B70470000FF0FC1
:10EFA0004FF4004343607047024B984204BF024A4B
:10EFB0001A60704750180E40010000A58068704725
:10EFC000FEE7000000B583B0254B264A9A4210D0D8
:10EFD000254B234A9A420CD2013B9B1A23F0030390
:10EFE000043313441F4951F8040B42F8040B9A42AE
:10EFF000F9D11E4B1E4A9A420AD2013B9B1A23F0BA
:10F00000030304331344002142F8041B9342FBD151
:10F01000184A194B23F07F039360EFF31083B3FA80
:10F0200083F35B09019372B6BFF35F8F0022134B2A
:10F030001A700199124A136843F470031360BFF306
:10F040004F8FBFF36F8F29B101220C4B1A70BFF3A2
:10F050005F8F62B60B4B98470B4B9847FEE700BF9C
:10F0600000000020BC0A4200E80A00209C28012081
:10F07000E80A002000ED00E00000400053000020FE
:10F0800088ED00E0B9D24100759941003B4B1B6B04
:10F0900003F00303012B1DD083B1022B36D0374B75
:10F0A0001B6B03F07003702B5FD0344B1A6B344929
:10F0B000C2F302120B68D3400B607047314B5B699F
:10F0C00013F0800F14BF4FF400424FF4FA422C4B60
:10F0D0001A60E4E7294B1B6A13F0807F03D02A4AA9
:10F0E000274B1A60DBE7294A254B1A60234B1B6A22
:10F0F00003F07003102B05D0202BD0D1224A204BD7
:10F100001A60CCE7224A1E4B1A60C8E71B4B1B6AE9
:10F1100013F0807F16D01C4A194B1A60174B1B6BDB
:10F1200003F00303022BBAD1144A916A926A14487D
:10F13000C1F30A41036801FB0333D2B2B3FBF2F31C
:10F140000360ACE7114A0E4B1A600C4B1B6A03F0CC
:10F150007003102B05D0202BE0D10B4A084B1A600E
:10F16000DCE70B4A064B1A60D8E7054A13680949E1
:10F17000A1FB03135B081360704700BF00040E403F
:10F180005400002010180E40001BB70000093D007D
:10F1900000127A00ABAAAAAA124B984211D9124BBC
:10F1A000984213D9114B984214D9114B984215D952
:10F1B000104B984294BF4FF004220F4A0F4B1A6035
:10F1C00070474FF080620D4B1A6070470C4A0B4B32
:10F1D0001A6070470B4A094B1A6070470A4A074B7E
:10F1E0001A607047FF2C3101FF596202FF869303BA
:10F1F000FFB3C404FFE0F50500050004000A0E405B
:10F200000001000400020004000300040A4B1B6814
:10F2100053B1094B1B681A180849914208DB104684
:10F22000054A106018467047054A034B1A60F0E71C
:10F230004FF0FF30704700BFB00C0020FCFF0120F2
:10F24000A05801204FF0FF3070474FF400534B603F
:10F2500000207047012070470020704700F108032C
:10F2600043604FF0FF328260C3600361002303609C
:10F27000704700230361704743685A684A604268D8
:10F280008A605A689160596041600861036801337F
:10F290000360704710B40C68B4F1FF3F16D000F162
:10F2A0000803C2681268944204D35B685A68126803
:10F2B0009442FAD25A684A6091608B605960086142
:10F2C0000368013303605DF8044B70470369F1E79D
:10F2D000436882689A60836842685A6003695A6822
:10F2E000904204BF82685A60002202611A68013AA3
:10F2F0001A6018687047000003480068006880F3CF
:10F30000088862B600DF00BF08ED00E0DFF80C00FF
:10F31000016841F4700101607047000088ED00E071
:10F320004FF0807340F8043C40F8081C002340F87C
:10F330000C3C40F8202C6FF0020340F8243C443889
:10F3400070470000054B19680868B0E8F04F80F37B
:10F3500009884FF0000080F311887047C05C0020DE
:10F360004FF08052014B1A60704700BF04ED00E07F
:10F37000EFF311804FF0A00181F311887047002056
:10F3800008B5034B9847034A13680133136008BD5F
:10F3900071F340005800002080F31188704700008E
:10F3A00008B5054A1368013B136003B108BD00208E
:10F3B000024B9847FAE700BF5800002099F340003D
:10F3C000EFF30980114B1A681EF0100F08BF20EDF3
:10F3D000108A20E9F04F10602DE908404FF0A0009E
:10F3E00080F3118800F0C8FE4FF0000080F3118810
:10F3F000BDE8084019680868B0E8F04F1EF0100F2B
:10F4000008BFB0EC108A80F309887047C05C002008
:10F4100008B54FF08052054B1A60054B9847054BD5
:10F4200098470020044B984708BD00BF04ED00E05A
:10F4300071F3400071FE400099F34000034A044B11
:10F440001A600722043B1A60704700BFBFD4010056
:10F4500014E000E010B50C4B1A6842F470021A6018
:10F460001A6842F070421A60084B98470024084B13
:10F470001C60084B9847084A136843F040431360E8
:10F48000064B9847204610BD20ED00E03DF44000BB
:10F49000580000200DF3400034EF00E0F9F2400086
:10F4A00010B4134A00E01A4613688342FBD3516834
:10F4B0005418A0420AD041684418A3420BD00360FC
:10F4C000904218BF10605DF8044B704740680144DB
:10F4D00051601046EFE7074C2468A34206D05B68F2
:10F4E0001944416013681B680360E9E70360E7E7BC
:10F4F000B85C0020B40C002038B504462C4B98476B
:10F500002C4B1B688BB1002C4BD004F1100212F075
:10F51000070F1CBF22F007020832511E44F6FE738B
:10F5200099423BD824490C6816E0234A234B1360C8
:10F530000021516044F6F07298181E4D286044F680
:10F54000F475595199505A6018601D4A1368103B60
:10F550001360D8E721461C4663689A4202D92368A3
:10F56000002BF7D1134B1B689C4217D00D68103548
:10F5700023680B6063689B1A202B09D8104A136814
:10F5800061685B1A13600F4B984765B1284638BD18
:10F59000A018436062600C4B9847EFE7094B98470F
:10F5A00001E0084B9847094B98470025EEE700BF5C
:10F5B00041FE4000B40C0020B85C0020B80C0020D4
:10F5C0005C00002099FF4000A1F4400009B7410011
:10F5D00080B110B50446084B9847084A54F80C3CD3
:10F5E00011680B441360A4F11000054B9847054BBC
:10F5F000984710BD704700BF41FE40005C000020EE
:10F60000A1F4400099FF400010B50446036C5BB9BB
:10F6100003681BB1A36B0133A36310BD4068124B99
:10F62000984700236360F5E76AB91A4680680F4B74
:10F630009847A368226C1344A36062689342E9D39D
:10F640002368A360E6E71A46C068084B9847226C17
:10F650005242E3681344E36021688B42DAD2636864
:10F660001A44E260D6E700BF4104410091D3410053
:10F6700038B50346006858B11A6CDC681444DC6085
:10F680005D68AC4228BFD8600846D968014B9847EE
:10F6900038BD00BF91D34100F8B504461F4B9847D1
:10F6A000A36C002B14DD636A93B104F124061C4D96
:10F6B0001C4F07E0A36C013BA364A36C002B07DD88
:10F6C000636A2BB13046A8470028F3D0B847F1E76A
:10F6D0004FF0FF33A364144B9847104B9847636C6B
:10F6E000002B14DD236993B104F110060C4D0D4F6E
:10F6F00007E0636C013B6364636C002B07DD2369E7
:10F700002BB13046A8470028F3D0B847F1E74FF0B7
:10F71000FF336364044B9847F8BD00BF81F340009A
:10F720009902410089034100A1F3400038B5044625
:10F730000D46154B98472268216CE36B03FB01F3E0
:10F74000D01860600020A063A2605B1A1344E360DD
:10F750004FF0FF336364A36475B923691BB90B4B86
:10F760009847012038BD04F11000094B9847012843
:10F77000F5D1084B9847F2E704F11000064DA84771
:10F7800004F12400A847EAE781F34000A1F3400018
:10F790009902410061F340005DF2400070B5D0B1C4
:10F7A00006460D464C200E4B98470446A8B105FB73
:10F7B00006F001300A4B9847206038B1E6632564B3
:10F7C00001212046074B9847204670BD2046064B36
:10F7D00098470024F8E70024F6E70024F4E700BF88
:10F7E000F9F440002DF74000D1F540002DE9F04F2D
:10F7F00085B00446894601929A460027324DDFF8CB
:10F80000F080324E22E0524649462046304B98471F
:10F81000636A2BB92D4B9847012005B0BDE8F08FE6
:10F8200004F124002B4B98470128F3D12A4B984729
:10F83000F0E7264B98470020EFE702A8C0470FE00B
:10F840002046264B9847264B98470127A847A26B8E
:10F85000E36B9A42D7D3019B002BEAD0002FECD068
:10F86000B047204B9847A847636CB3F1FF3F04BFF4
:10F8700000236364A36CB3F1FF3F04BF0023A364C0
:10F88000B04701A902A8184B9847A8B9A847D4F8CF
:10F8900038B0E76BB047BB45D2D1019904F11000F5
:10F8A000124B984720460D4B98470D4B9847002820
:10F8B000CBD1094B9847C8E72046084B9847084BDF
:10F8C00098470020A9E700BF81F34000A1F3400062
:10F8D00009F640009902410061F3400099F64000AA
:10F8E00099FF400041FE40002503410049024100CC
:10F8F0000D0341002DE9F04104460E461746984697
:10F90000164B98470546A26BE36B9A4206D3002438
:10F910002846134B98472046BDE8F08142463146C1
:10F920002046104B9847A36CB3F1FF3F04D0A36C63
:10F930000133A3640124EBE7636A0BB90124E7E711
:10F9400004F12400084B984718B127B101243C600A
:10F95000DEE70124DCE70124DAE700BF71F34000B1
:10F9600099F3400009F64000990241002DE9F04763
:10F9700084B004468A46019299460027414DDFF83B
:10F980003481414E41E0E568514620463F4B98475F
:10F99000B9F1000F19D1A36B013BA36323683BB1FD
:10F9A00023694BB9384B9847012004B0BDE8F08774
:10F9B000374B98476060F3E704F11000354B9847E8
:10F9C0000128EFD1344B9847ECE7E560636A002BE0
:10F9D000E8D004F124002F4B98470028E2D02E4BAA
:10F9E0009847DFE7284B98470020DEE702A8C0478A
:10F9F00014E0A8476068294B9847B0472CE02046A0
:10FA0000274B9847274B98470127A847A36B002B04
:10FA1000B9D1019B002BE5D0002FE7D0B047224B96
:10FA20009847A847636CB3F1FF3F04BF00236364AA
:10FA3000A36CB3F1FF3F04BF0023A364B04701A947
:10FA400002A81A4B9847B0B9A847A76BB047002F38
:10FA5000D5D12368002BCCD0019904F12400144B9C
:10FA6000984720460E4B98470E4B98470028CBD11D
:10FA7000094B9847C8E72046094B9847094B9847D8
:10FA8000002092E781F34000A1F3400071F64000AE
:10FA9000950341009902410061F34000A103410038
:10FAA00099F6400099FF400041FE400025034100C7
:10FAB000490241000D03410038B504460C4B5B6818
:10FAC00098420ED00A4B0122D9688C420AD00132EA
:10FAD0000833082AF8D12068064DA8472046A847D1
:10FAE00038BD00220021024B43F83210F3E700BF7B
:10FAF00004E80020D1F5400010B50F4B1B6858609A
:10FB00000E4B1B6898420ED304460D4B18680A4BE7
:10FB1000196804310B4B98470B4B1B689C423CBF48
:10FB2000094B1C6010BD094B1868034B1968043160
:10FB3000044B984710BD00BFC05C0020AC5D0020A6
:10FB4000C45C002095F2400060000020C85C0020EA
:10FB50002DE9F04F83B000900E4615460193DDF875
:10FB600030B0DDF834A00E9F48205A4B984700284B
:10FB70007ED00446002F71D00763AA00A521384625
:10FB8000554B984705F18042013A256B05EB8205FC
:10FB900025F007050A22314604F134004F4B9847FF
:10FBA0004FF0000884F83D805E46042E28BF0426EE
:10FBB000E6622664271D3846DFF87091C84704F1D5
:10FBC0001800C8472461C6F10506A6616462C4F83E
:10FBD0004480019A00992846414B98472060BAF129
:10FBE000000F01D0CAF800403E4B98473E4A1368C8
:10FBF000013313603D4B1B68002B3CD03C4B1B6812
:10FC000033B93A4B1B68DB6A9B4524BF374B1C60FA
:10FC1000E06A384B1B68984284BF364B1860364AFE
:10FC2000136801331360354A1168012383400B4385
:10FC3000136000EB80003946314B03EB8000314B01
:10FC40009847314B98472A4B1B68002B3DD0274BD8
:10FC50001B68DB6A9B4534D8012037E0A8001D4BA8
:10FC6000984707462063002887D12046274B9847AE
:10FC70004FF0FF302AE01D4B1C601368012BC7D1E9
:10FC80001F4E3046224DA84706F11400A84706F142
:10FC90002800A84706F13C00A84706F15000A847F5
:10FCA000DFF88C804046A8471A4E3046A8471A48CD
:10FCB000A8471A48A8471A4BC3F80080194B1E6082
:10FCC000A6E7194B9847012000E0012003B0BDE8EA
:10FCD000F08F00BFF9F44000C5D4410001D84100C5
:10FCE00021F3400081F34000345D0020C05C00201F
:10FCF000945D00204C5D0020405D0020485D0020A8
:10FD0000CC5C002079F24000A1F34000D1F5400026
:10FD10005DF24000645D0020805D0020985D002061
:10FD2000C45C0020C85C002061F3400073F2400016
:10FD3000505D002070B504461E4B98471E4B1B6853
:10FD4000A3422FD02546002C2CD02E1D30461B4B15
:10FD5000984770B9EA6A02EB82039B001849CB58B6
:10FD60003BB918480368012101FA02F223EA0202B2
:10FD70000260AB6A1BB105F11800104B9847314681
:10FD80001148124B9847124A136801331360114A05
:10FD9000136801331360104B9847104B1B6803B175
:10FDA00024B170BD044B1D680024CEE70C4B98476E
:10FDB000F7E700BF81F34000C05C0020D1F24000B3
:10FDC000CC5C0020485D0020985D002079F2400066
:10FDD000445D0020405D0020A1F34000945D0020C0
:10FDE00061F3400010B584B00023039302930193A4
:10FDF000009382220A490B480B4CA047012801D0EE
:10FE000004B010BD094B98470122094B1A6000222B
:10FE1000084B1A60084B9847084B9847F0E700BF1B
:10FE2000F4044200F100410051FB400071F3400036
:10FE3000945D0020AC5D0020F5B7410055F4400012
:10FE4000024A136801331360704700BF3C5D002015
:10FE500010B5044B9847044B1C68044B9847204648
:10FE600010BD00BF81F34000AC5D0020A1F3400055
:10FE70003E4B1B68002B6ED13D4B1A6801321A6055
:10FE80001B6883B93B4B19683B4A106818601160C6
:10FE90003A490A6801320A601B681B68FBB94FF0D7
:10FEA000FF32374B1A60324B1A68354B1B689A4247
:10FEB0005AD3304B1B681B68002B51D02DE9F04101
:10FEC0002C4B1B68DB68D3F80C80D8F80430284A28
:10FED0001268934211D82B4E2B4D2C4F32E0254BFC
:10FEE0001B68DB68DB685A68254B1A60DBE74FF05C
:10FEF000FF32234B1A60BDE8F081214A1360BDE850
:10FF0000F08108F11800B047D8F82C002A680123C6
:10FF1000834013432B6000EB8000214607EB8000F9
:10FF20001B4B9847134B1B681B68002BDFD0114BF2
:10FF30001B68DB68D3F80C80D8F804300C4A1268D0
:10FF40009342DAD808F104042046B047D8F82830A4
:10FF5000002BD6D1D8E70F4A1368013313607047DE
:10FF60004FF0FF32064B1A60704700BF3C5D002027
:10FF7000AC5D0020C45C0020C85C00207C5D0020DB
:10FF800060000020D1F24000485D0020CC5C0020E1
:10FF900079F24000385D00202DE9F8432C4B98475A
:10FFA0002C4B1A68013A1A601B68002B4AD12A4B65
:10FFB0001B6833B10026294FDFF8C490DFF8C480F6
:10FFC00020E000263FE0FB68DC6804F11800C84729
:10FFD000251D2846C847E06AD8F800200123834041
:10FFE0001343C8F8003000EB800029461C4B03EB9C
:10FFF00080001C4B98471C4B1B68E26ADB6A9A42E4
:020000040041B9
:1000000028BF01263B68002BDDD1184B1B6893B13C
:10001000164B1B6843B1164D144CA8472368013B8F
:1000200023602368002BF8D10022124B1A60124B78
:100030009847012607E0012EF6D00E4B1B68012BD6
:1000400001D1F1E700260D4B98473046BDE8F88313
:1000500081F340003C5D0020345D0020805D002085
:10006000CC5C002079F24000C05C0020385D0020AC
:1000700071FE4000785D002061F34000A1F3400074
:10008000D1F24000485D002010B510B9104B9847E0
:1000900010BD04460F4B98470F4B1B681C440F4B79
:1000A000186804300E4B984748B90C4B1A680D4934
:1000B0000B68D06A0122824023EA02030B602046CB
:1000C000094B9847094B98470028E1D1DEE700BF6C
:1000D00061F3400041FE4000AC5D0020C05C0020A8
:1000E000D1F24000485D0020F9FA400099FF40003D
:1000F00080B5164DDFF87880154E24E0154B1B684F
:10010000012B1ED82B68002BF8D0C0473468B847A5
:10011000002CF7D0104B9847F368DC68201D0F4B7C
:1001200098470F4A1368013B13602B68013B2B6013
:100130000C4B9847206BDFF83C90C8472046C847D7
:10014000E0E7094B9847094FDCE700BF445D00201A
:10015000985D0020CC5C002081F34000D1F240008B
:10016000345D0020A1F3400061F3400099FF40009E
:1001700041FE4000D1F5400038B5294B1B681BB14A
:100180000122284B1A6038BD274B9847274A14682C
:100190002749636C0D685B1B034463640860116846
:1001A00013680A681B6B9A4225D9204B1B681422DE
:1001B0002049186B204B984720BB204B1B68B3FA93
:1001C00083F3DBB2C3F11F031D4A9900C81802EB89
:1001D00080004468646844601944024608329442CE
:1001E00017D003EB8303164A02EB83035B68DA68DC
:1001F0000E4B1A6038BD0D4B186819683431114B1D
:100200009847D2E7094B1868196834310D4B984765
:10021000D3E760680A460A4901EB82025060E0E7D2
:100220003C5D0020785D002035B84100C05C0020B6
:10023000305D0020E004420031D34100485D0020E1
:10024000CC5C002015B7410038B50D460C4C216838
:1002500018310C4B9847206804300B4B984740B935
:1002600022680A490B68D06A0122824023EA02030D
:100270000B60074B18682844064B984738BD00BFF1
:10028000C05C002095F24000D1F24000485D0020A3
:10029000AC5D0020F9FA400038B5C368DC6804F1B1
:1002A00018052846124B9847124B1B68DBB9251DD1
:1002B00028460F4B9847E06A0F4A11680123834094
:1002C0000B43136000EB800029460C4B03EB8000CE
:1002D0000B4B98470B4B1B68E06ADB6A984234BFB4
:1002E0000020012038BD29460748054B9847F1E713
:1002F000D1F240003C5D0020485D0020CC5C002035
:1003000079F24000C05C0020805D0020034B1B6838
:100310000360034B1B684360704700BF7C5D002097
:10032000AC5D002038B504460D46124B9847124B81
:100330001B6822689A4204D0104B1B6862689A427C
:1003400015D90E4B1B6861682A685B1A934204D367
:1003500001240B4B9847204638BD084B1B68591A9F
:10036000521A2A602046074B98470024F1E70124DF
:10037000EFE700BF81F340007C5D0020AC5D002012
:10038000A1F340000D0341000122014B1A607047A8
:10039000785D0020014B1868704700BFC05C0020EA
:1003A000002841D038B50446C36A20490968C96AA3
:1003B0008B4211D21D490968C96AC1F105018161E9
:1003C00003EB83031A4901EB83034169994204D08B
:1003D000164B1B68DB6AC36238BD051D2846154BEA
:1003E000984770B9E26A02EB82039B001049CB5830
:1003F0003BB911480368012101FA02F223EA020322
:1004000003600A4B1B68D86AE0620B4A116801233B
:1004100083400B43136000EB80002946044B03EB41
:100420008000064B984738BD704700BFC05C002075
:10043000CC5C0020D1F24000485D002079F2400001
:1004400000282DD038B50446C16A026C914226D0EE
:10045000051D2846134B984770B9E26A02EB8203E8
:100460009B001149CB583BB910480368012101FAA0
:1004700002F223EA02020260236CE362C3F1050286
:10048000A2610A49086801229A4002430A6003EB0C
:1004900083032946044800EB8300054B984738BD89
:1004A000704700BFD1F24000CC5C0020485D0020C6
:1004B00079F24000C0B130B587B004460B4B0093D1
:1004C00001908DF80C106846094B98470546094B7A
:1004D000984794F9083013F1090FA8BF2572064B0D
:1004E0009847284607B030BDFEE700BF59134100CA
:1004F000A5154100218941003189410070B588B0BE
:100500000023079359B10D4600230B6040B1044608
:1005100000F110063046284B984710B9FEE7FEE779
:10052000FEE794F9080010F1090F01DA08B070BD78
:10053000002207A93046214B98472378102B36D14B
:10054000237E13F0080F07D0079B33BB1C4B01938E
:1005500002940123049307E0194B01930294079B33
:10056000002BF6D01B89049301A8164B9847079BD4
:100570009BB9636A1BB10022012120469847124BA8
:10058000984794F9083013F1090FA4BFF42323729C
:100590000E4B98476FF00B00C8E71A89636A13B1D6
:1005A000012120469847079B2B600020BEE7079B50
:1005B0001B681A89F2E700BFE188410041884100C9
:1005C000B5124100A5154100218941003189410042
:1005D00030B587B00D4611460E4B9847044640B1E2
:1005E0000D4B00938DF80C50019068460B4B9847CB
:1005F00010B9204607B030BD04F10C00084B9847F5
:1006000004F11000074B984721460720064B9847F6
:100610000024EEE7850E4100FD0D4100A5154100C7
:10062000D1864100C5874100853E410070B110B5BB
:1006300086B00446064B009301906846054B9847E8
:100640002046054B9847002006B010BD002070479B
:10065000E1104100A5154100110F4100C8B130B5AE
:1006600087B004460B4B009301900391ADF8102026
:100670006846094B98470546084B984794F9083057
:1006800013F1090FA8BF2572054B9847284607B0FC
:1006900030BDFEE781114100A515410021894100CF
:1006A00031894100B0B130B587B004460A4B0093A0
:1006B00001906846094B98470546094B984794F9BD
:1006C000083013F1090FA8BF2572064B984728463A
:1006D00007B030BDFEE700BFD9114100A5154100AC
:1006E000218941003189410069B170B582B00E465F
:1006F00000220A6040B1044600F114052846154B5B
:10070000984710B9FEE7FEE7FEE794F9080010F1FC
:10071000090F01DA02B070BD002201A928460E4B74
:100720009847636A1BB10022012120469847019B2C
:100730006BB90A4B984794F9083013F1090FA4BF1D
:10074000F6232372064B98476FF00900E2E7336007
:100750000020DFE7E1884100418841002189410014
:100760003189410059B170B582B00E4600230B604B
:1007700030B1044610301D4B984710B9FEE7FEE734
:10078000FEE72378102B07D031462046184B9847B8
:100790000446204602B070BD002301930620154B8D
:1007A0009847054668B9144B984794F9083013F1F7
:1007B000090FA4BFFF232372104B98474FF0FF345B
:1007C000E7E701A920460A4B9847044620B129468D
:1007D00006200B4B9847DCE7019B2B60019B6B606D
:1007E0000023AB81AB603560D3E700BFE1884100F7
:1007F000FD0441001D3E4100218941003189410035
:10080000853E4100F0B587B00C9E20B104460078CB
:10081000102801D0FEE7FEE742B315460A46217EC6
:1008200011F0020F02D113F0040F03D006BB6FF0DA
:10083000050716E016490091019403928DF81430D3
:1008400004956846134B9847074600B966B9124BA2
:10085000984794F9083013F1090FA8BF27720F4B7E
:100860009847384607B0F0BD3560F0E70027F8E755
:1008700007490091019403928DF81430049568465D
:10088000044B984707460028E1D1049B3360DEE71C
:1008900001134100A5154100218941003189410022
:1008A00008B50321014B984708BD00BFB5044100BE
:1008B0002DE9F041144638B19846054600F110067E
:1008C0003046194B984720B92046184B9847BDE849
:1008D000F0810620164B98470746C0B1046044607B
:1008E000B8F1000F18D0D8F80030BB60BDF8183050
:1008F000BB812489394630460E4B984770B96B6AE4
:100900001BB12246002128469847BDE8F0812046C9
:10091000064B9847BDE8F0810023E6E73846064BD2
:100920009847BDE8F08100BFE1884100A94141003E
:100930001D3E410015884100BD13410010B5014620
:1009400044682046094B984709492046094B984777
:1009500009492046094B9847042209492046094B7A
:10096000984709492046094B984710BD0D4841005A
:10097000650D4100114841000D0D4100174841002F
:10098000B50C410025484100910941001B48410038
:10099000F8B504460F4600264660234B9847277259
:1009A000224B984765786670636A7BB132460421B2
:1009B00020469847636A4BB13246314620469847F5
:1009C000636A1BB1324602212046984704F11006A3
:1009D0003046174B984798B904F114063046144B2B
:1009E000984790B9012D03D0033DEDB2012D06D8F3
:1009F000237E23F00402227613F0040F0AD0F8BD00
:100A0000002130460B4B9847E6E700213046094B62
:100A10009847E7E7236A1F710023236204F10C0063
:100A2000054B9847EBE700BF218941003189410020
:100A3000E188410015884100F98641002DE9F04127
:100A40000446037E13F0020F03BF036A1F7CC7F343
:100A500080070127026A137CC06991680144D56848
:100A60002D1AB5F5803F26BF43F002034FF6FF7500
:100A7000ADB26068B0F86660B5422CD977B1002E8F
:100A800069D032463D4DA8478046431CDBB2012B5E
:100A90000ED8236ADB689E4239D328E043F0020374
:100AA0003246364DA8478046431CDBB2012B1ED987
:100AB000B8F1000F36D1E3691E44E661236ADA68B3
:100AC000964201D0002F54D0DE600023E3616068BD
:100AD0002B4B98472CE02A46284EB0478046431CB3
:100AE000DBB2012B01D92E46E2E72E465FB96368DF
:100AF000B3F8661040F66732914232D9B3F86830E5
:100B0000042BD5D92DE02E46C3E76FF00608636AA3
:100B10001BB13246032120469847237E43F0100341
:100B20002376C5E7B8F1FF3F0FD0236A0022DA60D1
:100B3000236A83F8048000232362637004F10C00AD
:100B4000104B98470020BDE8F081002FEDD1606880
:100B50000B4B9847F6E7236ADB68002BD5D16FF083
:100B60000608636A002BA3D032460321204698472B
:100B70009EE76068024B9847E4E700BFD5684100F4
:100B8000916E4100F9864100F8B50446036A1D7A6A
:100B900005F0010705F00206032D20D04068037E12
:100BA000012B6AD01FBB002E29D13246394660681E
:100BB000344B984700284AD1226A002313712362DC
:100BC0006370002F3BD12EB1636A1BB1002202215A
:100BD0002046984704F10C002B4B9847F8BD0021A4
:100BE00040682A4B98476068037E012B41D0002162
:100BF000274B984700216068264B98471EB100217B
:100C00006068254B9847032DCFD1042200216068EE
:100C1000224B984700216068214B98476068214B20
:100C20009847A0B9226A002313712362637063603E
:100C3000636A002BCED00022042120469847636AC5
:100C4000002BC7D00022114620469847BBE7164923
:100C50006068114B98470422144960680F4B98470D
:100C6000134960680E4B984721466068074B9847C8
:100C7000F8BD0021074B9847D0E70021054B984766
:100C800093E700BF8D4F4100F98641000D484100B8
:100C900011484100214841001748410025484100C2
:100CA0001B484100294E41000D0D4100B50C41008B
:100CB0009109410010B504464378012B1CD0042B48
:100CC0001DD0237E13F0100F14D0626892B1B2F8D9
:100CD000660040F6673188420CD9B2F86820042AD1
:100CE00008D823F010032376636A1BB10022022187
:100CF00020469847002010BD024B9847E1E7024B81
:100D00009847DEE73D0A4100890B410038B50446AB
:100D100015464378012B1AD0042B1BD0ACB1636865
:100D20009BB1B3F8661040F6673291420DD9B3F823
:100D30006830042B09D8237E23F010032376636ADE
:100D40001BB12A46022120469847002038BD034B9C
:100D50009847E3E7024B9847E0E700BF3D0A4100B0
:100D6000890B41002DE9F041002832D00746984612
:100D700014460D4600F1100630461A4B984758B9F4
:100D800054B321892846184B98472046174B98475B
:100D900000242046BDE8F081154B984797F90830AC
:100DA00013F1090FA8BF87F80880124B984774B158
:100DB000258921463046104B9847044670B97B6A16
:100DC000002BE6D02A46002138469847E1E7002567
:100DD000EFE76FF00504DCE70024DAE74FF0FF34BB
:100DE000D7E700BFE18841005D474100A9414100CC
:100DF00021894100318941001588410038B50446F8
:100E00000023037105686B6823B120680C30174B11
:100E1000984738BD2B7803F0F003102B16D0202B09
:100E200020D1134B9847686023685A685AB11B78E1
:100E3000222B04BF0123137423681A460D495868F6
:100E40000D4B9847E1E7FF232371DEE70B4B9847F3
:100E500068602068436813B1094B9847D5E7FF23C2
:100E60002371D2E7FA230371CFE700BFF98641006F
:100E7000F1784100B1084100AD784100F9514100DD
:100E80003D094100F8B505460E4607201A4B984724
:100E9000044670B1002303720570436005F0F0054D
:100EA000102D08D0202D20D021460720134B984725
:100EB00000242046F8BD102704F10C050021284627
:100EC0000F4B98470028EFD1394604F110000D4B25
:100ED000984760B904F114000B4B984700236370E6
:100EE00066622362E3612376E3E70027E4E72846AE
:100EF000064B9847D8E700BF1D3E4100853E4100A4
:100F0000458641007D874100E5884100D18641004A
:100F100038B5044600F10C052846054B984728468D
:100F2000044B984721460720034B984738BD00BF24
:100F3000D186410075874100853E41002DE9F0438F
:100F400083B0044600F110052846264B984700BBA5
:100F500004F114052846234B984700283FD0224E21
:100F6000DFF89880214F23E0019E36B1606810B110
:100F700031891F4B98473046C84701A92846B847D2
:100F8000B0F1FF3F0BD02378102BEDD00198C04774
:100F9000F3E7154FDFF86880DFF86890EDE7284643
:100FA000144B98472846144B9847D1E72046B8473A
:100FB00001A92846B047B0F1FF3F0AD0019C204666
:100FC000FFF7BCFF60680028F0D0C04700236360D3
:100FD000ECE72846074B98472846074B984703B04D
:100FE000BDE8F083E1884100B1884100110F410064
:100FF0005D474100C5874100E588410091504100AF
:10100000BD134100A94141002DE9F0410446884645
:10101000174600F114063046254B9847002840D06B
:10102000616A2078234B9847054600283CD0C0F8D9
:101030000480214B98472F72294630461F4B984712
:10104000064640B9636A1BB1002211462046984704
:101050003046BDE8F0816C6800212046184B984767
:1010600000212046174B984700212046164B9847F1
:10107000042200212046154B984700212046144B9E
:10108000984700236B6005F110042046114B9847E8
:101090002046114B98472846104B98474FF0FF3693
:1010A000D6E76FF00506D3E74FF0FF36D0E700BF75
:1010B000E1884100850E41003D094100158841004D
:1010C0000D484100114841001748410025484100A2
:1010D0001B484100C5874100E5884100110F4100D0
:1010E00010B504460068437863B1023BDBB2012BC4
:1010F00008D9FB23237120680C301C4B984700282B
:101100002ED110BD1A4B98472268516879B11378D7
:1011100003F0F003102B19D0202B05D10023CB6155
:1011200023685868134B9847236800225A60206848
:10113000436A002BDFD00022114698472068436A9B
:10114000002BD8D0002202219847D4E70423537003
:101150000323237223681C622068074B984710BD45
:1011600020680C30054B9847CBE700BF71874100E2
:101170003D0F4100B5784100890B4100F9864100DF
:1011800010B50446036893F9082012F1090F10DB2B
:10119000FA220271586868B11B7803F0F003102B33
:1011A0000DD0202B06D1A289A168084B9847207149
:1011B00000E0027120680C30054B984710BDA289F1
:1011C000A168044B98472071F4E700BF61764100A5
:1011D000F9864100D145410038B50446036893F9CA
:1011E000082012F1090F0DDBF3220271586820B1BB
:1011F0001A78102A08D0F223237120680C30234B70
:10120000984738BD0271F8E75B78002BF5D1FF21D4
:101210001F4B98470546F0B1206810301D4B98478A
:10122000E0B900232371206814301A4B9847F0B1BD
:1012300094F9043013BB236802225A7023685D605E
:10124000236819465868144B98472368134958680F
:10125000134B9847D1E7FF232371CEE72068103066
:10126000104B9847206810300F4B9847D9E72068FB
:10127000102114300D4B98472071D9E728460C4BAC
:101280009847236800225A60B7E700BFF9864100FB
:1012900065464100E18841000D48410009104100C8
:1012A00021484100C5874100E58841007D87410014
:1012B000294E41002DE9F0410646002303710368E1
:1012C0005A6812B11B78102B05D030680C300A4BCD
:1012D0009847BDE8F08185684FF6FF78074F2C46A8
:1012E000454528BF4446A4B2336821465868B847EC
:1012F0002D1BF4D1E9E700BFF98641005D474100AD
:1013000008B5036893F9082012F1090F05DA027194
:1013100003F10C000E4B984708BD1A78102A02D032
:10132000FA220271F4E75A7812B1FB220271EFE758
:101330005A6852B101225A70036818620368002289
:10134000DA610068034B984708BDF3220271DFE7BA
:10135000F98641003D0A410010B504460068437813
:1013600013F0FD0F02D0FB23237106E0426812B197
:101370000278102A05D0FA2323710C300C4B9847C1
:1013800010BD227A032A10D0022B0BD012F0010FCD
:101390000BD1236804225A7023681C622068054B15
:1013A000984710BDF3232371E7E7034B9847F0E715
:1013B000F9864100890B41003D0F410068B110B52D
:1013C0000446006820B1054B984700236360236002
:1013D00021460620024B984710BD7047A9414100A5
:1013E000853E4100034650B151B152B1406848B109
:1013F000406808605B685B89138000207047FEE7E7
:10140000FEE7FEE76FF001007047000000B583B013
:10141000264B1B6813B1264A10689847254D264C69
:10142000264E03E0986803680430984701A92846CF
:10143000A047019B1A78052AF8D801A151F822F09B
:1014400025144100591441007514410087144100CE
:1014500097144100A5144100D96891F8312012F089
:10146000600F986814BF164B164B984701990920D6
:10147000B047DBE71A69D9689868134B9847019918
:101480000820B047D2E71969D868104B98470199EE
:101490000820B047CAE79A68D868904701990820A1
:1014A000B047C3E79A68D8689047BFE7B45D0020AB
:1014B000B85D0020B05D002035394100853E410017
:1014C000C17E4100752B41001D374100E1384100CC
:1014D00070B506460D461148114B9847B8B1092022
:1014E000104B98470446A8B1012303708660C5607D
:1014F00001460A480C4B9847034608B9184670BD88
:1015000021460920094B98474FF0FF33F6E76FF06B
:101510000503F3E74FF0FF33F0E700BFB05D0020B5
:10152000E18841001D3E410015884100853E410093
:10153000F8B507460E4615461448154B9847F0B1C6
:101540000820144B98470446E0B1042303708760D9
:10155000C6603DB901460D480F4B9847034638B960
:101560001846F8BD014609480C4B98470023F7E799
:10157000214608200A4B98474FF0FF33F0E76FF001
:101580000503EDE74FF0FF33EAE700BFB05D002051
:10159000E18841001D3E410015884100ED87410072
:1015A000853E410030B587B004460C480C4B984747
:1015B00080B100258DF80450039401A90748094B18
:1015C0009847606829460C30074B984794F9080003
:1015D00007B030BD6FF00500FAE700BFB05D002036
:1015E000E1884100ED8741001187410030B583B0AB
:1015F00005460C460A4B98470A4B1D600A4B1C6077
:1016000010210A480A4B9847052300934FF4807332
:10161000002208490848094CA04703B030BD00BF6C
:10162000D9364100B45D0020B85D0020B05D0020D7
:101630007D8741000D144100FC044200ED8841000B
:10164000030A43EA002080B27047030A43EA0020FD
:1016500080B27047030E43EA0063020202F47F0285
:101660001343000A00F47F401843704708B5014B4C
:10167000984708BD55164100037B8B4203D0017388
:10168000002343734383704730B44369048B651C64
:101690000583234483F8F0104369018B4C1C0483B9
:1016A0000B4483F8F02030BC704710B44369028BC0
:1016B000541C0483134483F8F0105DF8044B704706
:1016C00010B44369028B541C048313440A0A83F840
:1016D000F0204369028B541C0483134483F8F010F8
:1016E0005DF8044B704710B44369028B541C0483AB
:1016F00013440A0E83F8F0204369028B541C0483C0
:1017000013440A0C83F8F0204369028B541C0483B1
:1017100013440A0A83F8F0204369028B541C0483A3
:10172000134483F8F0105DF8044B704758B110B4BF
:1017300001464369028B501C08831344FF2283F83F
:10174000F020002406E0FEE74A69581C0883134491
:1017500083F8F0400B8B432BF6D95DF8044B7047B0
:10176000002800F095802DE9F0410746002900F09F
:10177000908015460C4600224FF49A7110464C4B4F
:1017800098472061002800F08E80637B1BB9494A8E
:10179000136801331360474B1B6823604268626122
:1017A0000123137062695370636997F82A209A7055
:1017B00063690026DE70D4F8148020683E4B984799
:1017C000C8F8040063691E725E7263699E72DE72FD
:1017D00063691E735E739E73DE73082D5FD0042DE4
:1017E0005DD0032D56D06269002313745374937433
:1017F000D3746269137553759375D37562691376E3
:1018000053769376D37607F12B019C46626997F85D
:101810002AE09EB2B6458CBF0E7866461A4416770B
:1018200001330131102BF1D10023194662691A44AA
:1018300082F82C100133402BF8D10023194662693D
:101840001A4482F86C100133802BF8D162690023AE
:10185000632182F8EC106FF07D0082F8ED005320D8
:1018600082F8EE0082F8EF10238362691A4482F84E
:10187000F0300133442BF8D10122352120460F4BA3
:101880009847294620460E4B98470020BDE8F08136
:10189000FEE7FEE7237B043BDBB2012BA3D86369A1
:1018A0007A68DA609FE74FF0FF30BDE8F08100BF53
:1018B000294241006400002055164100891641006C
:1018C000AB16410048B110B50446006908B1034B9E
:1018D000984700232361636110BDFEE7A9414100E1
:1018E00070B582B00646446A04212046204B9847D2
:1018F0000322214630461F4B98470546B8B1637B0B
:101900000133DBB26373092B2ED8C3EB431203EB15
:101910008203DB009BB203F2F313174A82FB03122C
:10192000DB17C3EB62136383284602B070BD02224B
:1019300039212046114B9847318D2046104B98474E
:101940002046104B9847218BF03189B220690E4B0D
:10195000984721696068009643230C4A0C4EB047B3
:1019600020460C4B9847CAE742F21073D3E700BFFA
:101970007916410061174100D34D6210891641006C
:10198000C11641002D1741006D4341001005420072
:101990003D774100C5184100F0B583B00646446A62
:1019A0000023636206212046274B984701222146E7
:1019B0003046264B98470546B8B1637B0133DAB20F
:1019C0006273052A9ABF4FF47A7393404EF66023F0
:1019D0009BB203F2F3131E4A82FB0312DB17C3EB25
:1019E00062136383284603B0F0BD022239212046EA
:1019F000184FB847318D2046174B9847042237219E
:101A00002046B84701212046144FB84703212046FD
:101A1000B8471C212046B84706212046B847204633
:101A20000F4B9847218BF03189B220690D4B9847B5
:101A300021696068009643230B4A0C4EB04720464C
:101A40000B4B9847B9E700BF791641006117410079
:101A5000D34D621089164100C1164100AB164100FA
:101A60002D1741006D434100100542003D774100B4
:101A7000C51841002DE9F04383B00646446A0121B0
:101A80002046334B9847032221463046314B984736
:101A90000546C0B1637B0133DAB26273052A9ABF8F
:101AA0004FF47A7393404EF660239BB203F2F31324
:101AB000294A82FB0312DB17C3EB621363832846B8
:101AC00003B0BDE8F083022239212046234FB847F6
:101AD000318D2046224B9847042232212046B847B8
:101AE000606ADFF89890C84701462046DFF890808A
:101AF000C047042236212046B847206AC84701461D
:101B00002046C047042237212046B84701212046FD
:101B1000144FB84703212046B8471C212046B84738
:101B200006212046B84720460F4B9847218BF031BD
:101B300089B220690D4B984721696068009643235C
:101B40000B4A0C4EB04720460B4B9847A2E700BF0C
:101B50007916410061174100D34D6210891641008A
:101B6000C1164100AB1641002D1741006D434100E5
:101B7000100542003D774100C51841006D16410037
:101B8000E7164100F0B583B00646446A03212046BB
:101B9000264B9847032221463046254B9847054659
:101BA000B8B1637B0133DBB26373092B3AD8C3EB63
:101BB000431203EB8203DB009BB203F2F3131D4AD3
:101BC00082FB0312DB17C3EB62136383284603B067
:101BD000F0BD022239212046174FB8474FF410714B
:101BE0002046164B9847042232212046B847606AA7
:101BF000134B984701462046124B98472046124BFC
:101C00009847218BF03189B22069104B98472169A0
:101C10006068009643230E4A0E4EB04720460E4B96
:101C20009847BEE742F21073C7E700BF791641003C
:101C300061174100D34D621089164100C116410061
:101C40006D164100E71641002D1741006D4341001C
:101C5000100542003D774100C518410038B50546E2
:101C6000446A08212046074B9847002204F12401CA
:101C70002846054B9847637B0133637301236383D5
:101C800038BD00BF79164100117C4100002852D0B8
:101C900030B583B00546446A002C4DD0636BB3F178
:101CA000FF3F0DD01E333449A1FB03235B094FF6E0
:101CB000FF718B4228BF0B469BB2002B3DD0A38304
:101CC000A36BB3F1FF3F3BD01E332B49A1FB032392
:101CD0005B094FF6FF718B4228BF0B469BB2002B6E
:101CE00047D10123E383A18BE38B99422ED2A37BBF
:101CF000002B2ED0A36A0193E36A00932BB9636A89
:101D000001990B4043F08073009304F124012846AD
:101D10001A4B984701A92846194B98476946284607
:101D2000184B98472846184B98470A212046174BCE
:101D3000984703B030BDFEE7FEE70123A383BFE76A
:101D4000E38BA18B9942D2D3002BD0D00023A38365
:101D5000CDE794F8243013F0800F02D1FF230193D4
:101D6000CAE7BF2B8CBF6FF07F434FF6FF73019321
:101D7000C2E7E383B7E700BF89888888C93E41008E
:101D8000B53F4100A93F4100CD3F410079164100D8
:101D90002DE9F04F89B09346D0F824A053892B2B1E
:101DA00004D9814655682B78022B08D00023CAF845
:101DB00008305846C74B984709B0BDE8F08F90F8F7
:101DC0002A10A9B190F82B202B7F9A42EED100F176
:101DD0002C0305F11D020139C9B22C3101448B429B
:101DE00006D013F8014B12F8010B8442F7D0DDE75F
:101DF0006868B94B9847DAF800309842D6D1B74BAB
:101E000000221A605A601A81BBF80A302B2BCDD9F8
:101E1000DBF80430CAF80830BBF808800192F023E0
:101E2000CDF810A0CDF81490CDF800B0009900299D
:101E300000F029824A899342C0F02F829B1A9BB2FC
:101E4000A8EB02081FFA88F80968002900F0208230
:101E50004A899A42F2D98B46DBF804201146029255
:101E60001A46C95CFF2900F06081984540F25D8107
:101E70005F4671E0002301934FF06C082C23D5E7F7
:101E8000002301934FF06C082C23CFE73A68002A17
:101E900000F00B825268127865E001339BB23CE09F
:101EA000042A40F0DF8015460626991C12FA81F2BA
:101EB00092B2039200220792884A925D62BB02337B
:101EC0009CB2864B06EB0309854B03EB860AAAF10D
:101ED000040ADFF814B2032D94BF2A4604222346D5
:101EE00092B207A93846D847042D40F2078115F071
:101EF000030F40F00281012389F800300798794BE5
:101F000098474AF8040F043DEDB20434A4B20136F8
:101F100019F8013F002BDED0039B7A899A420FD833
:101F20009B1A9BB2A8EB02081FFA88F8434580F081
:101F3000FC80B8F1000F00F0F8803F687A680292E8
:101F4000002F00F0F2801A460299C95CFF2900F0C8
:101F5000EC80984540F2E980581C7C89A04295DAD3
:101F60000298024452783B2900F29A8101A050F86D
:101F700021F000BF9B1E4100A11E4100A122410093
:101F800067204100A1224100A122410073204100AD
:101F9000A1224100A1224100A1224100A122410031
:101FA000A1224100A1224100A1224100A122410021
:101FB000A1224100A1224100A1224100A122410011
:101FC000A1224100A1224100A1224100A122410001
:101FD000A1224100A1224100A1224100A1224100F1
:101FE000A1224100A1224100A1224100A1224100E1
:101FF000A1224100A1224100A1224100A1224100D1
:10200000A1224100A1224100A1224100A1224100C0
:10201000A1224100A1224100A1224100A1224100B0
:10202000A1224100A1224100A1224100A1224100A0
:10203000A1224100A1224100A1224100A122410090
:102040009B204100A7204100B3204100BF20410058
:10205000A1224100A1224100A1224100CB20410048
:10206000EF204100FEE7032A02D9072604251CE7DA
:10207000FEE712F0030F0ED11546082A28BF0825E7
:10208000954209D8991C12FA81F292B20392002D5E
:1020900049D008260EE7FEE7FEE7042A02D11546DE
:1020A000032602E7FEE7012A02D115460026FCE6D8
:1020B000FEE7012A02D115460126F6E6FEE7042ACC
:1020C00002D115460226F0E6FEE7042A0ED1154697
:1020D0000426EAE6A94141006D16410044E80020CB
:1020E00050E800205516410005454100FEE7042A4E
:1020F00002D115460526D8E6FEE7FEE7042D0CD0F2
:10210000012D0FD19DF81C30079301236B4A935585
:10211000079B6B4A42F82630FEE60798694B9847C2
:102120000790F2E7FEE7039BF7E6644B1B786BB181
:10213000634B1B68002261490A70012B00F0B980D3
:10214000022B3FF497AE032B00F0B180019B002BD4
:102150007FF496AEDDF810A0DDF81490DDF800B045
:10216000564B5B78002B3FF421AE554B1B79052B6A
:1021700046D19AF80C30012B39D1D9F824400023EC
:10218000A362E3624D4BDB7813B14D4BDB682363F5
:102190004A4B1B790BB34A4B1B696363474B5B7913
:1021A000FBB1474B5B69A363A3681B696362434B45
:1021B0009B79CBB1424B9869434B9847A06201236E
:1021C000A3733E4BDB7923B13D4BD8693E4B984717
:1021D000E06248463D4B9847E8E5236B5B08636344
:1021E000DCE7236BA363DFE70023A373E9E7033B8B
:1021F000DBB2022B3FF6DAAD4846354B9847D5E5C2
:10220000062B22D19AF80C20D31EDBB2022B02D966
:10221000012A7FF4CBADD9F8245048462D4B98477E
:102220002D4C214648462D4B9847214648462C4B7D
:102230009847214648462B4B98470C2128462A4B65
:1022400098474846294B9847B0E5022B7FF4AEAD3E
:102250009AF80C30062B7FF4A9AD0023AAF81A30A7
:10226000D9F82440154B9B78002B3FF49FAD144BBD
:102270009868154B98472062A3681B6963624846BB
:102280001B4B984792E5DDF810A0DDF800B08DE516
:10229000DDF810A0DDF800B088E5DDF800B0DBE582
:1022A000023312FA83F39BB237E600225BE6012386
:1022B00001934FF0EC086C23B8E500BF44E8002020
:1022C00050E800206D164100551641005D1C41008C
:1022D0008D1C4100094041000C054200C93E4100EF
:1022E000A93F4100B53F41007916410099194100CD
:1022F000751A410048B130B583B00546446A14B13F
:10230000237B082B02D003B030BDFEE70A68636A66
:102310009A42F8D10C212046164B984704222146B8
:102320002846154B9847F0B9042232212046134B1A
:102330009847606A124B984701462046114B9847D0
:102340002046114B9847218BF03189B220690F4B01
:10235000984721696068009543230D4A0D4DA847B1
:1023600020460D4B9847637B0133637314236383CB
:10237000C9E700BF79164100611741008916410085
:102380006D164100E71641002D1741006D434100D5
:10239000100542003D774100C518410070B582B07C
:1023A0000646446A05212046204B984703222146D1
:1023B00030461F4B98470546B8B1637B0133DBB20B
:1023C0006373092B2FD8C3EB431203EB82031B016A
:1023D0009BB203F2F313174A82FB0312DB17C3EB22
:1023E00062136383284602B070BD02223921204661
:1023F000114B9847318D2046104B98472046104B83
:102400009847218BF03189B220690E4B984721699A
:1024100060680096432304F120020B4EB04720462B
:102420000A4B9847C9E744F62063D2E77916410082
:1024300061174100D34D621089164100C116410059
:102440002D1741006D4341003D774100C518410003
:1024500070B5164B1C6844B3154E164D09E0636AFF
:102460001B7B03F0FB02012A1CD00A2B1AD0246824
:10247000DCB1636A002BFAD0DA8B511ED983012AB2
:10248000EDD0626A938B591E9183012BEFD1636A61
:102490001B7B03F0FB02012A01D00A2BE7D1204667
:1024A000B047E4E72046A847E1E770BD9C20012043
:1024B0009D234100E1184100F0B583B00546446A10
:1024C00000212046284B9847002323626362A362C1
:1024D000E362A36363632363072221462846234BF9
:1024E0009847064638B3637B0133DBB26373092B2D
:1024F00036D8C3EB431203EB8203DB009BB203F23B
:10250000F3131B4A82FB0312DB17C3EB62136383D3
:102510002846184B9847184C21462846174B984791
:1025200021462846164B984721462846154B984782
:10253000304603B0F0BD2046134B9847218BF03155
:1025400089B22069114B984721696068009543233F
:1025500004F120020E4FB84720460E4B9847C2E7C1
:1025600042F21073CBE700BF7916410061174100BA
:10257000D34D6210094041000C054200C93E4100A4
:10258000A93F4100B53F41002D1741006D43410077
:102590003D774100C5184100F8B52C4B1C68002C54
:1025A00053D02B4D2B4F2C4E04E0012B0BD0246825
:1025B000002C4AD0626A002AF9D0538B012BF4D93F
:1025C000013B5383F3E700235383626A137B0C2B95
:1025D00011D0062B0FD0012B10D0082B1AD0052BB1
:1025E00020D0042B22D0032BE1D1537B012B29D9FE
:1025F0002046A847DBE72046A847D8E7537B052BB2
:1026000003D82046154B9847D1E72046B0472046CF
:10261000A847CCE7537B012B204694BF104B114BAE
:102620009847C4E72046104B9847C0E7537B082BD8
:1026300003D820460D4B9847B9E72046B0472046BF
:10264000A847B4E72046B847B1E7F8BD9C20012071
:1026500099194100851B4100B9244100751A4100B8
:102660005D1C41008D1C41009D234100E11841008B
:1026700098B110B5446A90F8312022F0080280F831
:1026800031204CB1606818B1044B98470023636057
:1026900000212046024B984710BDFEE7B578410067
:1026A00079164100002840D070B50446456A90F87C
:1026B000313023F0080280F8312013F0200F42D08F
:1026C000038DB3F5107F41D3002D2FD0686808B17A
:1026D000234B98473C2200212846224B9847224B07
:1026E00098476860002837D0037A43F020030372CC
:1026F0001E4E4422314668681D4B9847432231469E
:1027000068681C4B984722461B4968681B4B9847D2
:1027100020461B4B9847034678B994F8312042F085
:10272000080284F83120184670BDFEE73C20154BA6
:102730009847054668B16062CCE72046124B98473F
:102740004FF0FF33EFE76FF00D03ECE74FF0FF338F
:10275000E9E74FF0FF33E6E74FF0FF33E3E700BF71
:10276000B5784100C5D44100F17841000C05420024
:10277000617641004D784100911D4100AD784100E6
:1027800099194100253C4100712641002DE9F04393
:1027900085B0804689461546002224210120224B1F
:1027A000984700283DD00646D8F80470446884F85D
:1027B00000906570002525716571A571E571D0F8EF
:1027C00004C0D8F80430D3F800E058689968D3F80A
:1027D0000C80CCF808E0CCF80C00CCF81010CCF849
:1027E0001480D3F810E058699969CCF818E0CCF857
:1027F0001C00CCF82010A570E570718920460B4BA9
:1028000098476080FB6804AA42F8043D01230193C5
:102810000095FF2329463046054CA0473046054B1E
:10282000984705B0BDE8F08329424100C12A410024
:10283000C12E4100A94141002DE9F04385B0064673
:10284000884647683C7804F00F04A40065422DB226
:102850002946454B9847A0B93389032B11D9736892
:102860001B78082B6FD1414B186800F0F0094146E6
:102870003F4B984758B9B9F1E00F08D03389072B7F
:1028800009D830463B4B984705B0BDE8F083304649
:10289000384B9847F8E73046374B984770B924B221
:1028A00022213046304B984730B3214630462E4BDC
:1028B000984738B130462F4B9847E5E730462D4BC7
:1028C0009847E1E70022318902202C4B9847814646
:1028D0000028EFD031462A4B98470028EAD1D9F892
:1028E000047029464846204B98470028E2D13046DC
:1028F000204B98474E4606E06FF0210130461A4BB8
:1029000098470028D6D17268184B1B68FB601D4B96
:102910001B683B610023137053884FF6F6718B429E
:102920008CBF093308335380FF233B720023BB72F3
:10293000FB7214213846144B984778812146304663
:10294000094B984718B130460A4B98479CE7CDF899
:1029500008800123019300220092FF23034930469F
:102960000A4CA047EFE700BF3341410080E8002058
:102970000D2F4100A9414100D12A410029424100C7
:102980005144410078E80020C12A4100AD2D4100AA
:1029900008B50A460321014B984708BD8D27410021
:1029A00008B50A460B21014B984708BD8D27410009
:1029B00010B483B00023ADF8063010F0010407D046
:1029C00099422ADD431C02788DF80720013900E086
:1029D000034601291FDD002233F8020B02440239AD
:1029E0000129F9DC0029C4BF1B788DF80630BDF839
:1029F0000600024490B200EB124290B200EB12408B
:102A000024B103029BB2C0F30720184380B203B085
:102A10005DF8044B70470022E4E70129C8BF034674
:102A2000D9DCBDF80600ECE72DE9F0478A4691466F
:102A3000984600283ED00546002634461E4F01E049
:102A40002D689DB169896868B8470444A0B200EB5D
:102A500014446B8913F0010FF2D0C6F10106F6B2EF
:102A600023029BB2C4F307241C43E9E726B12302E7
:102A70009BB2C4F307241C43DAF80020D9F80030D5
:102A8000180C10FA83F010FA82F000EB12400444A4
:102A900040460A4DA8470444BDF82000A8472044FA
:102AA00084B204EB1044A0B200EB1440C04380B2E7
:102AB000BDE8F0870024DFE7B1294100411641005D
:102AC00008B5024B9847C04380B208BDB129410008
:102AD000F8B518B3054600263446114F01E02D68BD
:102AE0009DB169896868B847204484B204EB1044FA
:102AF0006B8913F0010FF2D0C6F10106F6B2230282
:102B00009BB2C4F307241C43E9E726B123029BB21E
:102B1000C4F307241C43E04380B2F8BD0024FAE765
:102B2000B1294100104B1B6863B9104B1B68ABB156
:102B300093F8312012F0010F10D0184670471B682F
:102B4000002BF2D093F8312012F0010FF7D0026879
:102B500059684A4099680A42F1D1EEE7044AD36FB6
:102B60000133D3670023E8E79C200120A020012047
:102B7000A82001202DE9F84F06467C4A536E013308
:102B80005366D0F8049099F800502B09042B0DD00F
:102B9000774B9847754BD3F888200132C3F88820CB
:102BA000DA6E0132DA660020BDE8F88F884605F05B
:102BB0000F05AD00B9F802006E4B984704467389C3
:102BC000AB4202D3338983420AD23046684B9847DE
:102BD000664B5A6F01325A67DA6E0132DA66E2E703
:102BE00029464846644B984790B921463046634B86
:102BF0009847D9F81020624B1A60D9F80C20614B25
:102C00001A6044460127DFF878B1DFF89CA112E092
:102C10003046574B9847554B1A6F01321A67DA6E98
:102C20000132DA66BFE7FFB1DAF80040444508BF79
:102C300024680027D4B194F8313013F0010FF2D09A
:102C400014F1040FEFD06368002BECD0DBF8000028
:102C5000834204D021464C4B98470028E3D02CB146
:102C6000484B1868C0B10AE02468DFE799F80930DA
:102C7000112B45D0434B1868002850D00024414602
:102C8000414B9847002842D13E4B1B6803F0F003AC
:102C9000E02B3CD0002C42D0B9F8063023F0C00322
:102CA0009BB2002B3FD1394BC3F80080384BC3F89F
:102CB000009099F80930062B4DD0112B3DD0012BF7
:102CC0004ED041462E4B18682F4B984758B92C4B85
:102CD0001B6803F0F003E02B05D0C6F80490022136
:102CE00030462C4B98473046214B98471F4BD3F822
:102CF00080200132C3F88020DA6E0132DA6620E0EB
:102D00004D446B88B3F5884FB4D14446C2E7304692
:102D1000174B9847154AD36E0133D36643E73046C5
:102D2000134B98473FE730461B4B98470646002811
:102D30003FF439AFD0F80490B5E741463046174B21
:102D400098470023114A1360114A13600D4A13601B
:102D50000B4A136027E741463046114B9847F0E78E
:102D6000414630460F4B9847EBE700BFA8200120B3
:102D7000A94141004B164100C12A41006D43410069
:102D800080E8002078E800200D2F41007CE800203A
:102D900084E80020912941009D3141007174410077
:102DA0006D5C4100392841009C2001202DE9F04F45
:102DB00087B0054602919DF840809DF844B0129E70
:102DC0000192002A64D09A461421384B9847002873
:102DD00053D16C6884F808A084F809B0019B1B6883
:102DE00023619AB203924FEA13494523237084F872
:102DF00001804AEA0B2A4FEA082848EA03080AEB4E
:102E0000080B28892A4FB847824660800023A371A7
:102E1000E371DFF8A880B8F80000B847A080B8F8E0
:102E200000300133A8F80030029B0BB11B686BBB6C
:102E30007368E360E2681BFA82F303EB1243039AC0
:102E400013444B449A4450441FFA80FA0AEB104052
:102E500000EB1040C0436081164A136E01331366C5
:102E6000338D13B12A899A4219D87369019A294678
:102E70003046984707B0BDE8F08F0E4AD2F8883048
:102E80000133C2F888306FF00100F3E7E360D1E767
:102E900043681B6906AA42F8043D0192DCE7019AE7
:102EA00031462846044B9847E4E700BF33414100D0
:102EB00041164100A820012001354100BC5D0020E1
:102EC000F0B585B005460E4614461F4610460C4B1D
:102ED000984770B102909DF82C3001939DF82830EE
:102EE00000933B46224631462846064CA04705B093
:102EF000F0BD054AD36F0133D3676FF00300F6E7E7
:102F0000252B4100AD2D4100A8200120431E13F1C7
:102F1000030F12D891F8313013F0020F0FD04B6825
:102F200098420ED08A68434013420CD1D24332EA11
:102F300000030CBF012000207047012070470020D3
:102F40007047002070470020704700002DE9F04FC7
:102F500085B0019103680DF1100C4CF8043D0C464E
:102F60004FF00008C146274F02F1010E4FF02E0B23
:102F700066469CF8003048469A4600E02846A7FB83
:102F80000A31C90801EB8103AAEB4303451CEDB2EA
:102F900030330DF1100A82440AF8083C01F0FF0AB0
:102FA0000029EBD186F800900CF1010CADB108F1CD
:102FB0000101424521DD02AB1D18631E20449E1C09
:102FC00015F8014903F8014F984208D001317145C5
:102FD000F5D1002005B0BDE8F08F4146264601F14D
:102FE00001088A420BDD741C86F800B004AB9C45D6
:102FF000BED1002333700198ECE70020EAE70020FF
:10300000E8E700BFCDCCCCCC08B510220149024B7B
:10301000984708BDC05D00204D2F41002DE9F047C5
:1030200081468A4645686B689A8822B30024D9F89D
:1030300004606EB1DFF894801F4F73681D683046DE
:10304000C0470444A4B23046B8472E46002DF4D100
:103050001A4B1B68994529D0D9F80030CAF80030BE
:1030600049460420164B9847164A13881B1B1380A9
:103070002046BDE8F0871B6843606A68034653F842
:10308000081F5E689C68D868116056609460D060C4
:1030900019691161012128460B4B984728460B4BB3
:1030A000984784B22846044B9847C0E7D9F80020D7
:1030B000024B1A60D4E700BFA9414100D45D002053
:1030C000853E4100D05D0020A1294100CD43410053
:1030D0002DE9F843054688460026194FDFF864902D
:1030E00022E00134B8B193F81FC0C27F944598BF65
:1030F00018461A688AB1194613465A697245F0D1C2
:10310000D5F810C09A696245EBD1B3F80CC0AA8813
:103110009445E6D1EDE71846EBE708B1C847064409
:10312000464509DA012C07DD3B682BB1D5F80CE0E8
:10313000002421462046E0E73046BDE8F88300BF82
:10314000D45D00201D30410010B50446406908B12F
:10315000034B984721460520024B984710BD00BFFE
:10316000A9414100853E41000A4B186888B170B5FD
:103170000024094E04E005682146B047284638B1CE
:10318000C37F002BF7D0013BC37704460068F6E706
:1031900070BD7047D45D00201D3041002DE9F04F17
:1031A00083B007464668337803F00F03052B22D11E
:1031B000F088A04CA04783467088A047019096F8FD
:1031C00000A038469C4B984780469C4B1B88034484
:1031D0000A2B06DC9A4B1C68002C79D0F26800257B
:1031E00014E001463046974B984720B1934B1B881B
:1031F00043440A2BEEDD3846934B98474FF00008C6
:1032000001E123682546002B62D01C466369934286
:10321000F7D13369A1699942F3D1A189B388994261
:10322000EFD1002C53D0F088824B9847C0F30C00AC
:10323000002800F08480814B1A889044A3F8008015
:10324000F38813F0200F0CD1A37F43F00103A37781
:103250000AF00F0A019BA3EB8A0909EBCB0BA4F838
:103260001CB07E687088DFF8CC91C84796F8008063
:1032700008F00F08A0EB88081FFA88F8F088C84704
:10328000C0F30C00C000D7F804C000238CF8003055
:103290008CF801308CF802308CF80330ACF8040064
:1032A00080441FFA88F8ACF806806268002A00F0B3
:1032B0009A80536899888842C0F0AD8000F097806A
:1032C000DA88824200F293804FF0010E78E02C46BB
:1032D00004205E4B9847814618B3202200214846BF
:1032E0005B4B9847032389F81F30554B1A68C9F880
:1032F0000020C3F8009032687568B068F168C9F8BA
:103300000820C9F80C50C9F81000C9F81410326927
:10331000C9F81820B9F1000F3FF46DAF25464C46AF
:1033200089E741463046474B984780453FF763AFB2
:103330000420464B984781460028CED15BE7E089C0
:103340003C4B9847C0F30C0000283FF474AF326840
:10335000D6F804E0B068F168A260C4F80CE020611F
:1033600061613269A26166E7CCF80060002B56D03B
:10337000D98881423BD89288424538D31F60A37FC9
:1033800013F0010F3DD0BEF1000F3AD060684368E2
:103390009B88002B35D1DCF80030002B5AD05B68BD
:1033A0009988BCF8062091422BD11A68002A51D086
:1033B0005268D9889388994223D11346F5E713467A
:1033C0001E6876B3726891888842CDD388420ED049
:1033D000D68886420BD8002BF1D0DB888B4218BFF1
:1033E0004FF0000EEBE74FF0010E6760C7E738467D
:1033F000114B9847114A1388181A10803846124BFF
:1034000098474FF00008404603B0BDE8F08F2268AF
:103410000B4B1A6058E0CCF800204FF0010E6760AB
:10342000ADE7002BE1D01F60DA88BCF804309A4287
:10343000E7D1A4E74B164100CD434100D05D002009
:10344000D45D0020D1304100A94141001D3E410022
:10345000C5D44100A38B1433A38347683E68234639
:1034600053F8082FD3F804E09868D9683A60C7F891
:1034700004E0B860F9601A693A61A08B184B98476C
:1034800078800023BB71FB71BB72FB72142138463C
:10349000144B98477881D4F804807EB16FF0130BF9
:1034A000DFF854A0DFF85490776859463046D0478B
:1034B00031464046C8473E68002EF5D10A4B1B688E
:1034C0009C42A4D023682B6021460420074B9847D8
:1034D0004046074B9847074A1388181A108092E70E
:1034E00041164100C12A4100D45D0020853E4100C3
:1034F000CD434100D05D00203341410005444100EF
:103500002DE9F04F91B005460D910E920C8DD0F83B
:1035100004B0BBF80600654B9847C0F30C03079353
:1035200000F400530B93B5F80890A9F114091FFAA1
:1035300089F30593A4F114030A93002BB8BF073352
:10354000C3F3CF030C93059A002A00F0A980DB0097
:103550009BB20F9300241426DFF870A1DFF870915E
:10356000DFF8708152E00520D0470746002800F0C0
:10357000838001946B680093034602222146032056
:10358000C847039000287FD02846C0477D61484B3C
:103590003B6103990498474B9847361BB6B25EB11E
:1035A0002D686C89B44228BF3446A4B2002CDAD10D
:1035B0002D68002EF5D1344608983F4EB047099F3C
:1035C000F880069B03F1140080B2B0477880002396
:1035D000BB723846FB721421384B984778810D989E
:1035E00043690E9A049E314698473046344B9847BB
:1035F000059A069BD31A9BB21A460593079B0C9912
:103600000B449BB207932646002A47D0079BC3F37F
:103610000C030B9A134308930A9A05998A42BDBF7B
:1036200043F4005308930F9B059B0693002214213B
:103630000220244B98470490002833D04368DBF8DD
:103640000020DBF80470DBF80800DBF80C101A60CF
:103650005F609860D960DBF810201A61049B5B689A
:1036600009936B6833446B606B899E1B6E81069B6C
:10367000002BA1D01E4694E70498114B98474FF0B9
:10368000FF3011B0BDE8F08F394605200E4B98474A
:1036900004980B4B98474FF0FF30F2E70020F0E71B
:1036A0000020EEE74FF0FF30EBE700BF4B16410084
:1036B000493141000544410041164100C12A410001
:1036C000A941410029424100853E41001D3E410083
:1036D000D5404100E543410008B5084B9847084BE9
:1036E0009847084B9847084B9847084B9847084B12
:1036F0009847084B9847084B984708BD6D454100CF
:1037000041864100A53941007D3D4100C53E410053
:103710006D744100CD4541001D38410070B504462F
:103720000E4615460A201B4B9847002830D001460C
:10373000002303608660C5604460174B1D68A5B117
:103740006868844213D3201A48602A68F2B153682B
:10375000984212D348685368C01A486013688BB106
:103760005C68A0420BD31A46F4E7186070BD001BDA
:1037700068600D60084B196070BD13462A465C688E
:10378000201A586013680B60116070BD2A46F9E773
:1037900070BD00BF1D3E4100D85D002008B50A4B3A
:1037A0001B6853B9094B1B6843B10122064B1A60D1
:1037B00000220749FA20074B984708BD064B1B68B3
:1037C000002BF2D1F9E700BFDC5D00207022012060
:1037D000DD3741001D3741008422012008B5094B27
:1037E0009847094B1B682BB100220849FA20084B67
:1037F000984708BD074B1B68002BF5D10022064BEC
:103800001A6008BD614F410070220120DD37410080
:103810001D37410084220120DC5D002010B500220C
:103820000A494FF47A700A4CA0470022094941F234
:103830008830A047002208494EF66020A0470022A9
:1038400006494FF4FA70A04710BD00BFC1384100CF
:103850001D374100A13841008138410061384100E5
:1038600008B5044B9847002203494FF4FA70034B04
:10387000984708BD99254100613841001D37410036
:1038800008B5044B9847002203494EF66020034BCD
:10389000984708BD51244100813841001D3741003F
:1038A00008B5044B98470022034941F28830034B86
:1038B000984708BD717A4100A13841001D37410089
:1038C00008B5044B9847002203494FF47A70034B24
:1038D000984708BD69314100C13841001D3741009A
:1038E000124B1B6803B310B5002407E019680F4A98
:1038F00011600DE01A681C46AAB113469A6882420C
:10390000F8D1DA688A42F5D1002CEFD01A6822602B
:103910001A681AB1516858680144516019460A2062
:10392000034B984710BD10BD704700BFD85D002005
:10393000853E41002DE9F04780468946164C174EDA
:10394000174D0FE0002249464046144B9847BDE80A
:10395000F08721680B6823608F68D1F80CA00A20DB
:10396000A847AFB92368002BECD05A68002AF0D0E2
:1039700049464046B047B0F1FF3FEAD0064B1A68CF
:103980005368984234BF1B1A00235360BDE8F08788
:103990005046B847E6E700BFD85D002041884100A7
:1039A000853E410008B50D4B23F003030C4A13601C
:1039B0004FF460521A8000215980197198180949F2
:1039C0000860012101710280428007480360074BB3
:1039D000A3F8C0200648074B984708BD8BE8002095
:1039E000E85D0020EC5D0020E05D0020A8200120C3
:1039F000E45D00204586410000285FD070B5044694
:103A00002F4B1B68984203D32E4B1B6898420AD356
:103A10002D4B98472D4AD2F8CC300133C2F8CC3028
:103A20002B4B984770BD00212A482B4B9847A4F197
:103A30000802002304F8043C284B1B689A423CBF50
:103A4000264B1A601E4B1B68D01A80B21F4DB5F86A
:103A5000C21034F8086C891B0144A5F8C21034F870
:103A6000085C59198A4211D00E797EB9154E366814
:103A7000B1420BD0194E3668B14204BF17490A60F3
:103A8000595B24F8081C595B1944488034F8061C1B
:103A9000581882420ED0057965B9104D2D68AA429A
:103AA00004BF0E4A106034F8082C5A5234F8082C1F
:103AB0001344598007480A4B984770BD704700BFB0
:103AC000E85D0020EC5D002021894100A820012054
:103AD00031894100E45D002011874100E05D002054
:103AE000F9864100F8B503314FF6FC740C400C2CFC
:103AF00038BF0C24B4F5605F7DD806462546404BA0
:103B00001B68834240D83F4A126890423CD2A0F1E1
:103B10000807FF1ABFB230F8084C083CE41BA4B2F7
:103B2000AC426AD33AD000213748384B9847344BDF
:103B30001B6836F8082C99180879002836D1985A4D
:103B400007F108022A4492B2DFF8D4E0DEF800E080
:103B5000714525D099184FF0000E81F804E0985275
:103B60004F8026F8082C995AB1F5605F1CBF5B188E
:103B70005A80274AB2F8C2301D442C1BA2F8C2401A
:103B80002148244B984709E0234B9847204AD2F814
:103B9000CC300133C2F8CC30204B98473046F8BDCA
:103BA0009918DFF87CE0CEF80010D3E705F1140295
:103BB000A242E5D807F108022A4492B2991818489F
:103BC000006881423CBF164801600020087136F849
:103BD000080C98524F8026F8082C995AB1F5605F6E
:103BE0001CBF5B185A800A4BB3F8C22015442C1B2B
:103BF000A3F8C240C4E70026D0E70026CEE700BF06
:103C0000E85D0020EC5D0020E45D002011874100AC
:103C1000A8200120F9864100218941003189410015
:103C2000E05D0020002800F09680F8B503460333DD
:103C30004FF6FC751D400C2D38BF0C25B5F5605FA7
:103C400000F28B8000214648464B9847464BD3F8FC
:103C500000C0464B1B68A3EB0C039BB2C5F560513B
:103C60008B426DDA6FF007072E4634E00122227195
:103C70003F4AB2F8C2100844C31A9BB2A2F8C2303D
:103C8000B2F8C4209A423CBF394AA2F8C430374B3C
:103C90001B689C4205D03248364B984704F1080017
:103CA000F8BD237983B1344B19688C420ED02E4B6A
:103CB000186823461B8803441A7912B18B42F9D144
:103CC0000B462A4A1360E6E72346FAE72346F8E75D
:103CD00023888B4234DA0CEB03042279002AF7D1D3
:103CE0003CF80300FA1A0244AA42F1D306F1140E7A
:103CF0007245BBD305F108021A4492B20CEB0201E3
:103D00000020087120882CF802004B8022800123BB
:103D100023713CF80230B3F5605F1CBF63445A80E6
:103D2000134AB2F8C23008332B449BB2A2F8C23017
:103D3000B2F8C4209A42AAD20D4AA2F8C430A6E72B
:103D40000B4AD2F8C8300133C2F8C8300448094BD6
:103D500098470020F8BD002070470020F8BD00BF44
:103D6000E45D002011874100E85D0020E05D002057
:103D7000A8200120F9864100EC5D00202DE9F047E4
:103D8000214BDFF890C003F1D00461460022A3F874
:103D9000D220A3F8D420C3F8D82031F8020BA3F81E
:103DA000D0001033A342F2D1184F27F00307184E6A
:103DB000DFF864E006F1340A4FF0000915E003462D
:103DC000196058190132194693B2A342F7D3013C46
:103DD000A4B204FB055304FB0574C8F800401F445B
:103DE00004360EF1020E56450CD0B046C6F80090CF
:103DF0003CF8024B002CF3D0BEF800503B460022AA
:103E00001146DDE7BDE8F087A8200120F35D002022
:103E1000E8AC002014054200300542000C2800D90F
:103E2000FEE738B50446134B9847134B53F824501C
:103E3000BDB12A6843F8242004F10D030F4A02EBB8
:103E40000312538801339BB2538092889A4204D262
:103E50000A4A02EB0414A4F8D430094B98472846C8
:103E600038BD064B03EB0414D4F8D8300133C4F842
:103E7000D830F2E721894100E8AC0020A8200120D9
:103E800031894100A9B138B50D460446094B984720
:103E900004F10D02084B03EB02135A88013A5A80D1
:103EA000064B53F824202A6043F82450044B9847CB
:103EB00038BD704721894100A8200120E8AC0020CE
:103EC0003189410070470000F8B50446002927D029
:103ED0000D460A6843689A4211D0124B186858B1CF
:103EE000114F03E0C668B847304628B102686368DE
:103EF0009A42F7D0C068F8E70C4B1B682BB92B68C7
:103F00006360F8BDDB68002BF9D0002BFAD01A688B
:103F1000002AF7D061688A4204BF2A681A60F1E774
:103F20000023EDE77022012091504100782201200A
:103F300070B5044616461D46064B98472EB13368A9
:103F4000A36025B12B68E36070BD0023F8E7002370
:103F5000F9E700BFC93E4100F8B5044600254560B9
:103F60008560C56080F831504562C561069D056277
:103F70000A4E35786F1C377080F83450089D056103
:103F8000074DA8472046079B984728B9054B1A6854
:103F900022601C602046F8BD0020F8BD1CAD00204A
:103FA000313F41009C20012011B10B68C360704774
:103FB0000023FBE711B10B68836070470023FBE728
:103FC000014B1860704700BFA020012090F83130ED
:103FD00013F0010F14D110B5044643F0010380F82B
:103FE0003130C36903B1984794F8313003F030039E
:103FF000302B00D010BD211D2046024B9847F9E719
:10400000704700BFE57A410090F8313013F0010F9E
:1040100010D010B5044623F0010280F8312013F0CF
:10402000200F04D1E3690BB12046984710BD024B25
:104030009847F7E7704700BFB57A410000B1C1610A
:104040007047000010B50D4B98470D4B1C78E4B23B
:1040500001221A700B4B984704B110BD0022114683
:1040600009480A4B98470028F7D0044B984700228C
:10407000034B1A70034B9847EFE700BF21894100BB
:10408000A4200120318941009140410031154100B7
:1040900010B50B4B984700220A4B1A700A4B9847F1
:1040A0000A4B1C685CB1606F20B9E4683CB1606F7A
:1040B0000028FAD0064B98470023636710BD10BD57
:1040C00021894100A4200120318941007022012072
:1040D000C147410070B4039C032826D8DFE800F0F4
:1040E00008020406222004E00E2002E0002000E086
:1040F0003620033020F003050D44BDF81060B542B2
:1041000015DC00251D606CB120F0030020445860D0
:1041100002205873198159811A730122DA811846D5
:1041200070BC704700205860F2E70020F8E70020DC
:10413000F6E779B30B4678B310B400290DDB8CB2E7
:10414000017B426879B103290DD0013989B2012977
:1041500026D8002B18DB012013E04C42A4B2428980
:10416000A242EDD2FEE7D21A00F110018A4215D325
:1041700042609BB242891A444281028913440381FE
:1041800000205DF8044B70474189A1420AD3D21A3E
:104190004260EEE700207047002070470120F0E702
:1041A0000120EEE70120ECE72DE9F84300282ED0AE
:1041B00004460026DFF86880174FDFF8689006E0B5
:1041C0002369204698470136F6B22C4605B3C0470E
:1041D000E589013DADB2E581B847CDB92568637B7E
:1041E00013F0020FECD1237B032B06D0013B9BB2D3
:1041F000012B07D92046C847E5E721460C20074B8D
:104200009847E0E721460B20044B9847DBE7002660
:104210003046BDE8F88300BF31894100853E41004A
:1042200021894100F93941002DE9F047032800F2C6
:104230009180DFE800F008020406222404E00E2446
:1042400002E0002400E0362417468846032A00F2E4
:104250008380DFE802F0507070020C203F4B9847DB
:10426000064600283DD0032303730023036003198F
:10427000133323F003034360A0F80880033424F0D1
:104280000304C4F5C0644445A8BF444644810123E7
:10429000C381A5B2A8EB0505002D45DD82464FF090
:1042A0000C082E4F4FF003094046B8470446D8B1DA
:1042B00080F80C90002343730360CAF80000ABB28F
:1042C0000381B3F5C06F28BF4FF4C063438100F191
:1042D000100242600122C281ED1A8246002DE3DC09
:1042E00022E01F4B984723E01D4B984730461D4B5B
:1042F000984726461CE004F1130020F00300CB1C75
:1043000023F00303184480B2174B9847064678B150
:104310000444133424F003044460A0F80880A0F897
:104320000A800023036003730123F3810023737366
:104330003046BDE8F0870B20084B9847064600281A
:10434000F6D000234360A0F80880A0F80A8003603C
:104350000773E9E70026EBE70026E9E71D3E410089
:1043600045404100A9414100253C410002898A4263
:1043700026D938B50446438999421FD90D46891A72
:10438000EB1A9DB223890B44238124686389AB42D5
:10439000F6D3227B4AB99D4207D063681B1BE918FC
:1043A00089B22046074B98470446658125812068DD
:1043B00008B1054B98470023236038BD0D46E8E758
:1043C000704700BFE53A4100A9414100034630B1C2
:1043D00000200130C0B21B68002BFAD170470020CA
:1043E0007047000048B110B50446044B9847E38974
:1043F0000133E381024B984710BD7047218941008A
:104400003189410030B1024621B110B403681BB9B3
:10441000034609E0FEE7034610890C892044108119
:1044200018681A460028F6D11A89088902441A81A8
:1044300019605DF8044B704710B50C46024B984765
:104440002046024B984710BD05444100E54341001A
:10445000002854D02DE9F0470D46044619B10289D1
:104460000B899A4200D2FEE74FF0000A5746DFF868
:104470009090D04618E024680CB1474632E015B958
:104480000020BDE8F087FEE72B68002B30D0FEE768
:10449000FEE7002CF4D0628923899A42F0D1236888
:1044A000002BF5D1002DEBD063896A89D81BA2EBD4
:1044B0000A018842A7BF0A4696B2DB1B9EB260681B
:1044C0006968324651443844C8473744BFB25644FD
:1044D0001FFA86FA6B8953459CBF2D68C2466389D3
:1044E000BB42C8D0002DD4D06A892B899A42CBD048
:1044F000002CD9D0628923899A42D5D1CFE7FEE733
:1045000091D3410060B12DE9F0470F469246054630
:1045100039B116462AB30026DFF84C90B04618E0B1
:10452000FEE7FEE76C89E41AA4B2544528BF54465E
:10453000696822461944B819C8472644B6B2AAEB9E
:1045400004041FFA84FA43462D68BAF1000F08D01C
:104550003DB1002BE6D06A899A42E3D89B1A9BB200
:10456000F2E73046BDE8F08791D3410070476FF025
:1045700009007047F0B4134B1B884FF480424FF68C
:10458000FF774FF44046104DBB421ABF581C80B213
:104590003046002155F821301C682CB9013104291E
:1045A000F8D1084B188009E0638B834208D1013AA7
:1045B00092B2002AE8D1034B18800020F0BC70476B
:1045C000E468EAE76C0000205C05420070470000E8
:1045D000F8B5037E03B1FEE704460D46AAB11D49B6
:1045E00001F1100751F8043B1B68CBB9B942F9D16E
:1045F00015B12B6803B123606283174B1A68E26020
:104600001C60164B98470020F8BD154B9847024692
:104610000028E4D16FF00100F8BDDB68002BE5D085
:10462000588B9042F9D14BB11E6856B165B12868DC
:1046300068B18642F1D16FF00700F8BD6FF0070056
:10464000F8BD6FF00700F8BD6FF00700F8BD6FF020
:104650000700F8BD5C054200802201209D37410023
:104660007545410038B5037E03B1FEE704460220DC
:10467000244B98470546002841D023690361638B8A
:10468000438301230376637E4376237A43F0020358
:104690000372A37A8372637A437223680360638B25
:1046A00043B1194B1B689C4212D1DA68164B1A6051
:1046B0000023E36021460120144B9847144B6B61A3
:1046C000144B1A68EA601D60134B9847284638BDA2
:1046D000124A1360002BEBD0DA68944206D1E268EC
:1046E000DA60E5E7D3689C4205D01A46002AF9D182
:1046F0000A4B1A60DCE7094B1A601346EFE700200B
:1047000038BD00BF1D3E410080220120853E410092
:104710006F454100782201209D3741007C22012015
:1047200070B40246856A848D016B6319581AD38E62
:1047300040F2B456B34294BFC31A831B002B02DB72
:10474000D48570BC70476B1A002B03DD0023D38522
:104750001846F6E7491BD1850020F2E710B504465C
:10476000838D194489B240F66833994292BF81859E
:1047700040F668338385074B984740F2D923984227
:1047800000DC10BDA37F43F00203A3772046024B59
:104790009847F6E721474100916E410050B110B5AE
:1047A0000446406808B1044B984721460320034B58
:1047B000984710BD704700BFA9414100853E4100A8
:1047C00048B138B50346044D1C681846A84723462F
:1047D000002CF9D138BD70479D47410038B50546DA
:1047E0000320084B9847044650B128686968AA68B6
:1047F000EB6820606160A260E3606068024B9847EC
:10480000204638BD1D3E4100E5434100016170472F
:10481000C0F880107047C1677047C0F88C107047AF
:1048200041617047C0F8881080F820207047000070
:10483000037E012B1AD90A2B18D070B50446806F5D
:1048400018B10B4B98470023A367606F094EB04720
:10485000002565674FF6FF73A386E06EB047206FB3
:10486000B047E5662567A4F86A5070BD704700BF81
:10487000A9414100C14741002DE9F04F83B0B64A3C
:10488000136801331360B54A13780133137015466A
:10489000B34FDFF8FCB2B34B1C68002C00F07F81F3
:1048A000002603E0E468002C00F079812B7894F86E
:1048B00021209A42F6D084F82130227E022A24D088
:1048C00094F846300C2B61D094F89580B8F1000F25
:1048D00027D094F894300133DBB284F89430A24AA4
:1048E000424412F8012C9A4273D8002384F8943081
:1048F000B8F1060F9CBF08F1010884F895802046A6
:104900009A4B98474FF0000842E094F84630062B47
:1049100000F08F800C2BD7D14FF000094FF0010829
:104920008EE0B4F934100029A4BF0131A186216FB3
:1049300071B3B4F93400B4F94410884228DB022A78
:104940000BD0B4F94010B4F9422002EBE1028849DF
:10495000CB5C02FA03F3A4F844300023A386B4F836
:104960006030B4F84C20934228BF13465B08A4F88B
:104970004E30E28EB3EB420FBCBF5300A4F84E3072
:10498000A4F84C2020467B4B984701E04FF00108EB
:10499000237E062B20D0227A12F0080F4ED0042B53
:1049A00001D0072B7FD16C4B1A68636AD21AD4F8F6
:1049B000901001F5242303F6B843ABFB0303B2EBDD
:1049C000531F1ED908F101085FFA88F84FF001095A
:1049D00036E04FF00008DBE7A37F13F0100F09D09B
:1049E0005D4B1B68626A9B1A282B03D908F10108EA
:1049F0005FFA88F8606F002800F0F3804FF000093C
:104A000020E094F896305C4800FB0313ABFB0313E3
:104A1000B2EB531F02D84FF0000911E02046574B6C
:104A2000984794F89630013384F896304FF0000997
:104A300006E04FF000094FF0010801E04FF00009D7
:104A4000606F50B1444B1A68636AD21AB4F94430AB
:104A500003EB4303B2EB430F28D2237E032B2AD070
:104A6000092B33D0B8F1000F3BD1D4F80C80E37F91
:104A70000133DBB2E37794F820209A4200F28C8075
:104A80000023E3773B70D4F88830002B5BD02146BD
:104A9000206998473B78002B7FF4FDAE002852D068
:104AA00026464446FFE64FF00009C9E7344B9847D5
:104AB00000236367D1E7284B1B68626A9B1A282B87
:104AC000D0D908F101085FFA88F8CBE7224B1B68C0
:104AD000626A9B1AF02B84BF08F101085FFA88F81C
:104AE000C0E72046274B9847EEB1E368F360B9F181
:104AF000000F1CD1D4F88C80D4F810A0D4F80C90FE
:104B000021460120204B984700233B70B8F1000F4D
:104B10001FD06FF009015046C0473B78002B7FF44F
:104B2000BAAE4C46BFE6E3680E4A1360DFE7A16AFF
:104B3000206DA38B0193638B0093231D2246DFF826
:104B40005480C047D6E72046104B98472646444637
:104B5000A9E64C46A7E600BF742201201EAD002046
:104B60006C220120702201206C05420091734100EB
:104B70004C05420029724100F824010015734100E0
:104B8000C147410031484100853E4100916E4100DE
:104B9000D34D6210757141002646444683E6144B9E
:104BA0001C680CB30025134EDFF85080124F06E04E
:104BB000E2680F4B1A600DE02546E468A4B1626A12
:104BC00033689B1AF02BF7D92046C047002DEFD051
:104BD000E368EB60D4F80C9021460120B8474C46BE
:104BE000ECE74FF000093DE703B0BDE8F08F00BFF0
:104BF0008422012074220120853E41003148410079
:104C000010B50C4602688A420BD0184B1A607AB174
:104C1000D36899421DD0F3B1DA68944204D01346A8
:104C2000F9E7D368036003E0104A1360E268DA60D2
:104C30000023E36020460E4B9847237E0A2B05D0C5
:104C4000012B03D0A37F13F0010F08D1002323769B
:104C500010BD1346EAE70022044B1A60E8E743F070
:104C60000203A3772046034B9847EFE77C220120FD
:104C700031484100916E410030B583B0044621B106
:104C8000037E042B0BD0072B09D0237E072B00F2C9
:104C9000AD80DFE803F04E77808B99ABABA2A36FBA
:104CA000E3B1A38B0193638B0093231D2246A16A7A
:104CB000206D504DA84720464F4B98474F4B1A68E0
:104CC000944211D04E4B1A60AAB1D3689C4220D0B6
:104CD0000BB3DA6894420AD01346F9E7A28D40F686
:104CE00068339A42DDD1D0E7D2681A6003E0444AC3
:104CF0001360E268DA600023E3600122414B1A701E
:104D0000237E042B0BD0214601203F4B98470023E4
:104D10002FE01346EDE70022394B1A60EBE70A2338
:104D200023763A4B1A68E2601C60394B984700239F
:104D30001FE0638BC3B1374B1A6894420BD0304BE2
:104D40001A607AB1D3689C4216D0BBB1DA6894423B
:104D500004D01346F9E7D2681A6003E0284A1360CA
:104D6000E268DA600023E36021460120264B984781
:104D70000023184603B030BD1346F1E70022204B54
:104D80001A60EFE721462448244B98472146022029
:104D90001D4B9847ECE721461848204B98470120C7
:104DA000184B18702146184B9847E1E720461C4BDA
:104DB000984703460028DCD105232376C4B120465A
:104DC000184B98470023D4E72046154B98470346D5
:104DD0000028CED105232376F0E72046104B9847D4
:104DE00003460028C5D109232376E7E70023C0E75F
:104DF0000023BEE775714100314841007022012057
:104E00007C2201206C220120853E41008422012069
:104E10009D3741008022012078220120014C410071
:104E2000C96D4100916E410008B5037E012B03D08E
:104E3000837F43F0100383770121014B984708BD1E
:104E4000794C410010B5084642B114461189064B11
:104E500098472046054B9847002010BD0BB1002015
:104E600010BD034B984710BD5D474100A94141006B
:104E7000294E4100F8B50446866F777B002383678F
:104E8000D0F88050E5B1324601460069A847054692
:104E9000F5B917F0200F20D0A38D40F66832934269
:104EA0001CBF0133A385D4F88060B6B100231A4635
:104EB00021462069B04710F10A0F08BF05460CE0F3
:104EC0000023324601461846054DA8470546DFE750
:104ED00015F10A0F1CBFA66700252846F8BD00BFC4
:104EE000454E41002DE9F843184A137801331370F9
:104EF000174F1546DFF86480164E3C681CB32B78BC
:104F000094F821209A4200D1FEE784F82130A37F53
:104F100013F0010F0DD1D4F80C90A36F3BB1002317
:104F2000337020460C4B98473378002BE5D14C4624
:104F3000E4E743F00203A3772046C047A37F23F0B2
:104F40000303A377E7E7BDE8F88300BF1EAD0020A9
:104F5000702201206C220120754E4100916E4100AB
:104F600008B5074B9847074A13780133DBB2137033
:104F700013F0010F00D108BD034B9847FBE700BFBA
:104F8000E54E41001DAD002079484100037E012B14
:104F90001FD010B5044681B1837F43F0100383779F
:104FA0003AB9806F18B10F4B98470023A3670020D0
:104FB00010BD01210C4B984710BD6AB1032B0DD3D6
:104FC000042B01D9072B09D100212046064B984715
:104FD00010BD6FF00C007047002010BD6FF00C008A
:104FE00010BD00BFA9414100794C41002DE9F043BB
:104FF00083B00446037E0A2B27D00E46D0F850809B
:10500000D0F82890D0F88C500769014619481A4BFF
:1050100098470122194B1A70206F08B1184B984716
:10502000E06E08B1164B9847606F08B1144B984773
:10503000A6B921460120134B98471DB16FF0090115
:105040003846A84703B0BDE8F08301460E480A4B36
:105050009847214601200B4B9847F3E7A38B019318
:10506000638B0093231D224649464046074EB047B6
:10507000DFE700BF70220120014C41006C220120BB
:10508000C1474100853E41008422012075714100E5
:1050900008B50121014B984708BD00BFED4F410005
:1050A000034B1868034A126810441860704700BF29
:1050B0006800002074220120F8B505460120434B0A
:1050C00098470446002839D0982200212046404BBA
:1050D0009847657640F66833A4F866300025A4F852
:1050E0006850A385E3856572FF23A3724FF40673AE
:1050F000E3860623A4F84430A4F84050A4F84230D4
:105100004FF6FF73A3860123A4F84C30314B984728
:10511000A0652065A064E0652F4B1B6863622F4B80
:105120001B7884F82130E5772D4BC4F880302D4B67
:10513000C4F8903084F896502046F8BD2A4B1B687E
:105140007BB1254A106800215A6A821A8A4224BF1C
:1051500011461C46DB68002BF6D114B12046234BC8
:1051600098470120194B9847044630B1204AD2F89D
:10517000E830013BC2F8E830A6E71E4B1B68BBB124
:10518000154A176800267F2001E0DB6863B15A7E6C
:105190009542FAD38242F8D8596A791AB142F4D3C7
:1051A00010460E461C46F0E714B120460F4B9847B8
:1051B0000120064B984704460028BDD00C4AD2F87F
:1051C000E830013BC2F8E830D0E700BF1D3E4100A7
:1051D000C5D44100A1504100742201201EAD002021
:1051E000454E410000DD6D008422012091504100B8
:1051F000A82001207022012008B54020014B9847CB
:1052000008BD00BFB950410010B504460846074B21
:10521000984738B1008D38B1283880B2A04228BFF5
:10522000204610BD204610BD204610BD252B410054
:10523000F8B50546224B1C68A089224B9847C0F35D
:105240000F30052800D8F8BD1D4B1B6898891D4BF1
:105250009847060B053EB600B6B2002EF3D004F117
:105260001402002340F2B35740F2B45403E0013378
:105270009BB29E42E7D91846D15C0129F7D000299C
:10528000E1D0022906D0104441780029DBD00B443C
:105290009BB2EEE7D11849780429D4D1191DB14247
:1052A000D1DC104490F802E0C17841EA0E21481E9A
:1052B00080B2B84288BF2146E98604339BB2D8E762
:1052C00044AD00204B1641002DE9F04705468946C4
:1052D000C36898892A4B984710F0010F16D1B9F18D
:1052E000000F4AD0D9F80C202B8951685B1A254948
:1052F00009680B44B9F808105B1A002BB8BF4C467C
:1053000029DB1F4FDFF88C801F4E15E048461F4BEE
:10531000984700242EE0D9F800404846B04764B3CF
:10532000E2682B89174909680B4451685B1A218987
:105330005B1A002B0FDBA1469089B84710F0010FD4
:10534000E9D0D5F80CA0BAF80C400120C0472043A2
:10535000AAF80C00DFE70B4B1968E3685A682B8941
:105360000B449B1A002B05DD521A91B22981686803
:10537000074B98472C60BDE8F0870024FAE700BF90
:105380004B16410040AD00209D474100C147410000
:105390006D434100411641002DE9F0470446AA4BF8
:1053A0001B7813F0100F00F06B81B0F86050806D27
:1053B000626DA64B1B68D11A002928DB9A421BD0CC
:1053C000A34A126890421DD0A14B1A68A36CD11A4F
:1053D000002941DD012903D4216D511A00296EDD18
:1053E0000023A4F86430E36E002B00F04181984E56
:1053F000DFF87882974FF8E0954A1268821A002AFF
:10540000DEDA04E0944A1268D289AA42DCD9924AD0
:105410001268D1898EB2A4F86010D28991B2B4F822
:1054200062708F4238BFA4F862206365884B1B68A6
:10543000A3654EB994F89530002BC5D184F894300B
:10544000012384F89530BFE794F89530002BBBD04A
:10545000002384F89530B7E70021A4F864107F4951
:10546000098831B92844B4F86010A56D29448842F0
:1054700003D0002384F84730B5E7B4F9341000298D
:10548000F7DB9A42F5D194F84720531CDBB29A42DD
:1054900038BF84F8473094F84730032B09D9B4F863
:1054A0004C20E38E13449BB29A429CD2A4F84C3019
:1054B00099E7032B97D12046694B984793E7A17F43
:1054C00011F0040F06D021F00401A177B4F84E10BA
:1054D000A4F84C10002084F84600B4F94050B4F809
:1054E000421001EBE501A4F84410D31A9BB2A4F8D2
:1054F0006430B4F866100B44A4F8663084F84700B2
:10550000A264237E032B0CD9B4F84C20B4F84E309F
:1055100093420ED9E38E13449BB29A4238BFA4F84B
:105520004C30236F002B4BD0DFF84081494E484F61
:1055300018E0E38E03FB03F393FBF2F313449BB2F7
:105540009A42EED2A4F84C30EBE76868454B984796
:10555000B4F86830181AA4F868002846424B9847F7
:10556000236F6BB3DB685868C0470546236FB3F8F9
:105570000890DB689889B04710F0030018BF01203D
:1055800048443B68ED1A2844002812DC256F2B683C
:105590002367B4F86430002BD7D0EB689889B04704
:1055A00010F0010FD1D0B4F86430013BA4F864309E
:1055B000CBE7236F23B10023A3860023E37712E711
:1055C0004FF6FF73A386F8E7A4F86A302CE068680A
:1055D000244B9847B4F86830181AA4F86800284695
:1055E000214B9847E36E002B42D03568DB68586842
:1055F000C0478246E36EB3F80890DB689889B847E5
:10560000A5EB0A0510F0030018BF012048442D1A2D
:10561000002D2DDB3368226D9B1A002B28DCE56EF4
:105620002B68E366002BCFD0B4F86430002BCED0CB
:10563000EB689889B84710F0010FC8D0B4F864300F
:10564000013BA4F86430C2E724AD002040AD002047
:1056500020AD00204B16410044AD002048AD002095
:10566000B9724100CD4341009D4741006D16410094
:10567000A36B2BB1E26B9F490968521A002A23DB06
:105680009D4B1B88002B00F05882227E062A00F2D8
:105690005482A16A994A12688D1A012D05D4C2F16B
:1056A0000100C31A0B44002B2EDD531A002B55DBCF
:1056B000A38DC3F1010313445B1A002B53DD204675
:1056C0008F4B9847BDE8F087B4F940108D4A1268B7
:1056D000D31AA3EBE1039BB218B25A1812B2A4F882
:1056E00040200028BCBF5B4218B2B4F94230A3EBA3
:1056F000A30303449BB2A4F8423003EBE203A4F8F3
:1057000044300023A363BBE72B467F4A506842899D
:1057100095421EDD0189491B89B200259B1A018132
:105720004581006842899A42F8DB5B4219B2774BA7
:105730009847A26A7449714803680D892B449B1AE3
:105740000B81CB6802605A60A16A531A002BAFDA52
:10575000B5E7694209B26D4B9847EAE7A37F43F08A
:105760000203A377ABE78A4213D02046644B9847E5
:10577000666F002E00F02A81F1684A685F4B186856
:10578000824200F02981002700F1FF3E00F1010C68
:1057900045E15D4B1D89DB6898895D4B984710F0AA
:1057A000030318BF01232B449BB2534A1380A28DDD
:1057B0009A4217D3636F002B00F0EC81524BDB68E9
:1057C0009889534B984710F0010F42D0606F002822
:1057D00000F0E0814F4D03686367A847606F0028C1
:1057E000F9D1D7E1484BDB689889494B984710F0CD
:1057F000010F1FD1444BA28D1A81DB689889444B5D
:10580000984710F0020F03D03F4A1389013B1381E0
:105810003D4D29896868404B98472E89EB689889E7
:105820003B4B984710F0030018BF01200644324B51
:105830001E80BFE7344BDE68B5892846344B984755
:1058400000F03E00354B984725F47C550543B58163
:10585000D0E7D4F87490B9F1000F00F09981D9F82D
:105860000C20254B1B88254909680B4451685B1A9D
:10587000B9F808105B1A002BC0F2BD81244E224FEC
:10588000DFF8988015E0D9F800504846214B98473A
:10589000002D00F07D81EA68174B1B8817490968C5
:1058A0000B4451685B1A29895B1A002BC0F2A48152
:1058B000A9469089B04710F0010FE4D0FB689889A1
:1058C000B04710F0020FDED1D7F80CA0BAF80C5098
:1058D0000120C0472843AAF80C003D89FB6898893D
:1058E000B04710F0030018BF01200544024B1D8093
:1058F000C9E700BF20AD002048AD002040AD00202A
:10590000196E41007422012028AD0020334141006E
:105910004B1641009D4741006D4341004116410037
:105920008F4B196000236B60EB689889B04710F0CB
:10593000010F09D08B4A137843F020031370237EA4
:10594000042B04BF072323762B6863672846864B06
:105950009847656F002D2CD0EB685A68A16A8A427F
:1059600027D1C8F80020B5F808909889B04710F002
:10597000030018BF01204844A36A1844A062B5F888
:105980000890EB689889B04710F0030018BF012019
:105990004844A38D181AA0852046B84769680B892A
:1059A000002BC1D06E4B18680028B9D06F4B9847B8
:1059B000B8E7A37F13F0010F1ABF23F0010343F0F0
:1059C000020343F00103A377BDE8F0876848694B01
:1059D00098476067BDE8F08735460026644B1A8912
:1059E0002B899A424FD96248624B98470346002858
:1059F00049D036B13060294618465F4B9847BDE81C
:105A0000F0876067F7E7831A002B2FDB3568002DDE
:105A100036D0E9684A6837468242DFD02E46002FEA
:105A2000F1D0FB685B68AEEB0303002BEEDBACEB65
:105A30000203002BEADC4E484E4B9847044610B355
:105A4000FB6859684D4B1B683A890A44D21A002AF0
:105A500005DD5B1A99B239817868494B98473C60FB
:105A600031462046444B9847BDE8F0874048414BBB
:105A7000984740B1606731463F4B9847BDE8F08793
:105A8000821A002A01DCBDE8F08788893D4B9847DF
:105A900010F0010FF7D13648364B98473060002898
:105AA000F1D0F3685968354B1B6832890A44D21A21
:105AB000002A05DD5B1A99B231817068304B984736
:105AC000314B1A882D4B1B681A44A38DA16A0B44D5
:105AD0009A42D8D93368DB6898892A4B984710F0E6
:105AE000010F1BD13268254B1968A38D5B1AA16A7F
:105AF0000B441381336819895868214B98473368E0
:105B00001C89DB6898891F4B984710F0030018BF69
:105B1000012004441C4B1C80BDE8F0873368DF681B
:105B2000BD892846174B984700F03E00174B984711
:105B300025F47C550543BD81D4E7104B1B68A26A50
:105B4000991A002905DB01339B1AA28D9B1A002BA1
:105B500099DDA37F43F00203A377BDE8F08700BF80
:105B600038AD00203CAD00209D4741000544410078
:105B700028AD0020DD474100C952410040AD002062
:105B80006D4341004B16410048AD002041164100D5
:105B9000002565672D4B1A882D4B1B681344A362A3
:105BA000A38D9B1AA38520462A4B98472A4B5B68F6
:105BB0001A8922B1294A13600022274B5A60264BCA
:105BC000DB689889264B984710F0010F04D0254ACE
:105BD000137843F020031370656F002D3FF4E9AE96
:105BE000EB685A68A16A8A427FF4E3AEDFF860800E
:105BF0001B4E184FB5E64D46154B1968EB685A68B1
:105C0000124B1B880B449B1A002BC2DD124B521AFD
:105C10001A81DB689889124B984710F0020F03D065
:105C20000D4A1389013B13810B4E318970680E4B6D
:105C300098473789F3689889094B984710F0030013
:105C400018BF01200744014B1F80A2E748AD002088
:105C500040AD00202147410028AD002038AD002094
:105C60004B1641003CAD00206D4341002DE9F0434F
:105C700083B004460D469E4AD2F894300133C2F8F0
:105C800094304368197801F00F0103EB8103994ABE
:105C9000136089004942984B984710B92389132B08
:105CA00011D8934AD2F8A4300133C2F8A430904AF4
:105CB000D2F89C300133C2F89C3020468F4B984775
:105CC00003B0BDE8F08329468D4B18688D4B98478B
:105CD000A8B98B4B1B6803F0F003E02B0FD023898E
:105CE00000930623864A88492046884DA84768B114
:105CF0007F4AD2F8A0300133C2F8A030D7E77C4AFF
:105D0000D2F8B0300133C2F8B030D0E7794B1B681D
:105D100098897F4B9847000BC0EB8030810009B217
:105D20002046754B984730B1714AD2F8A430013300
:105D3000C2F8A430BBE76F4D2F683888744EB04767
:105D400038802F687888B04778802F687868DFF8C7
:105D5000FC81C04778606F4B18602F68B868C047F7
:105D6000B8606D4B18602F68F889B047F8812B68D0
:105D70009889B0475FFA80FE0EF03F02674B1A70B9
:105D80001EF0030318BF012321890B4499B2644B11
:105D90001980644B1868002860D02F683E885A4BE1
:105DA000D3F800C0564BD3F800800546002204E02B
:105DB000EB682A46002B51D01D46AB8BB342F7D17E
:105DC000B5F81A907B889945F2D16B686345EFD19D
:105DD0002B684345ECD122B1EB68D360E860514BAE
:105DE0001D60002D3AD0504B00221A602189198184
:105DF0005C60DF604D4B1A604D4B1A701EF0080F4F
:105E000003D0637B43F001036373AB6F002B00F09F
:105E100030812846474B984710F10A0F08D0AB6FE6
:105E2000002B00F026813E4B1B88002B00F02181C7
:105E30002F4AD2F89C300133C2F89C3000233E4AEE
:105E400013603A4A1360384B586800283FF438AF63
:105E50002A4B98470022344B5A6031E7374B186879
:105E6000002875D0234B1F683A88274BD3F8008051
:105E7000234BD3F800C011E01EF0010F02D0304BCD
:105E80001B68436200292ED0837F43F0020383778F
:105E90002C4B984727E0C068002859D0838B934249
:105EA000F9D1458B7E88AE42F5D146684645F2D1A0
:105EB00006686645EFD11EF0040F14D11EF0020FE4
:105EC000DAD0144A1668826AB21ADBD4878DD21BE4
:105ED000002AD7DC019300950B4B094A31440E4848
:105EE0000068194DA8472046044B9847E8E600BFD4
:105EF000A820012044AD002033414100A9414100C8
:105F000080E800200D2F410078E80020292A410078
:105F10004B16410040AD002020AD002024AD0020F4
:105F200048AD00207022012028AD002038AD0020AF
:105F30003CAD0020754E41008822012084220120C2
:105F400074220120916E4100757141006D1641006F
:105F5000894B1F68002F00F08383884B1E68708870
:105F6000874BD3F800C03D46002205E0EB682A4687
:105F7000002B00F075831D466B8B8342F6D12B6896
:105F8000634502D00DB1002BF0D1002D00F06883E5
:105F900022B1EB68D360EF60774B1D601EF0040FF9
:105FA00057D11EF0100F47D11EF0020F51D0687E5E
:105FB000744B9847064600284FD0714B1B6803600E
:105FC0006B8B4383704B1B6843606C4B1A68138860
:105FD0008383032303766D4B1B68591C8162016325
:105FE000D189A0F86010D289A0F86220A0F84E10E4
:105FF000013B43652B6903616B6943612B7A23F095
:1060000073030372624B1A68C2601860614B984751
:106010000122614B1A703046604B9847311DF08E5B
:106020005F4B9847F086122130465E4B9847D8B9AF
:1060300030465D4B98470CE0544B18683388019309
:1060400073880093504B4E4A014458480068584D9D
:10605000A8472046574B984732E6574AD2F8A8300F
:106060000133C2F8A830F4E700213046534B98477B
:10607000EFE7534B1D60534B1B7813F0040F36D0E2
:106080002B7E022B21D0414B1B68AA6A9B1A06D497
:10609000AA8D9B1A002BCCBF00230123EBB94A4BDE
:1060A0001B7813F0080F00F06E82D5F88C301BB10E
:1060B0006FF00A012869984729463548434B9847AD
:1060C00029460120424B9847B8E62B6D374A1268A3
:1060D000934214BF00230123E0E73B4A137843F0C7
:1060E00008031370AB7F23F00103AB77D7E713F0FE
:1060F000020F09D02B7E023BDBB2012B04D9AB7F10
:1061000043F00203AB77CAE7AB7F13F0100F02D165
:10611000304B1B686B62002385F8963028461F4B76
:1061200098472B7E023B072BB9D8DFE813F0080015
:10613000AE000C011C0175010C01DA011702214BA4
:106140001B7803F01203122B48D01E4B1B7813F060
:10615000100FA4D0094B1B681F4A10880B4A116806
:106160001A8801925B880093074B054A01440F4847
:1061700000680F4CA04792E77822012044AD002030
:1061800080E80020B950410078E8002040AD0020B0
:10619000702201209D3741006C22012031524100C4
:1061A00009524100C16C4100916E410020AD0020B8
:1061B00075714100A9414100A8200120ED4F410027
:1061C0008822012024AD00203CAD0020014C41007C
:1061D000853E41007422012048AD00202B6FDB6812
:1061E0005868A14B98470130A04B1B689842ACD12E
:1061F000B5F866300133A5F866309D4B1B685A1C14
:10620000AA622A63A8649B4A1268D189A5F8601023
:10621000D289A5F86220013B6B6504232B76E9182F
:10622000E88E954B9847E88600EB80035B00A5F865
:106230004E30B5F84C30012B04BF400080B2A5F8B9
:106240004C00B5F86830013BA5F86830286F03684A
:106250002B678A4B98472B6F93B94FF6FF73AB862A
:10626000D5F884303BB1002229462869984710F1BF
:106270000A0F3FF4E3ADAB7F43F00203AB770EE7C9
:106280000023AB8685F84630EAE77D4B1B7813F098
:10629000100F49D0754B1868AB6CDB43C34233D445
:1062A0002B6DC31A002B2FDC04232B766B6943B1B3
:1062B000002229462869984738B110F10A0F3FF4A7
:1062C000BDAD28466F4B9847B8E5B5F84C40284619
:1062D0006D4B9847B5F8643013B1013BA5F86430B5
:1062E000012CEB8E04BF5B009BB2A5F84C30674BD2
:1062F0001B7813F0200F3FF4D2AEAB7F43F00203C4
:10630000AB7707232B76CAE65A4B1B68604A148882
:10631000574A11681A8801925B8800935D4B5E4A68
:1063200021445E4CA047BAE613F0020F3FF4B7AE2B
:10633000AB6A013B4E4A126893427FF4B0AE2846E6
:10634000574B9847ABE628464F4B98474F4B1B7827
:1063500013F0200F3FF4A3AEAB7F43F00203AB7703
:1063600007232B769BE62846474B9847474B1B78DD
:1063700013F0200F41D0424B1B7813F0100F35D093
:106380002A6D3A4B1B689A4230D1AB7F43F002032F
:10639000AB772846434B9847434B1B689D420ED131
:1063A000EA68414B1A600122404B1A700A232B768F
:1063B0003F4B1A68EA601D603E4B98476FE63E4AC5
:1063C0001360002201202BB9002AECD000223A4BA6
:1063D0001A60E8E7D9688D4205D10AB1364A1360E0
:1063E000EA68DA60DFE702460B46ECE7AB7F43F092
:1063F0000203AB7708232B7651E6214B1B7813F071
:10640000100F3FF44CAE2A6D184B1B689A427FF474
:1064100046AE06232B7642E628461B4B98471B4B7D
:106420001B7813F0200F3FF43AAEAB7F43F002032A
:10643000AB7728461B4B98471B4B1B689D420ED1E0
:10644000EA68194B1A600122184B1A700A232B763E
:10645000174B1A68EA601D60164B98471FE6164AEC
:106460001360002201202EE06D16410020AD0020B7
:1064700040AD002044AD0020095241009D4741003D
:1064800024AD002091504100995341003CAD0020C3
:1064900048AD002078E8002080E8002075714100B8
:1064A0005D72410031484100702201206C220120C0
:1064B000842201209D3741007C220120D9688D4231
:1064C00009D002460B46002BF8D1002ABBD000228F
:1064D000784B1A60B7E70AB1764A1360EA68DA6067
:1064E000B1E72846744B9847744B1B7813F0100F94
:1064F0003FF4D5AD2A6D724B1B689A427FF4CFAD45
:106500002846704B9847704B1B689D420ED1EA6835
:106510006D4B1A6001226D4B1A700A232B766C4B5F
:106520001A68EA601D606B4B9847B8E5614A1360D2
:106530000022012004E0D9688D4209D002460B46B2
:10654000002BF8D1002AE5D000225A4B1A60E1E76F
:106550000AB1584A1360EA68DA60DBE72846564B0E
:106560009847564B1B7813F0100F3FF498AD2A6DE7
:10657000534B1B689A427FF492AD574A137843F00D
:10658000100313708BE513F0100F13D0AB7F13F0D3
:10659000100F06D1D5F88C301BB16FF00B012869B4
:1065A0009847294648484D4B9847294601204C4B6F
:1065B000984743E4B5F8642042B1EB6F33B1294604
:1065C0002869984710F10A0F3FF438AC454B1A6818
:1065D000CAB1AB7F13F0100F06D01046424B98475C
:1065E0002846424B984729E4D5F88040ECB1002377
:1065F00029462869A04710F10A0F3FF41FAC10B1DB
:10660000384B1B68AB67344B1B7813F0200F05D059
:10661000AB6F83B15A7B42F020025A730022344B95
:106620001A602846334B984708E400232946184649
:10663000314CA047DFE7AB8D40F6683293421CBF78
:106640000133AB85D5F88040002CE7D000231A46F3
:1066500029462869A04710F10A0FDFD1FFF7EEBBEA
:10666000264B1B689889264B984710F0040F1BD1C6
:10667000244BD3F8B0200132C3F8B020D3F89C20CB
:106680000132C3F89C201D4B1B681F4A10881F4A0B
:1066900011681A8801925B8800931D4B1D4A0144C2
:1066A000074800681C4DA84720460F4B9847FFF746
:1066B00007BB00BF7C2201209953410024AD00207C
:1066C00020AD002031484100702201206C220120C1
:1066D000842201209D3741003CAD0020014C410047
:1066E000853E410038AD0020A94141009150410054
:1066F00088220120916E4100454E410044AD0020AA
:106700004B164100A820012048AD002040AD0020DC
:1067100078E8002080E800207571410038B50C460B
:106720001D469DF81830914215D29DF8141011F0B5
:10673000020F08D10499897F11F0400F1DD113B1C8
:10674000049BDB6E9BB104F2B75323F003018A4232
:10675000A8BF0A4691B20022094B9847034620B1D0
:106760004289121B2A8004814481184638BD049B4B
:106770001B6F002BE7D12146EDE72146EBE700BF79
:10678000294241002DE9F0478146884616469A463F
:106790009DF8207007F0010307F00202002A14BFE1
:1067A0000C25002505EB83050320264B984704465E
:1067B000002838D0877200230360C0F80480B8F83E
:1067C00008305B1B0381142140461F4B984770BB68
:1067D0006368D3F80480C4F80C80B9F81A001B4F22
:1067E000B847A8F80000D4F80C80B9F81C00B847E6
:1067F000A8F80200D4F80C805046154B9847C8F80A
:106800000400D4F80C80C5F38705053546EA053544
:10681000A8B2B847A8F80C00E36800229A74DA74AA
:106820002046BDE8F08740460A4B9847F8E70A4AF9
:10683000D2F8B8300133C2F8B8302046074B984739
:106840000024EDE71D3E4100334141004116410067
:1068500055164100A9414100A82001209D47410053
:106860002DE9F84306460C4699461432114400229D
:1068700089B20120144B9847804610B34568708B4D
:10688000124FB8472880B08BB8476880C5F804908D
:10689000B06A0F4B9847A860A0080530000300F4C9
:1068A000704040F01000B847A881F08DB847E881EB
:1068B00000232B746B74AB74EB74F28DB36A1344C6
:1068C00033634046BDE8F883294241004116410048
:1068D000551641002DE9F04F8FB00024ADF8364039
:1068E00051B10C46017E072907D00239C9B20229ED
:1068F00003D96FF00C0034E1FEE70594069391464E
:106900000446002A00F05C81B0F86630934216D34A
:10691000B0F86830072B19D8B0F862305B08C28E27
:10692000934228BF13460793B0F868B0D0F86C8044
:10693000B8F1000F18D100252F46AA468FE0837FBB
:1069400063F07F0383774FF0FF300AE1B14AD2F85A
:10695000A8300133C2F8A830837F63F07F038377C8
:106960004FF0FF30FDE09846D8F80030002BFAD108
:10697000049398F80A3003F0010003F00203002B9F
:1069800014BF0C230023B8F80810079A521AA2EB80
:106990008002D21A92B2B4F86A30ADF83630002BC9
:1069A00000F04C814F46994528BF1F46DB1BADF8D0
:1069B0003630D21B92B2B94500F2448145464FF0C1
:1069C000000A37B16E68002E40F0D9802B891F4431
:1069D0002F81BDF83630A4F86A30BAF1000F08D024
:1069E000514668688C4B98472B89BAF808201344A5
:1069F0002B81002D40F0D880049BE366E36D4B446F
:106A0000E365B4F86630A3EB0909A4F86690A4F82E
:106A100068B0B8F1000F00F0CA80D8F80C40002C24
:106A200000F0C780069B13F0020F40F0C480A589D8
:106A300008207A4B98472843A081002091E001224A
:106A400029460320764B98478246002800F0D480E0
:106A5000059B3B4443601AE13D464FF0000A00238A
:106A600004930893069B03F001030A930B973BE002
:106A70003D464FF0000AF2E74D464F464FF0000A00
:106A8000EDE701220020664B98470990002850D07E
:106A9000059B2B444360002211461046604B9847EB
:106AA0000646002842D009995B4B984730465D4B1B
:106AB000984783441FFA8BFBBBF1080F54D8E36D52
:106AC000002200922B4431462046574EB0470346E1
:106AD00000282ED0049A002A4AD0089A10603D441B
:106AE000ADB20893A94545D9A9EB05039BB2079A16
:106AF00011469A4228BF19460F460A9B002BC0D068
:106B0000049BB3FA83F35B090293069B0193009401
:106B10000DF136030020454EB047064648B13A46CF
:106B2000059B59194068424B9847BFE70998414B6C
:106B30009847A37F63F07F03A377364AD2F8A83043
:106B40000133C2F8A830BAF1000F02D05046394BD9
:106B50009847049B002B30D01846374B98474FF08E
:106B6000FF300FB0BDE8F08F3046324B9847E0E77A
:106B70000490B4E70B9F4546984622E71E463389AA
:106B80003B4433813368002BF8D1738970683A46EF
:106B900005991844264B984773893B4473813368A1
:106BA000002B3FF413AFE9E7049B2B6026E700209E
:106BB000D7E70020D5E70020D3E74FF0FF30D0E73C
:106BC000B0F862305B08C28E934228BF1346079329
:106BD000B0F868B0D0F86C80B8F1000F7FF4C4AEA4
:106BE000B9F1000F7FF448AFBDF83630A0F86A3035
:106BF000CDF810804546FCE6A37F63F07F03A377C2
:106C0000044AD2F8A8300133C2F8A8304FF0FF3060
:106C1000A7E700BFA820012005444100411641001C
:106C200029424100CD434100856741001D67410075
:106C300091D34100A9414100C14741001F46B9F12C
:106C4000000F31D0002A3FF407AF00293FF410AF06
:106C5000A9EB07069642A8BF1646B5B2069911F0F1
:106C6000010F3FF4ECAE01230293019100940DF16A
:106C7000360329460320DFF844A0D0478246002887
:106C8000BAD02A46059BD91940680A4B98473D441B
:106C9000ADB25046084B984783441FFA8BFBA94579
:106CA0003FF6DDAE45468CE64546DDF810804FF0F8
:106CB000000A8EE691D34100CD4341001D6741009B
:106CC000B0F86830072B21D8F0B583B001F002038B
:106CD000C1F34006002B14BF04270027B0F866302C
:106CE0000BB30D460446002239461046324B9847F6
:106CF000014608B30096E36D2A4620462F4EB04762
:106D0000014630B3E26E92BBE06634E02C4AD2F822
:106D1000A8300133C2F8A830837F63F07F03837704
:106D20004FF0FF307047264AD2F8A8300133C2F83E
:106D3000A8304FF0FF303CE0A37F63F07F03A377E0
:106D40001F4AD2F8A8300133C2F8A8304FF0FF3004
:106D50002FE0A37F63F07F03A377194AD2F8A8300E
:106D60000133C2F8A8304FF0FF3022E01A46136812
:106D7000002BFBD111600023A4F86A3015F0030F3B
:106D800007D0E36D0133E365B4F86630013BA4F846
:106D9000663015F0010F03D0A37F43F02003A377E3
:106DA0004868084B9847B4F868301844A4F868005D
:106DB000002003B0F0BD00BF2942410085674100BB
:106DC000A8200120CD43410070B50546C46E0CB922
:106DD0000AE01C462368002BFBD1E36898890B4B23
:106DE000984710F0070F04D001212846084B984718
:106DF00070BDE668B4890120064B98472043B081F6
:106E0000AB7F43F02003AB77002070BD4B164100F1
:106E1000C16C4100411641002DE9F04182B00446A9
:106E2000006D164B98470346002211462046144D2C
:106E3000A84700B305464768A37F23F00303A37761
:106E4000261D03890093062332462146DFF83C8045
:106E5000C0473882A37A06220192627A00923246B3
:106E600021462846074CA0472846074B9847002054
:106E700002B0BDE8F0816FF00100F9E7551641005E
:106E800061684100C12E4100A9414100292A410009
:106E9000A44B1B68834200F06B812DE9F04F85B055
:106EA0000546B0F86020B0F84C309A4228BF1A4628
:106EB0009246C46E837F13F0020F14D07CB1E36856
:106EC0005868994B98472389AA6C9B1A18448245A5
:106ED00005D3D5F87080B8F1000F0FD115E0284622
:106EE000924B984741E1D0F87080B8F1000F05D17E
:106EF0005CB90023A5F86A3032E19846D8F8003032
:106F0000002BFAD1002C00F02781874EDFF840B229
:106F1000A9E0B5F866203AB1B5F86820072A03D889
:106F200013F0A00F00F018812368EB662B7E022B74
:106F30000CD0D4F80C90B9F80C701020D847384316
:106F4000A9F80C00AB7F23F00303AB77E768A86ACE
:106F5000774B9847B860E768E88DD847F881EA8DA5
:106F6000AB6A13442B63A37A13F0010F40F09B80AC
:106F7000B5F93430B3F1FF3F04BF0023AB860DB148
:106F80002B6833B9281D6B4B9847002834D04368D1
:106F90002B60AB6B002B00F092806268E368516855
:106FA0005B1A9BB25189C91A518161680A89D31A47
:106FB0000B816368E2685A60E36800221A745A74AD
:106FC000E76860682A1D0389009306230392294617
:106FD000DFF88091C8473882574AD2F890300133A1
:106FE000C2F89030AB7A6068062201926A7A009209
:106FF000039A2946514FB847E3685868B047074697
:10700000B4F80890E36898894D4B984710F0030056
:1070100018BF0120484407442B6DDB1B002BB8BF71
:107020002F652789E3689889454B984710F003003E
:1070300018BF0120F84270D0002323602B6F002B73
:1070400045D0E3685868B0470746D8F80C30586810
:10705000B047381A00283DDBC8F80040A046EC6E67
:10706000002C3FF446AFE3685868B047AB6CC01AD9
:107070002389184482456FD32B6F002B3FF454AF04
:10708000AB7F13F0440F7FF44FAFEA6E002A3FF45A
:1070900040AF116800297FF447AF1189EA8E914211
:1070A000BFF442AF35E7E768291D40F2B450254BE5
:1070B000984740F001701E4B9847786158E7224B83
:1070C0001B68AB63E3685868B047E86365E72C6703
:1070D000A046C4E705F170092B6FC3B122464C46A8
:1070E0009146DB685868B0470746D9F80C305868B5
:1070F000B047381A002807DA24682368002BF0D13B
:107100004B46A1461C4602E04B46A1461C46D9F818
:1071100000302360C9F80040A1E720460B4B984798
:107120009DE700BF882201206D164100196E4100C5
:1071300055164100252B4100A8200120C12E4100F9
:107140004B16410009524100742201209D47410025
:1071500041164100292A4100EB6E002B3FF4C9AED5
:10716000AB7F03F07F03AB77002005B0BDE8F08F65
:10717000002070472DE9F04F83B081468A46934640
:107180009846002214210120204B9847002839D02E
:1071900005464468BDF830001D4EB0472080BDF85C
:1071A0003400B047608048461A4FB8476060504688
:1071B000B847A06045F21400B047A08100260B2319
:1071C000A3736823E37326746674A674E6742B892C
:1071D000009306234246594628460F4FB84720825F
:1071E0000E4AD2F890300133C2F890300623019352
:1071F0000096FF23424659462846094CA047284698
:10720000084B984703B0BDE8F08F00BF294241000A
:107210004116410055164100292A4100A8200120AD
:10722000C12E4100A9414100026F0AB108B501E039
:1072300070471A461368002BFBD1C36E1360036FAF
:10724000C3660022026790F84630013380F846306A
:107250008263014B984708BD916E41002DE9F041D2
:10726000076F17B380463B68036700F16C05C36E78
:1072700073B1104EDB685868B0470446FB68586825
:10728000B047201A002803DA2D682B68002BF1D1B3
:107290002B683B602F603B684BB198F84630013358
:1072A00088F846300023C8F83830BDE8F081A8F8E7
:1072B0006A30F2E76D164100036F1BB1837F13F054
:1072C000040F00D0704710B50446114B9847B4F82E
:1072D0004C30B4F86020934287BF5208A4F84E2087
:1072E0005B08A4F84E30E38EB4F84E20B2EB430FA7
:1072F000BCBF5A00A4F84E2003EB4303B4F84E2061
:107300001344A4F84C30A37F43F00403A37710BDCB
:107310005D7241002DE9F04182B00446006D0138F4
:10732000154B98470346002211462046134DA847A7
:10733000F0B105464768261D0389009306233246AF
:107340002146DFF84880C04738820D4AD2F8903095
:107350000133C2F89030A37A0622019200220092F3
:10736000324621462846074CA0472846064B9847F8
:1073700002B0BDE8F08100BF5516410061684100D0
:10738000A8200120C12E4100A9414100292A410025
:107390002DE9F04182B0056FFDB10446EB68988994
:1073A0002A4B984710F0010F01D02B89CBB1EB6825
:1073B0005B68012200212046254EB0470646002882
:1073C00040D07768686803892A899B1A9BB201229A
:1073D00007F114011F4DA84716E0C56E002D31D0EE
:1073E000DBE7EB685B68002211462046184DA84792
:1073F000064638B37768B7F90C5025F47C55112050
:10740000154B98472843B881251D338900930623DF
:107410002A4621463046DFF85080C04738820F4A5E
:10742000D2F890300133C2F89030A37A062201924C
:10743000002200922A4621463046094CA047304699
:10744000084B984702B0BDE8F08100BF4B164100E1
:10745000616841000545410041164100A820012016
:10746000C12E4100A9414100292A41007047000076
:107470002DE9F04F85B0044689464768397801F018
:107480000F0103898A1CB3EB820F04DB8900494298
:107490006A4B984728B12046694B984705B0BDE82C
:1074A000F08FD4F804A04946664B1868664B98479D
:1074B0008046BAF80000654EB0470546BAF80200AB
:1074C000B047442814D0624BD3F800E0BEF1000F5F
:1074D00010D05C4BD3F800C05E4BD3F800B07346BD
:1074E00000263246039721464446F0468E4697E0F2
:1074F000432D09D0D9F80420524B1B689A4253D02F
:1075000020464F4B9847C9E7D9F82430002BF1D0DB
:107510005B68002BEED013F1040F21D05A68FAB14A
:107520004C4909688A42E5D11AE0197C01F004014E
:10753000002908BF1E466BE013F1040F03D0596801
:1075400009B1594567D1039F7146C646A0460C460E
:107550002AB1D968D160C3F80CE03D4A136023B169
:107560001E4604E0039FA0467446002EC2D0BAF81F
:1075700006304BB1238900931123324A3549204606
:10758000DFF8D890C84788B96FF0070120462B4B29
:10759000984778B9B6B1B76987B1F06900952D4BB6
:1075A00022463146B84779E70026E0E72046244BDB
:1075B000984773E72046224B98476FE72046204BB9
:1075C00098476BE7B8F1000F11D11E4B1B6803F011
:1075D000F003E02B0BD0397801F00F010231890064
:1075E0002046164B9847032120461B4B98472046C0
:1075F000134B984752E719688C4507D033B129B12E
:107600008CEA0107D9F808100F4204D1002E8CD063
:10761000998AA94290D0D9681A460029A2D00B466F
:10762000598A8142F7D1002CE5D1002BEED01968A0
:107630000029EBD06145EED1E8E700BF33414100BE
:10764000A941410080E800200D2F41004B16410068
:107650008C22012078E8002091294100292A41004C
:10766000F0B5344B1B68CBB10026012702E03E4643
:10767000DB68A3B19842FAD05C8A9442F8D1002B1F
:107680004AD01C68002C4AD000294BD00D68002D30
:107690004BD0AC42ECD16FF00700F0BD002659B1E1
:1076A0000B68036052B14282002E41D1214B1A680F
:1076B000C26018600020F0BD0023F2E71E4B19885D
:1076C0001C4B1C684FF480454FF6FF774FF4404E3B
:1076D000B9421ABF013189B271468CB1638A8B42BB
:1076E00005D02346DB6873B15A8A8A42FAD1013D3C
:1076F000ADB2002DECD1104B19806FF00700F0BD3A
:107700000D4B198001E00C4B19800B4B1A88002A95
:10771000C9D16FF00700F0BD6FF00700F0BD6FF04A
:107720000700F0BD6FF00700F0BD6FF00700F0BD7F
:107730000020F0BD8C2201206E0000202DE9F04FCA
:1077400085B004460F4692469B46DDF83890438A42
:1077500033B900220146354B9847054600283FD1F2
:1077600008213846324B984768B100220821012091
:10777000304B98470646002852D03B8923B1394602
:107780002D4B984700E03E467568608ADFF8AC8074
:10779000C04728805846C04768800023AB71EB7112
:1077A000A0460CB12368FBB909F104083089234BCA
:1077B0009847A880237C13F0010F21D0A37ACDF83D
:1077C000089011220192627A009252464146304658
:1077D0001B4CA0470546BE4202D03046194B984785
:1077E000284605B0BDE8F08FD9F804209342DDD0DB
:1077F000BE4218D03046134B98476FF00505EFE7AF
:10780000338900931123524641463046DFF838B0A1
:10781000D8474FF6FF73002808BF1846E880CDE729
:107820004FF0FF35DCE76FF00505D9E761764100E1
:107830003341410029424100394441004116410091
:10784000AD2D4100A9414100292A410070B50446EF
:107850000D461646438A9BB1D5B12B686360A6825C
:10786000237C43F0040323740E4B1A6892B19442B4
:1078700016D01346DB686BB19C42FBD100230DE0B0
:1078800000220146084B984703460028E4D005E053
:107890000023E3E7E260034B1C600023184670BD41
:1078A0000023FBE78C220120617641008161C261E7
:1078B0007047000008B501460B4B1A68824201D0A0
:1078C00042B902E0D268084B1A600020074B984783
:1078D00008BD1A46D368002BF7D09942F9D1CB687E
:1078E000D360002BF5D1F0E78C220120853E4100CA
:1078F00010B50020054B9847044628B120220021EE
:10790000034B9847FF23A372204610BD1D3E410044
:10791000C5D4410010B5044600EB8002094B53F872
:10792000220038B1084B984704EB84039B000021E8
:10793000044AD15004EB8404024B03EB840400237B
:10794000A37410BD4CAD0020A94141002DE9F04FBA
:1079500083B03C4A002399464FF00A0E9C46754678
:10796000F046F246019305E057B95DB20133143297
:107970000A2B29D01446977C0A2DF5D0002FF5D07C
:1079800020B10668B3466668B3450AD0012F0AD015
:10799000012FEBD9E47C644524BF4FFA83F8A44659
:1079A000E4E758B229E0276837B1E47C4C45DDD3E1
:1079B0004FFA83FEA146D9E7E47C019EB442D5D3B9
:1079C0004FFA83FA0194D1E711F0020F30D1044647
:1079D0000A2D15D0092D16DCEDB234B1216805EB66
:1079E0008503184A02EB8303596005EB8502154BAA
:1079F00003EB82030022DA7468B203B0BDE8F08FB3
:107A000011F0010F17D0B8F1090F05DC5FFA88F506
:107A100028460D4B9847E0E7BAF1090F02DC5FFA00
:107A20008AF5F5E7BEF1090F08DC5FFA8EF5EFE79E
:107A30004FF0FF30E1E74FF0FF30DEE74FF0FF306F
:107A4000DBE700BF4CAD00201579410038B54C682C
:107A50001D6825609B88A3801368C4F8063093884E
:107A6000638108232373002363738369984738BDB8
:107A7000F8B50E4C00250E4E022706E0032A08BF7B
:107A8000A774013514340A2D0FD02846A27C002A91
:107A9000F7D0E37C0133DBB2E374EF2B03D8012A88
:107AA000ECD1012BEDD9B047EBE7F8BD4CAD002090
:107AB00015794100F8B50646084D0024084F03E04B
:107AC000013414350A2C08D02046AB7C002BF7D0AB
:107AD000AB68B342F4D1B847F2E7F8BD4CAD002033
:107AE000157941002DE9F0410546884600F12B0645
:107AF00000222A210320244B984700283CD0074627
:107B000044680120214B9847A0823368C4F816309E
:107B1000B38863831E4B186820629B88A3841D4B27
:107B2000186820609B88A3803368C4F80630B38847
:107B300063816B68E361D8F80030C4F82630002216
:107B4000A2730123E3730823237462740622A274D0
:107B50000422E274237306236373AB693946284613
:107B6000984704460C4A136B0133136338460B4B9A
:107B700098472046BDE8F081074A936C013393642F
:107B80004FF0FF34F5E700BF2942410041164100A4
:107B90007C05420074054200A8200120A941410053
:107BA00070B505460E46144602EB8202154B03EBF8
:107BB00082039B7C022B0CD004EB8404114B03EB5F
:107BC00084030C3305F12B02314628460E4CA047A6
:107BD00070BD13460B4A02EB8303DB7CE32BEBD92E
:107BE00004EB840102EB81010431084B9847002823
:107BF000E2D104EB8403034A02EB830303229A7469
:107C0000DAE700BF4CAD00204D7A4100E57A410033
:107C10002DE9F04106460D461746014628684F4BB0
:107C2000984700286CD12B6803F0F002E02A6AD054
:107C3000002D6BD0002B6CD001212846484B984773
:107C4000041E36DBA04604EB8403464A02EB8303A2
:107C50009B7C002B33D104EB840302EB83030122D2
:107C60009A7429463046404B9847002F54D008EB71
:107C700088033C4A02EB83039B7C012B24D8012B15
:107C80004CD13B7B012B54D13B461B68002B52D07F
:107C90001A7B012AF9D0002219890320334B984717
:107CA000044630B339462046314B9847F0B9274651
:107CB00044E0C7B12F4A936C0133936413E0012B66
:107CC000CFD06FB3012B31D92B4B1C7004EB840444
:107CD000244B03EB84030C3306F12B023946304668
:107CE000264CA04704462046BDE8F0812046244BA0
:107CF0009847204A936C013393644FF0FF34F2E7C6
:107D00006FF00D04EFE76FF00D04ECE76FF00D047A
:107D1000E9E76FF00D04E6E70446E4E70446E2E72E
:107D200029463046104B98470446DCE74FF0FF34B5
:107D3000D9E73B46AFE73846124B984708EB880334
:107D4000084A52F8230008B10D4B984708EB880801
:107D5000044B43F828700024C5E700BF0D2F4100F5
:107D60004D7941004CAD0020E57A410029424100A7
:107D700051444100A820012014AE00204D7A41005A
:107D8000A9414100E543410070B582B005460E4669
:107D900014460E213046414B984700282FD12946E2
:107DA00020683F4B9847002868D1236803F0F00211
:107DB000E02A2BD06A685A40A9680A420AD09BB2CE
:107DC0004FF6A962934205D015F10C045FD0EB6821
:107DD000002B5FD0334B1A7802EB8201324B03EB5E
:107DE00081039B7C012B07D90B462F4901EB8303B1
:107DF00021685B6899421FD02B4B002229E02B4A57
:107E00005369013353616FF001003EE001238DF8A7
:107E1000003000238DF801305E238DF80230637846
:107E200003F07F038DF80330A3788DF80430E378F6
:107E30008DF805306B4622E01C49CB6D0133CB65D4
:107E4000314628461A4B98471FE0013214330A2A5C
:107E50000ED0997C0129F8D9206859688842F4D15C
:107E6000D2B2104B1A7031462846114B98470CE09D
:107E70003246214628460F4B984706E00E4B05F147
:107E80002B02314628460D4CA04702B070BD6FF062
:107E90000300FAE76FF00300F7E700BF334141004A
:107EA0000D2F410014AE00204CAD0020A820012071
:107EB000A17B4100117C4100740542004D7A4100D4
:107EC0002DE9F04F83B0044646890E2E0DD88B4B1A
:107ED0001A6D01321A65DA6B0132DA632046884B7B
:107EE0009847002003B0BDE8F08F0F464568B5F80D
:107EF0000C802B7813F0010F0BD0012B17D006222A
:107F000080492846804B984718B9637B43F00803A3
:107F10006373B8F1080F15D0B8F5C16F23D0774B54
:107F20001A6D01321A65DA6B0132DA63D6E76B78C3
:107F3000002BEED1AB785E2BEBD1437B43F01003EB
:107F40004373E6E797F8313013F0200FC6D06FF097
:107F50000D0120466D4B98470028BFD13946204679
:107F60006B4B9847BDE797F8313013F0200FB5D031
:107F7000B7B1292E15D9EB89B3F5807F05D1AB7C3C
:107F8000062B02D1EB7C042B16D05C4B1A6D013210
:107F90001A65DA6B0132DA632046594B9847A0E73D
:107FA000FEE7564B5A6C01325A64DA6B0132DA63DF
:107FB0002046534B984794E72B8A082BE5D14F4A2C
:107FC000536B01335363E8690190D5F8262017F10C
:107FD000040F00F08B807B68002B00F087809A42B2
:107FE0000CBF4FF001094FF0000905F1160612BF52
:107FF0004FF0020A4FF00109CA4607F12B0800288A
:108000003AD03946434B9847B0BB019B03F0F0038D
:10801000E02B31D0514601A83F4B9847031E2BDB84
:10802000DFF800E19A00D11889000EEB010C022064
:108030008CF81200CCF808700A460C320EEB020ADB
:1080400030684EF80200B288AAF8042000228CF8AA
:1080500013205EF801A0BAF1000F0DD00B461146B7
:108060004EF803103346424651463846DFF8B8B062
:10807000D8475046224B9847AB8AB3F5807F07D04C
:10808000B3F5007F2DD01D4A936D0133936524E035
:10809000B9F1000F21D00220204B9847A882EB694C
:1080A000C5F826307B68EB6133682B62B388AB84FC
:1080B00033682B60B388AB80D8F800303360B8F8F1
:1080C0000430B380D8F80030C5F80630B8F8043072
:1080D0006B81BB692146384698472046084B984734
:1080E000FFE601A938460E4B9847F6E705F116065C
:1080F0004FF000094FF0020A7FE700BFA8200120DF
:10810000A94141007405420031D34100334141008F
:10811000752B41000D2F41004D7941004116410062
:10812000F52241004CAD00204D7A41002DE9F84F79
:10813000074600F13004064600254FF0030B4FF4CC
:10814000C06ADFF83C90A046236833B1013504349F
:108150000836032DF7D1BDE8F88F5A4651465846E8
:10816000C8470028F7D0022D426806BF42F002023D
:108170003A6147F8352000227260C8F80000E5E750
:108180002942410010B50446002341F208228350E1
:1081900003630360436043638360C360836343613D
:1081A00002230361034B984724F00304024B9C61B4
:1081B00010BD00BF2D814100004003402DE9F0417A
:1081C0008846076A394B5B6913F4A87F40D141F2B6
:1081D0000C23FB58033357F83350B8F1000F0AD083
:1081E0004446334E628961682846B04763891D441E
:1081F0002468002CF6D141F20C217A58D31C07EBED
:10820000C3039888B8F8084064F30D009880D879C3
:108210006FF3C710D8710132264BA3FB02035B0832
:1082200003EB4303D31A7B50BFF34F8F1F4A1368EE
:1082300043F400731360204AB8F8083011680B4407
:1082400013601E4A1368013313600020BDE8F081FB
:10825000164B1A6822F008021A60184A916A013116
:108260009162D1680131D160002141F20C22B950F4
:1082700007F13C02BA614FF08022FA6107F22A61ED
:1082800039627A6207F61841B96242F08042FA62B6
:1082900007F1180222F00302DA614FF4A8725A6162
:1082A0001A6842F008021A6091E700BF00400340DC
:1082B00091D34100ABAAAAAA38C00020A82001206F
:1082C00010B582B0002300930C4B5B6A0193019AB6
:1082D00040F6D2431A4201D102B010BD00236A46D3
:1082E000194641F21420064C2058064CA047009B2A
:1082F000002BF1D0044B9847EEE700BF004003404D
:1083000018AE0020F5F8400061F340002DE9F04779
:108310000746046A41F2082354F80390404B1B6A55
:1083200013F00C0F28D03E4A136823F004031360A7
:108330003C4B9A6A01329A62DA680132DA6004F1DF
:10834000300504F13C06DFF8F4A04FF0000802E02D
:108350000435B54206D028680028F9D0D047C5F8C2
:108360000080F5E72046304B98472D4B0C221A62CF
:108370001A6842F004021A6004EBC90254F839305A
:1083800013F0010F3ED05668C6F30B0641F20828E1
:1083900054F808300C3354F82350B2B26A8154F8C0
:1083A00008300C33002144F823102A811D4A5368F9
:1083B0000133536020461D4B984754F8393023F061
:1083C000010344F8393054F808200132184BA3FB5C
:1083D00002135B0803EB4303D31A44F80830154A31
:1083E00013681E4416606DB16B689889124B9847EC
:1083F000B0F5006F08D040F60603984204D0284636
:108400000E4B9847BDE8F0873B69394628469847A8
:108410000028F7D02846094B9847BDE8F08700BFF1
:1084200000400340A8200120858141002D814100AA
:10843000ABAAAAAA30C0002041164100A9414100C0
:1084400070B500F590551435054E00F59054103474
:1084500000212846B0472068024B9847F8E700BF44
:10846000118741000D834100F0B585B00546624B90
:1084700041F2102298500362652380F832306E2357
:1084800080F833305D4B43615D4B8361062380F898
:108490002A30002380F82B30042380F82C30252349
:1084A00080F82D301C2380F82E30A02380F82F3048
:1084B000022380F8303040F2DC53038590F83130ED
:1084C00043F02A0380F831304E4B0393039B5A1E2E
:1084D0000392002BFAD12C204B4B98474B4C002792
:1084E00027604FF0FF33E362236843F020032360EB
:1084F0000F23236240F27F136361636A636823F092
:1085000010036360636823F020036360236923F42E
:108510007F0343F4C0132361374E30463C4B9847EA
:1085200041F20C23F75006F13C03B3614FF0802376
:10853000F36106F22A623262736206F61843B3628E
:10854000344BF362183626F00306E661236843F0E5
:1085500008032360236843F004032360236843F087
:108560008003236040F6D243A36295F82E2095F84D
:108570002D301B0443EA026395F82B20134395F832
:108580002C2043EA0223C4F8883095F8302095F86F
:108590002F3043EA0223C4F88C301F4BC02283F8EB
:1085A0002C234FF480525A601C4A394620461C4BFB
:1085B0009847A8B100211B481B4B9847B0F1FF3FDB
:1085C0000CD0042300934FF480730B4A17491848CA
:1085D000184CA047B0FA80F04009404205B0F0BD09
:1085E00039462046144B98470028E3D101223946EA
:1085F0002046124B9847DDE718AE0020897D4100E8
:10860000BD814100002D310161EA4000004003407E
:1086100085814100008000C000E100E0000E2707D6
:1086200019E540002CC000204586410041844100EE
:1086300084054200ED8841001DE3400029E240002E
:108640007047000070B5002832D004460D461A4B22
:108650009847032200210120184B9847206008B357
:1086600000231A461946164EB0472368EBB1154A47
:10867000D2F8A0310133C2F8A031D2F8A42193423C
:1086800084BF104AC2F8A43125B100240E4B98478C
:10869000204670BD00230122194620680B4CA047DC
:1086A0000024F3E74FF0FF34F0E74FF0FF34EDE73D
:1086B0004FF0FF34ECE700BF81F340009DF740002E
:1086C000EDF74000A8200120A1F340006DF9400023
:1086D00060B108B5026842B10549D1F8A021013A5C
:1086E000C1F8A0210068034B984708BD704700BF40
:1086F000A8200120B9FA400038B110B500231A466D
:1087000019460068014CA04710BD7047EDF74000C6
:108710002DE9F0410446B9B9134B9847804600272C
:1087200042F21076114D3B46324639462068A84742
:108730000028F8D00C4B9847804588BF00F1FF30E7
:10874000A0EB0800BDE8F0810D46074B9847804636
:1087500000232A4619462068044CA0470028E9D186
:108760004FF0FF30BDE8F08151FE40006DF9400050
:10877000006870470023036070470000B8B110B56F
:1087800004460846002204210C4B9847206088B11B
:108790000B4AD2F8B8310133C2F8B831D2F8BC2153
:1087A000934209D9064AC2F8BC31002010BD4FF0EF
:1087B000FF307047002010BD002010BD9DF7400025
:1087C000A820012060B108B5026842B10549D1F87E
:1087D000B821013AC1F8B8210068034B984708BD99
:1087E000704700BFA8200120B9FA400070B582B0E0
:1087F000019150B104460026054D334642F21072F5
:1088000001A92068A8470128F7D102B070BD00BFB8
:10881000EDF7400010B582B0019158B100231A461F
:1088200001A90068054CA047B0FA80F04009404219
:1088300002B010BD4FF0FF30FAE700BFEDF7400087
:108840002DE9F04383B0054616460C46D1B1DEB99A
:10885000154B984781464FF0000842F21077134EAF
:1088600043463A4621462868B0470028F8D00E4BC8
:108870009847814588BF00F1FF30A0EB090003B0A5
:10888000BDE8F08301ACE2E7074B9847814600233F
:10889000324621462868054DA8470028E7D1002325
:1088A00023604FF0FF30EAE751FE40006DF94000D1
:1088B00080B110B582B0044651B100231A46206839
:1088C000064CA047B0FA80F04009404202B010BD0B
:1088D00001A9F2E74FF0FF30704700BF6DF940008B
:1088E00000687047002303607047000010B586B031
:1088F0000C4699B200230393029305AB0193089BA6
:10890000009313460A4601462046044CA04701281E
:108910001CBF00230593059806B010BD51FB400015
:1089200008B5024B9847012008BD00BF81F3400005
:1089300008B5014B984708BDA1F34000F0B58E463D
:10894000C1B1054647184FF6FF7108264AF20104E7
:1089500001E0BD4210D015F8013B5940334611F0FB
:10896000010F14BF84EA51014908013B13F0FF03D2
:10897000F5D1EEE74FF6FF71012A0BD082B910F85E
:108980000E207044407842EA00228A4214BF002040
:108990000120F0BD034B1970090A59701046F0BD53
:1089A0000120F0BDB8C5002008B50C2804D0092866
:1089B00000F0C08000BF08BDB1F5000F4AD00BD950
:1089C000B1F1007F7ED0B1F1806F00F09780B1F1FE
:1089D000807F5BD000BF08BDB1F5001F1ED0B1F590
:1089E000800FF7D14FF480024FF020517148724B45
:1089F000984748B1714B5A7842F001025A701A7880
:108A00006FF300021A7008BD6C4B5A786FF30002C6
:108A10005A701A7842F001021A7008BD4FF4001221
:108A20004FF020516348644B984748B1634B5A78E4
:108A300042F002025A701A786FF341021A7008BDB0
:108A40005E4B5A786FF341025A701A7842F0020274
:108A50001A7008BD4FF400024FF020515548564B94
:108A6000984748B1554B5A7842F004025A701A7828
:108A70006FF382021A7008BD504B5A786FF382026E
:108A80005A701A7842F004021A7008BD4FF08072D2
:108A90004FF020514748484B984748B1474B5A78C8
:108AA00042F010025A701A786FF304121A7008BD5F
:108AB000424B5A786FF304125A701A7842F010023F
:108AC0001A7008BD4FF000724FF0205139483A4BF0
:108AD000984748B1394B5A7842F040025A701A7898
:108AE0006FF386121A7008BD344B5A786FF38612F2
:108AF0005A701A7842F040021A7008BD4FF0806236
:108B00004FF020512B482C4B984748B12B4B5A78AB
:108B100042F080025A701A786FF3C7121A7008BDBB
:108B2000264B5A786FF3C7125A701A7842F08002B7
:108B30001A7008BDB1F1807F1ED0B1F1007F37D12E
:108B40004FF000724FF020511D481B4B984748B121
:108B50001A4B5A7842F008025A701A786FF3C3021F
:108B60001A7008BD154B5A786FF3C3025A701A7801
:108B700042F008021A7008BD4FF080724FF0205189
:108B80000F480D4B984748B10C4B5A7842F02002E1
:108B90005A701A786FF345121A7008BD074B5A784D
:108BA0006FF345125A701A7842F020021A7008BD0D
:108BB00000BF08BD00140E40FFE6400090220120D7
:108BC000000E0E402DE9F04F83B00C20DFF8E8B026
:108BD000D847354C00224FF0FC612046DFF8DCA07E
:108BE000D047324E009640234FF480020C2120469D
:108BF0002F4DA847009640234FF400120C21204629
:108C0000A847009640234FF400020C212046A847B5
:108C1000009640234FF080720C212046A847009612
:108C200040234FF000720C212046A84700964023B5
:108C30004FF080620C212046A8474FF0FC6120468F
:108C4000DFF87C90C8470A224FF0FC612046DFF82D
:108C50007480C047174F4FF480533B600920D847BA
:108C6000A4F5C06400224FF040712046D047009622
:108C700040234FF0007209212046A8470096402368
:108C80004FF0807209212046A8474FF040712046DE
:108C9000C8470A224FF040712046C0474FF4007386
:108CA0003B6003B0BDE8F08F00140E40A98941007D
:108CB000A5E8400000E100E061EA4000A9E74000CB
:108CC00031E84000DDE6400008B54FF480024FF087
:108CD00020516F486F4B9847002800F088806E4BFA
:108CE0005A7842F001025A701A786FF300021A7033
:108CF0004FF400124FF020516548664B984700280A
:108D00007FD0654B5A7842F002025A701A786FF39E
:108D100041021A704FF400024FF020515C485D4B45
:108D20009847002877D05C4B5A7842F004025A707A
:108D30001A786FF382021A704FF080724FF0205150
:108D40005348544B984700286FD0534B5A7842F001
:108D500010025A701A786FF304121A704FF00072F2
:108D60004FF020514A484B4B9847002867D04A4B58
:108D70005A7842F040025A701A786FF386121A70CD
:108D80004FF080624FF020514148424B98470028F5
:108D90005FD0414B5A7842F080025A701A786FF3D4
:108DA000C7121A704FF000724FF020513B48394BF8
:108DB0009847002857D0384B5A7842F008025A702A
:108DC0001A786FF3C3021A704FF080724FF020517F
:108DD0003248304B984700284FD12F4B5A786FF3C9
:108DE00045125A701A7842F020021A7008BD2A4BB8
:108DF0005A786FF300025A701A7842F001021A7022
:108E000076E7254B5A786FF341025A701A7842F090
:108E100002021A707EE7204B5A786FF382025A7072
:108E20001A7842F004021A7086E71B4B5A786FF3E7
:108E300004125A701A7842F010021A708EE7164B1C
:108E40005A786FF386125A701A7842F040021A70FC
:108E500096E7114B5A786FF3C7125A701A7842F09E
:108E600080021A709EE70C4B5A786FF3C3025A7057
:108E70001A7842F008021A70A6E7074B5A7842F0B7
:108E800020025A701A786FF345121A7008BD00BF9D
:108E900000140E40FFE6400090220120000E0E401C
:108EA00010B582B00123009300231A462021024806
:108EB000024CA04702B010BD000E0E40DBE74000A0
:108EC00000B585B0084B0193084B029300238DF841
:108ED0000D301120064B984701A90648064B9847CC
:108EE00005B05DF804FB00BF000E2707A086010057
:108EF00061EA400000800A4019EC4000002A3CD0A2
:108F00002DE9F04F87B08346894615460026DFF8E5
:108F10007C802027DFF878A02C46202D28BF202435
:108F20000023019305934FEA1B238DF804308DF83D
:108F300005B00223029309EB060303930494502324
:108F40008DF8143039464046D04701A90B480C4BE8
:108F50009847394640460B4B98472D1BADB22644E7
:108F6000B6B25C441FFA84FB44F2F720064B9847E4
:108F7000002DD1D107B0BDE8F08F704700800A40C6
:108F80003DED4000F7E6400001000020000E0E40DD
:108F9000FBE6400000B587B0002301930593030A68
:108FA0008DF804308DF8050002230293039104929A
:108FB00050238DF8143001A90248034B984707B09D
:108FC0005DF804FB00800A407DEC400070B582B083
:108FD00009200A4EB0470124009400232246084984
:108FE0000848094DA8470C20B047009400232246AA
:108FF0004FF080410548A84702B070BD61EA4000CB
:1090000080014000000E0E40DBE7400000140E40DF
:1090100038B501380E2842D8DFE800F008111A23CD
:10902000414141414141414141412C0001294FF41D
:10903000800124480CBF244B244B984738BD01299C
:109040004FF480711F480CBF1F4B204B984738BD11
:1090500001294FF080011B480CBF1B4B1B4B98474D
:1090600038BD01294FF0804119480CBF164B174BF2
:10907000984738BD0129134D4FF4800128460CBF95
:10908000114C124CA0474FF480712846A047802114
:109090002846A0474FF080410D48A04738BD094DF4
:1090A0004FF480012846094CA0474FF480712846B0
:1090B000A04780212846A0474FF080410448A047A0
:1090C00038BD00BF000E0E40FBE64000F7E6400052
:1090D00000140E4010B582B00920064B98470123BA
:1090E000009300231A464FF480110348034CA04715
:1090F00002B010BD61EA4000000E0E40DBE7400008
:1091000038B504460D464FF480110F480F4B984771
:109110004FF400610E480F4B984742F27C100E4B03
:109120009847294620460D4B98470D4A1378002B47
:10913000FCD04FF400610648044B98474FF480116F
:109140000148044B984738BD000E0E40F7E640003A
:1091500000100E40FBE6400001000020219241007B
:10916000700000201422014B1A70704740C000208C
:10917000054B1B783BB1013BDBB2034A137013B9BB
:109180000122024B1A70704740C0002041C00020ED
:1091900010B586B003224FF0C0511748174B9847BF
:1091A0000E20174B984700230393049305934FF425
:1091B00016530093C02301934FF400630293114AA6
:1091C00069461148114B984700B1FEE700BF0E4CAD
:1091D00020460F4B984720460E4B984701212046CA
:1091E0000D4B98470D4B4FF480421A60202283F8B4
:1091F0000E2306B010BD00BF00100E4017E7400060
:1092000061EA4000000E270700000A40C1EE40005E
:1092100015EF40001BEF400021EF400000E100E0AF
:1092200070B559B14B1EDBB20133C5180346084E69
:109230001A1A13F8014BB454AB42F9D1054B19700B
:1092400002210548054B98470022054B1A7070BD56
:1092500048C0002045C0002000000A4021EF400027
:109260007000002010B582B0002301932348244BE6
:10927000984710F0020F14D0224B1B780BB900BF97
:1092800010E0214C2378214AD15C1C48204B9847A0
:109290001C4A1378013BDBB213702378013323702F
:1092A00000E000BF1548164B984710F4007F09D125
:1092B00000BF1248124B984710F0010F0DD100BFAC
:1092C00002B010BD0022104B1A700122114B1A700F
:1092D00002210A48104B9847EBE701A907480F4BBA
:1092E000984701220E4B1A709DF804000D4B187020
:1092F0000D4B98470D4B9847E2E700BF00000A402E
:1093000029EF400045C0002044C0002048C0002094
:109310002DEF40007000002025EF400041EF40009D
:1093200042C0002043C0002085A341006591410058
:1093300070B584B006461520174B9847174C00941B
:1093400002AB03AA21463046154DA847154D029A97
:1093500042F4804200212846134B9847039AB4FBFD
:10936000F2F2B2FBF6F200212846104B9847102289
:10937000002128460E4B9847002128460D4B984760
:109380000D4B4FF40012C3F88021102183F8151300
:109390001A6004B070BD00BF61EA4000000E2707EC
:1093A000EFEA400000000940B5EA4000D7EA40007B
:1093B000DFEA4000CFEA400000E100E008B51022FB
:1093C00000210448044B98474FF47A70034B9847A8
:1093D00008BD00BF00000940DFEA400031934100B2
:1093E00010B54FF400410F480F4B98474FF6FF73ED
:1093F000984200D1FEE782B213464FF4E0410B4899
:109400000B4CA0470B4B1022C3F88020BFF34F8FAB
:10941000BFF36F8FC3F88021002183F804131A6013
:1094200010BD00BFC0C62D0059EF400050180E40BF
:1094300085EF400000E100E008B50248024B984784
:1094400008BD00BF50180E40BDEF4000044B1B8804
:109450009BB223B1024A1388013B9BB21380704731
:10946000ACC00020084A138801339BB213801388D4
:109470009BB2B3F57A7F05D30022034B1A800122F9
:10948000024B1A70704700BFB2C00020AEC000206F
:1094900000B583B000216048604B98470190019B64
:1094A00013F0100F02D103B05DF804FB5C4B98473A
:1094B0005C4B98475C4B98475C4B98475C4B984794
:1094C0005C4B98475C4B98475C4B1B78A3B15C4A5C
:1094D000138801339BB2138013889BB241F2873209
:1094E000934209D90023564A1380544A1370554AAF
:1094F00013700122544B1A70544B1B7813F0010F58
:1095000004D0534A138801339BB213804F4B1B780E
:1095100013F0020F04D04E4A538801339BB253809C
:109520004A4B1B7813F0040F04D0494A9388013347
:109530009BB29380454B1B7813F0080F04D0444A2C
:10954000D38801339BB2D380424B1B78C3B1424BCB
:109550001B786BB1414B1B78DBB2012B08D0404A22
:109560001368013313603F4A138801339BB21380A1
:109570003D4B1B7823B13D4B1B78DBB2022B27D030
:109580003B4B1B7803F00503052B26D0384B1A788C
:1095900012F0080F87D037490B8801339BB20B803C
:1095A000B3F5967F02D312F0200F2BD1632B7FF6F9
:1095B0007AAF12F0100F3FF476AF00222D4B1A80D5
:1095C0002B4A137803F0EF0343F0200313706AE78C
:1095D000294A136801331360D2E7254B5B880133B6
:1095E0009BB244F61F62934202D8214A5380CDE7D2
:1095F0001F4A00235380137803F0FB0343F0280332
:109600001370C3E700220A80194A137803F0DF03BE
:1096100043F01003137046E700000940E7EA4000FA
:109620007191410035A44100659441004D94410081
:10963000694440008D44400081994000080B00209F
:10964000060B0020150B0020160B0020790B0020C4
:1096500050CD00206A0B0020740B0020760B0020F8
:10966000700B0020680B00206B0B0020660B0020A5
:1096700098CD0020B0C000206C0B002030B585B024
:109680004FF4C0624FF000611548164B9847072011
:10969000154B9847154B01934FF4E13302934FF468
:1096A0000063039301A91248124B984700B1FEE7EB
:1096B00000BF0F4C2046104B9847022120460F4D0B
:1096C000A84720460E4B984701212046A8470D4B3E
:1096D00080221A60102283F8072305B030BD00BF36
:1096E000000E0E4017E7400061EA4000000E270719
:1096F00000060E40C5ED4000FDED400009EE4000C3
:1097000003EE400000E100E008B50146044A536959
:1097100013F0020FFBD00248024B984708BD00BF70
:1097200000060E4015EE400070B50546007850B1B9
:10973000054C064E636913F0020FFBD0B04715F8D5
:10974000010F0028F6D170BD00060E4009974100B8
:109750002DE9F8430546092834DD03460022224856
:10976000D4B280FB0361DB17C3EBA1030132092BE9
:10977000F6DC023414F0FF0422D01C4F4FF0000836
:10978000DFF878901A4E013CE4B22046B847024612
:109790000B4640464946B047164B984795FBF0F0BC
:1097A000114A82FB0032C317C3EBA20303EB83030E
:1097B000A0EB43003030C0B20F4B9847002CE2D1F1
:1097C000BDE8F88300BF084A82FB0032C317C3EB31
:1097D000A20303EB8300A5EB40003030C0B2064B80
:1097E0009847BDE8F88300BF6766666611CC410004
:1097F00041B841005DD2410009974100000024407A
:1098000008B50A280FD00B2811D00C2813D00D282A
:1098100015D00E2817D00F2819D0092888BF00208E
:109820000D4B984708BD0D480D4B984708BD0D4896
:109830000B4B984708BD0C48094B984708BD0B488F
:10984000074B984708BD0A48054B984708BD09488B
:10985000034B984708BD00BF519741008C0542005B
:109860002997410090054200940542009805420066
:109870009C054200A005420038B5434200F00F04A9
:1098800003F00F0358BF5C420F2805DC0020084D91
:10989000A847E0B2A84738BD03460028B8BF00F18A
:1098A0000F03C3F30710024DA847E0B2A84738BD25
:1098B0000198410010B582B000238DF8073022488E
:1098C000224B984710F0020F14D0214B1B780BB994
:1098D00000BF10E01F4C23781F4AD15C1A481F4B71
:1098E00098471B4A1378013BDBB21370237801338E
:1098F000237000E000BF1448144B984710F4007F19
:1099000009D100BF1048114B984710F0010F0DD13D
:1099100000BF02B010BD00220E4B1A700122104B86
:109920001A70022108480F4B9847EBE70DF1070129
:1099300005480D4B984701220C4B1A709DF80720E3
:109940000B4B1A70E5E700BF00060E4011EE400019
:10995000B7C00020B6C00020B8C0002015EE4000FF
:10996000710000200DEE400025EE4000B4C0002044
:10997000B5C0002008B50A4B98470A4AD36823F4BB
:10998000E0631B041B0C43F0BF6343F40033D3605C
:10999000054B9847054B9847054B9847FEE700BF96
:1099A0001DDB400000ED00E00DDC400065014000E3
:1099B000ED0140001E4AB2F876111E4B080A1870DD
:1099C0005970B2F87811080A9870D970D1789971E5
:1099D0005378012B0DD0164B1B79164AD371062BE9
:1099E0000ED0102B15D0124B5A79124B1A72092037
:1099F0007047137963F07F030E4AD37108207047D4
:109A00000D4BB3F87C210B4B110A19725A720A20C4
:109A10007047094AB2F87C11064B080A187259724D
:109A2000B2F87E21110A9972DA720C20704700BFD9
:109A30009425012024C200201424012008B5044BE1
:109A40009847044B9A78044B1A540130C0B208BDB1
:109A5000B59941009425012024C2002038B5094B56
:109A600098470446084B1B79102B09D006494D79BD
:109A70002A46063105482044054B98472C44E4B259
:109A8000204638BDB59941009425012024C200200C
:109A900091D34100034B821F111219715A71024B6D
:109AA0001870704724C2002022C1002010B57E4BE0
:109AB00000225A707D4AB2F87611A3F87611B2F8F6
:109AC0007811A3F87811D178D97011791971B2F899
:109AD0007E014200D2B25A714B1E0F2B00F2D3808E
:109AE000DFE813F09500D10010003B00D1007A00B0
:109AF000D100D100D100D100D100D100D100D100DE
:109B0000D100A10018B3694BB3F87C31A3F6B8318A
:109B100089B20F2915D8A3F6B8335B00DBB2C3F1C5
:109B20002001C9B28A4205D95F4B01225A70032233
:109B30009A70ADE05E48034403F1FF015D4B984726
:109B400069E0594B01225A7002229A70A0E0564BEC
:109B500001225A7003229A709AE0002836D0534BA3
:109B6000B3F87C310F2B0CD85B00DBB2C3F12001C2
:109B7000C9B28A4223D94C4B01225A7003229A70EF
:109B800086E0A3F57A7189B2072909D8A3F57A731B
:109B90005B00DBB2C3F11001C9B22033DBB2E8E7EE
:109BA000A3F5FA6189B20F2977D8A3F5FA635B00B0
:109BB000DBB2C3F12001C9B23033DBB2D9E73C4894
:109BC000034403F21F113B4B984724E0364B01221C
:109BD0005A7003229A705BE0344BB3F87C31A3F6E1
:109BE000B83292B20F2A05D92F4B01225A700222A5
:109BF0009A704DE02C4A022151712C49C988A3F674
:109C0000B8335B0052FA83F3A3F80511D180264BD9
:109C10005B78012B3CD0284B9847284B9847012272
:109C2000274B1A7010BD40B3204BB3F87C31A3F61C
:109C3000B83189B20F291AD8A3F6B8335B00DBB26A
:109C4000C3F12001C9B28A4205D9174B01225A70CB
:109C500003229A701CE003F20513134C1949E01813
:109C6000144B9847237843F001032370CFE70E4B42
:109C700001225A7002229A700AE00B4B01225A709C
:109C800003229A7004E0084B01225A7005229A7050
:109C90000D4B9847094B9847C1E7034B01225A7077
:109CA00002229A70F4E700BF9425012014240120B9
:109CB0009A25012091D341005D9A4100959A410077
:109CC00021C100201A2401203D9A410008B5264BED
:109CD0001B78012B00D008BD0022234B1A70234AA9
:109CE000234B1878597841EA0021A2F87611987828
:109CF000D97841EA0021A2F878111879597941EA16
:109D00000021A2F87A119979D170D9791171187A54
:109D10005B7A43EA0023A2F87C3106290CD0102993
:109D200011D0134A917AD37A43EA01230F4AA2F859
:109D30007E31104B9847CEE713460D4A917A9971C0
:109D4000D27ADA71F5E70A498B7ACA7A42EA0322B3
:109D50000648A0F87E210B7B437152000D3106307E
:109D6000054B9847E5E700BF20C1002014240120DF
:109D700024C10020AD9A410091D3410008B590F86C
:109D8000313013F0010F00D108BD0430044B984767
:109D900001460448044B98470322044B1A60F3E73A
:109DA000093041004C27012061D541005027012096
:109DB0002DE9F04188B04D4B1B68022B00F08980E3
:109DC000DFF85C810A2204A94046494CA0470546B9
:109DD0000A2204A908F10400A04706460A2204A9A1
:109DE00008F10800A04707460A2204A908F10C0060
:109DF000A047EDB245EA00653F0407F47F00054344
:109E00003602B6B235430795DFF818810A2204A955
:109E10004046A04705460A2204A908F10400A047CD
:109E200006460A2204A908F10800A04707460A22AC
:109E300004A908F10C00A047EDB245EA00653F0413
:109E400007F47F0005433602B6B235430695DFF8C6
:109E5000D8800A2204A94046A04705460A2204A940
:109E600008F10400A04706460A2204A908F10800E8
:109E7000A04707460A2204A908F10C00A047EDB24A
:109E800045EA00653F0407F47F0005433602B6B299
:109E900035430595174B0293174B0193002300930D
:109EA00005AB06AA07A91548154CA047A8B1134C45
:109EB0002046144B984714492046144B98470B4BA7
:109EC0001B68022B0DD00D48114B984708B0BDE818
:109ED000F081002307930693DCE70E480E4B98476A
:109EE000E5E720460D4B9847F0E700BF50270120DB
:109EF0008DD94100D114410069844100142701200B
:109F0000593F4100C13F41007D9D41003D4041001E
:109F1000CD3F4100A405420029974100A5264100FC
:109F2000C0C90020D0C90020E8C9002008B5002120
:109F30000846024B9847024B984708BDED15410073
:109F4000B19D41002DE9F04186B005462B4EDFF86A
:109F5000FC8001240BE000234FF0FF321946284813
:109F60000068284FB84798B92046274B984705A95D
:109F70002846B0470028EED010F10C0FF4D188F835
:109F800000402846214B98470020214B9847EBE79B
:109F90000DF10E0204A905981E4B9847BDF80E70EE
:109FA0003A4604991C481D4B98471D4B1F801D4B7A
:109FB0001C701D4B1B78ABB11C4B98471C49B1F86A
:109FC000B42100230093234628461A4FB84705982A
:109FD000194B984700231A46194609480068174F3D
:109FE000B847C1E7164B9847164B1A7800230093E1
:109FF0002346154928460F4FB847E8E76507410053
:10A000006C2801206DF94000890041002D064100B7
:10A0100035FD4000E513410024C1002091D34100EB
:10A020001EC1002020C100206A0B0020155F4000E7
:10A030004CC6002005084100BD134100EDF740006B
:10A04000CD9C410022C1002024C200201CC1002060
:10A050002DE9F04184B01820344B9847344D4CF230
:10A06000040200212846334B98474FF40042002158
:10A070002846314B9847314B002483F818434FF062
:10A0800080721A601022214628462D4B984721469F
:10A0900028462C4B98472246214610202A4B9847A9
:10A0A000044670B14FF4FB7200212046274B9847BD
:10A0B000FF212046264B9847264EDFF8C080264FCA
:10A0C00013E02648264B98470020264B9847E9E79F
:10A0D000002300934FF48073039A41463846224D83
:10A0E000A847D8B10120214B984703A92046B04783
:10A0F00005460028ECD001201C4B984729461C48F7
:10A10000174B984720461B4B984720461A4B9847B9
:10A110000020144B984704B0BDE8F0810398154B1C
:10A1200098470398144B9847DCE700BF61EA40006A
:10A1300000400940B5EA4000D7EA400000E100E0F5
:10A14000DFEA4000CFEA4000D10541005D06410052
:10A15000A5064100E9064100F0054200D405420091
:10A1600009D3410035FD4000ED88410089004100E0
:10A17000FC054200A10841002D064100459F410019
:10A1800008B500210848094B984710F0100F0AD075
:10A1900007490A68074B1A60074B1868074A10609E
:10A1A00000220A601A6008BD00400940E7EA40004A
:10A1B00038C000203CC0002030C0002034C0002047
:10A1C00030B585B000240394029401940094234692
:10A1D0004FF4807208490948094DA8470394029436
:10A1E00001940123009323464FF400720549064869
:10A1F000A84705B030BD00BFB805420051A04100DE
:10A2000051FB4000C8054200AD6D400030B4441C15
:10A21000074BFF221A54821C53251D55C41C995408
:10A22000011D00221A555A54053030BC704700BF3A
:10A2300064270120174B93F8A520032A21D816493B
:10A240000B7823F0030313430B70124B1B7813F0AE
:10A25000010F11490A7814BF42F0040222F00402EF
:10A260000A7013F0020F0C4A137814BF43F008036E
:10A2700023F008031370084B1A78084B1A54013066
:10A280007047054A137823F0030343F0010313706A
:10A29000DBE700BF9400002023C3002064270120D7
:10A2A00030B484B004AC04E90F0022490B68581C98
:10A2B0009DF80040204AD4549C1C9DF80150155430
:10A2C000D81C9DF8025015551C1D9DF803501554BF
:10A2D000581D9DF8045015559C1D9DF805501554AA
:10A2E000D81D9DF80650155503F108049DF8075038
:10A2F000155403F109009DF80850155503F10A049F
:10A300009DF80950155403F10B009DF80A5015559E
:10A3100003F10C049DF80B50155403F10D009DF84A
:10A320000C5015550E330B609DF80D30135404B0CE
:10A3300030BC704730C500206427012030B482B0A3
:10A3400002AB03E903000D490B685C1C9DF800009B
:10A350000B4AD054981C9DF801501555DC1C9DF8F3
:10A3600002501554181D9DF80350155505330B6008
:10A370009DF80430135402B030BC704730C5002043
:10A380006427012000B583B08DF807009DF80730E1
:10A39000DBB2532B07D01F4B1B78DBB2012B14D041
:10A3A00003B05DF804FB1B4B1B78002BF3D100229C
:10A3B000194B1A700123174A1370184A13704FF47F
:10A3C00000211748174B9847E5E7134A1378DBB28B
:10A3D0009DF80710C9B21448C15413780133DBB299
:10A3E00013701378DBB2022BDAD983781278DBB2E0
:10A3F0009342D5D80022074B1A700C490B7843F0D2
:10A4000020030B70054B1A704FF400210448084BD1
:10A410009847C5E74EC500204FC500204BC500201A
:10A42000000E0E40FBE64000E827012094000020CB
:10A43000F7E64000074B1B78012B01D000BF7047A7
:10A440000023044A1370044A1370044A1370044A28
:10A450001370704741C000204FC500204EC500203A
:10A460004BC5002070B40E4691B10346451800213B
:10A4700013F8014B2144AB42FAD14942012A09D0D9
:10A48000805DC9B2884214BF0020012070BC7047B3
:10A490000021F2E7C8B2F9E7F8B5C31C841D002219
:10A4A00013F8011F002918BF0122A342F8D1012A85
:10A4B0002DD0C379082B53D8DFE803F005090D111F
:10A4C000151921251D000122264B1A70F8BD012205
:10A4D000254B1A70F8BD0122244B1A70F8BD0122D9
:10A4E000234B1A70F8BD0122224B1A70F8BD0122CD
:10A4F000214B1A70F8BD0122204B1A70F8BD0122C1
:10A500001F4B1A70F8BD01221E4B1A70F8BD0022B5
:10A510001D4B1A708378072B0ED913461B4C1A4912
:10A52000C2181279E2540A7801320A700133DBB2A0
:10A530008278B3EBD20FF3D30122154B1A70154872
:10A54000154B9847104B1B7853B100240F4F134EF7
:10A550000D4D385DB0470134E4B22B78A342F8D8F2
:10A56000F8BD00BF3AC5002039C5002037C500201E
:10A5700038C5002036C500203BC500203DC5002061
:10A580004AC500203CC5002047C5002040C500202A
:10A5900048C50020380642002997410079984100BB
:10A5A000F0B58646254B1B7803B300293DD0754690
:10A5B0000EEB010741F60F50214E15F8014B84EACE
:10A5C000102436F8143083EA002398B2AF42F4D155
:10A5D000012A2DD00EEB01035A781EF8013043EA10
:10A5E0000223834214BF00200120F0BD1448861EC0
:10A5F00000F5FF70002541F2210706E026F8023F32
:10A6000005F58075ADB286420BD02B46082413F4B5
:10A61000004F14BF87EA43035B009BB2013CF6D1B5
:10A62000ECE70120054B1870BFE741F60F50CFE76C
:10A63000044B1870020A5A70F0BD00BF2CC50020F0
:10A640002CC3002034C5002070B584B00446857842
:10A65000D64B1B7813F0010F0DD1691E0022C9B231
:10A66000D34B984701280DD0D04A537843F01003BC
:10A67000537004B070BDA91E002289B2CD4B98471B
:10A68000C0B2EFE7C94B5A7842F008025A706278BC
:10A6900002F07F0283F8A6201B7813F0080600F072
:10A6A0009A80092D00F28E80607913F0010F14BF9B
:10A6B000083D073DEAB2062100230093019302936F
:10A6C0000393A0F13C033C2BD3D801A050F823F016
:10A6D000E5AA410073A6410073A6410073A641009C
:10A6E00039A941004DA9410073A6410073A641005C
:10A6F00073A6410015A9410007A9410073A64100B6
:10A7000073A6410017AA41002DAA410073A641007B
:10A7100073A6410073A6410073A6410073A64100D1
:10A720003FAA410073A6410073A6410073A64100F1
:10A7300073A6410073A6410073A6410073A64100B1
:10A7400073A6410073A6410073A6410073A64100A1
:10A7500073A6410073A6410073A6410073A6410091
:10A7600073A6410073A6410073A6410073A6410081
:10A7700073A6410073A6410073A6410073A6410071
:10A7800073A6410073A6410073A6410073A6410061
:10A7900073A6410073A6410073A6410073A6410051
:10A7A00073A6410073A6410073A6410073A6410041
:10A7B00073A6410073A6410063AA410073A641003D
:10A7C000B9AA4100E07913F0010F14BF0E3D0D3D11
:10A7D000EAB2082170E713F0020F00F08B80207AB4
:10A7E0000022092100230093019302930393A0F117
:10A7F0003C033C2B3FF63DAF01A050F823F000BFD7
:10A80000E5AA410073A6410073A6410073A641006A
:10A8100041A941004DA9410073A6410073A6410022
:10A8200073A6410015A9410007A9410073A6410084
:10A8300073A6410017AA41002DAA410073A641004A
:10A8400073A6410073A6410073A6410073A64100A0
:10A850003FAA410073A6410073A6410073A64100C0
:10A8600073A6410073A6410073A6410073A6410080
:10A8700073A6410073A6410073A6410073A6410070
:10A8800073A6410073A6410073A6410073A6410060
:10A8900073A6410073A6410073A6410073A6410050
:10A8A00073A6410073A6410073A6410073A6410040
:10A8B00073A6410073A6410073A6410073A6410030
:10A8C00073A6410073A6410073A6410073A6410020
:10A8D00073A6410073A6410073A6410073A6410010
:10A8E00073A6410073A6410063AA410073A641000C
:10A8F000B9AA4100607913F0010F14BF083D073D6C
:10A90000EAB206216EE708460A4491427DDA2A4DF2
:10A910002A4E2DE00D4601F108008142BFF6A9AE96
:10A920000B46224E625C5B1B33449A700131C9B204
:10A930000B468142F6DB9CE608212046204B9847D7
:10A940001A4A137843F04003137092E6174A1378BB
:10A9500063F07F0303F0F7036FF34103137088E69E
:10A9600063185B7873700131C9B2084691424CDAC2
:10A97000013885FB00E3A3EBE07303EB430398424C
:10A98000F1D1631813F8013C043B052BEBD801A06F
:10A9900050F823F061A94100C5A9410067A9410011
:10A9A00067A94100E3A94100F7A9410094000020F4
:10A9B00065A44100A1A541005655555524C300206A
:10A9C00099B04100635C012B06D0022BCBD13378C8
:10A9D00043F008033370C6E7337843F00403337061
:10A9E000C1E7635C012B33780CBF43F001036FF3C5
:10A9F00000033370B7E7635C012B33780CBF43F07F
:10AA000002036FF341033370ADE73C4A137843F020
:10AA1000100313702DE6394D214405F19A00384B8F
:10AA200098476B7843F001036B7022E6625C334B0E
:10AA300083F8A2205A7842F002025A7019E62144A3
:10AA400068462F4B98471EB968462E4B984710E62C
:10AA5000102168462C4B9847182120462B4B9847CD
:10AA6000F2E7264B224652F8091F5268C3F80A1033
:10AA7000C3F80E20224652F8111F5268C3F81A106C
:10AA8000C3F81E2054F8196F6568A068E168C3F820
:10AA90002A60C3F82E50C3F83200C3F836101C4B9E
:10AAA00098471C4B984700287FF4E3AD134A53782E
:10AAB00043F020035370DCE5104A53786FF34513DD
:10AAC0005370117841F00801134603F85A1B54F8EB
:10AAD000096F6568A068E168C2F85A605D609860B7
:10AAE000D960C6E5054D214405F1A300044B984704
:10AAF0006B7843F004036B70BBE500BF940000204B
:10AB000091D3410099A44100B9B1410099B04100ED
:10AB100051AF410041B0410070B50446334B1B7842
:10AB200003F00902092A1FD0082A3CD013F0010FB4
:10AB300042D0421CD2B22E49CA70421CC2F3072234
:10AB40000A7113F0080F40D1611E2A4D012289B20B
:10AB50002846294B9847611C284B1A78013D2A55F5
:10AB6000A21C5B786B541BE0431DDBB2204AD37000
:10AB7000431DC3F3072313711C4B1B7813F0080FFD
:10AB800023D11A4B1B7813F0010FDDD1611E194D33
:10AB90000122C9B228461A4B9847621C013D28552C
:10ABA000184B1A8070BD031DDBB2114AD370031D10
:10ABB000C3F307231371DFE7C2B20D49CA70C0F3B4
:10ABC00007220A7113F0080FE0D0611E09480E4BEE
:10ABD00098470E49261D2346054D5A1C11F8010BB6
:10ABE000E8541346B242F8D10434CAE79400002076
:10ABF0006427012065270120A1A5410034C500205C
:10AC000065A441004CC5002099B04100FE00002021
:10AC100070B50546994C00202060994B98472060FC
:10AC2000984B98472060A5F13503422B00F2108124
:10AC3000DFE813F0D800DF00E600F100FC000301BC
:10AC40000E010E010E010E010E010E010E010E018C
:10AC50000E010E010E010E010E010E010E010E017C
:10AC60000E010E010E010E010E010E010E010E016C
:10AC70000E010E010E010E010E010E010E010E015C
:10AC80000E010E010E010E010E010E010E010E014C
:10AC90000E010E010E010E010E010E0161006C008D
:10ACA0000E010E010E0143000E010E010E010E01F8
:10ACB0000E010E01BF0078009900411C724B6E22FC
:10ACC0001A54841C714A15785D54C11C5268D5B25F
:10ACD0001D55041DC2F307255D54411DC2F30745F0
:10ACE0001D550630654C2060120E5A54634B18688F
:10ACF000674B984770BD421C604B1A606922624BDB
:10AD00001A54644B0FCB644CA047EFE7421C5B4BDB
:10AD10001A606A225C4B1A54604B93E80300604B44
:10AD20009847E3E7431C584A03211154851C11211D
:10AD3000D154C41C5B4911F83A3B83F00403C3F3BC
:10AD40008003535576251555012326461546F418DC
:10AD5000DAB201F8012B2A550133092BF7D10C3057
:10AD6000464B1860C2E7504B9847444B1E68731C13
:10AD7000454903228A55B51C1322CA54F41C49487C
:10AD8000034613F84A2B82F00402C2F380024A55AC
:10AD900077220A555A30A0F11404341B0D46E218EC
:10ADA00013F8011BA9548342F9D11436334B1E60AA
:10ADB0009CE7411C344B75221A54821C01245C54BC
:10ADC000102199540333C118364A52F88A6F5568D6
:10ADD0009468D268C6504D608C60CA601330274BAF
:10ADE000186083E7421C254B1A603522264B1A5403
:10ADF0007CE7421C214B1A603622234B1A5475E71C
:10AE0000421C214B3721195402301C490860274944
:10AE1000097899546AE7421C1B4B382119540230B7
:10AE2000164908602149097899545FE7421C134B81
:10AE30001A603922144B1A5458E7421C124B3A211B
:10AE4000195402300D4908601849097899544DE7A2
:10AE5000144B1B7813F0080F08D0421C0A4B022138
:10AE6000195408440549086015219954034A136888
:10AE7000591C1160044AD55438E700BF30C5002082
:10AE80000DA2410035A24100642701208C00002062
:10AE900019AB41007C000020A1A2410074000020F9
:10AEA0003DA34100940000200DB041001C0B002088
:10AEB000F8B50F4616461D460D4C0023236001468B
:10AEC00018460C4B984720600B4B9847411C0B4B86
:10AED00068221A54821C5F54C11C9E54021D5D548A
:10AEE000053020609DF818109954054B9847F8BD1F
:10AEF00030C500200DA2410035A241006427012089
:10AF000019AB410030B5B1B0154679B11C460A46BF
:10AF1000014668460A4B98477F2C01DD31B030BDB1
:10AF2000224629466846074B9847F7E70146684698
:10AF3000054B984729466846044B9847EEE700BF03
:10AF4000E1B5410031B64100D5B5410009B6410037
:10AF500030B585B0264B1B7813F0040F3ED0254B3F
:10AF60000FCB04AC04E90F002348002303604360C7
:10AF70008360C36021490B604B608B60CB60204ACB
:10AF8000136053609360D36001230370822400F840
:10AF9000014F0B7001F8013F1370022302F8013FCB
:10AFA000184CA51D14F8013F00F8013F01F8013FBE
:10AFB00002F8013FAC42F5D110230F4A0021684648
:10AFC000114CA04710230D4A00216846A0471023CA
:10AFD0000B4A00216846A04705B030BD6C46044BC3
:10AFE00053F88A0F59689A68DB680FC4BCE700BF42
:10AFF000940000205C06420050C5002060C500207F
:10B0000070C50020CD00002005AF410010B5094AF1
:10B01000134653F8301D5B6811605360134653F8B4
:10B02000101D5B689160D360102300210248034C1F
:10B03000A04710BDDE00002050C5002005AF410034
:10B0400030B585B0114D6B462868696803C32A4640
:10B0500052F8200D516803C310236A4600210C48A2
:10B060000C4CA047A5F110020DF1FF31002012F8A1
:10B07000013B11F8014F63401843AA42F7D1003059
:10B0800018BF0120404205B030BD00BFCE000020F7
:10B0900050C5002005AF410070B5C4B005460C4650
:10B0A0004FF48072002104A82A4B98472246294673
:10B0B00004A8294B984714F00F0F06D004F10F0392
:10B0C000802104AA115523F00F046D46234B53F839
:10B0D0005A0F59689A68DB680FC5102C29DC44ABFD
:10B0E0001C44A4F588741023224669461C481D4D53
:10B0F000A8471A4A26686568A068E168C2F86A60CD
:10B10000C2F86E50C2F87200C2F87610D2F86A50D7
:10B11000D2F86E40D2F87200D2F87630C2F85A50A7
:10B12000C2F85E40C2F86200C2F86630002044B047
:10B1300070BDA4F110032A4669460B48094DA84783
:10B14000ADF1100323446D46186859689A68DB68AE
:10B150000FC5C4E7C5D4410091D34100940000203D
:10B1600070C5002005AF410060C5002030B5B1B00A
:10B17000154679B11C460A46014668460A4B98476F
:10B180007F2C01DD31B030BD224629466846074B91
:10B190009847F7E701466846054B984729466846B1
:10B1A000044B9847EEE700BFE1B5410091B641007E
:10B1B000D5B541001DB6410011F00F0F2ED170B56D
:10B1C00084B005460C466E46174B53F85A0F596823
:10B1D0009A68DB680FC60DF1FF310DF10F03487857
:10B1E000C04301F8010F9942F9D123462A46694626
:10B1F0000E480F4EB047601E09D02B5C3BB903468A
:10B200002B44013803D013F8012D002AF9D02B5C10
:10B21000802B06D100232B5404B070BD4FF0FF30BB
:10B2200070474FF0FF30F7E79400002050C5002032
:10B230006DB14100F0B5024601F110040B780370C6
:10B240004B7843708B788370CB78C37004310430B3
:10B25000A142F3D10426154FDFF854E011E093F832
:10B2600000C081EA0C01197459784D405D749978D9
:10B270004C409C74D9784840D874013604322C2E46
:10B2800012D01346117B557B947BD07B16F0030FB5
:10B29000E5D117F805C03D5D3C5C785CB1081EF84F
:10B2A00001108CEA0101DAE7F0BD00BF7807420027
:10B2B0006C064200F0B40B4602EB001210311F1D69
:10B2C000154615F8014B1E78744003F8014BBB423C
:10B2D000F7D104323B46B942F1D1F0BC7047C30903
:10B2E0005A00134403EBC30383EA4000C0B2704723
:10B2F0002DE9F04F85B083460A46039101460020B0
:10B30000474B984701230193DFF81CA10BE0DDF8C0
:10B3100008B0039A5946019D2846414CA0472B4648
:10B320000133DBB201935E460BF104005A46002361
:10B3300012F823101AF8011002F823100133042B1D
:10B34000F6D101328242F2D19BF801309BF8052000
:10B350008BF801209BF809208BF805209BF80D2025
:10B360008BF809208BF80D309BF802309BF80A20EF
:10B370008BF802208BF80A309BF806309BF80E20E1
:10B380008BF806208BF80E309BF803309BF80F20CB
:10B390008BF803209BF80B208BF80F209BF80720DD
:10B3A0008BF80B208BF80730019B0A2B30D00BF168
:10B3B00010030093CDF808B096F80090757889EAEC
:10B3C0000500B47896F8038084EA080B80EA0B073E
:10B3D000144B984789EA00007840307085EA0400F1
:10B3E000104B984768407840707058460D4B98470E
:10B3F00060407840B07089EA08000A4B984788EAB4
:10B4000000004740F7700436009B9E42D4D17EE78F
:10B41000039A59460A20024B984705B0BDE8F08FC1
:10B42000B5B24100DFB24100780742002DE9F04F8C
:10B430008FB005460A460D9101460A20624B984797
:10B4400009230B93614C04E00C9D0B9B013BDBB289
:10B450000B936B7B6A7A6A736A796A726A786A712B
:10B460006B70AB78AA7AAA70AB72AB79AA7BAA711F
:10B47000AB73EB78EA79EA70EA7AEA71EA7BEA720E
:10B48000EB732E46281D2A46002312F82310504F36
:10B49000795C02F823100133042BF6D10132824289
:10B4A000F2D10D9A29460B9F3846474B9847002FFB
:10B4B00000F0868005F110030A930C953778394621
:10B4C00072781746B078054696F803A001910846B1
:10B4D000A0470290A0470390A04783463846A04764
:10B4E0000490A0470690A047814600952846A047B3
:10B4F0000790A0470546A04780465046A0470890C1
:10B50000A0470990A047029B9E46039B9C468EEA5B
:10B5100003038BEA030304994B4089EA030305956F
:10B520006B4088EA0303054643403A467B40009857
:10B5300043408AEA030333708BEA010306994B40C8
:10B5400089EA0303079F7B4088EA03030998434085
:10B5500004956B40019D6B40009D6B408AEA03039C
:10B5600073708CEA0B0389EA03037B40059D6B40F3
:10B5700088EA0303089D6B40049F7B40019F7B404A
:10B5800053408AEA030A86F802A0029B83EA0B0B67
:10B5900081EA0B0B89EA0B0988EA090885EA0808A1
:10B5A00080EA0808049B83EA080047405740009B54
:10B5B0005F40F77004360A9B9E427FF47FAF43E7FB
:10B5C0000FB0BDE8F08F00BFB5B24100DFB241005F
:10B5D0007806420008B5014B984708BD35B24100D6
:10B5E00070B505461446074B984726686068A16801
:10B5F000E268C5F8B060C5F8B400C5F8B810C5F881
:10B60000BC2070BD35B2410008B50B460146184656
:10B61000014B984708BD00BFF1B2410008B50B4689
:10B6200001461846014B984708BD00BF2DB44100A4
:10B630002DE9F04105460E4600F1B0010C46CAB1B5
:10B6400090463446114F631E013904F10F0E5A78AB
:10B6500011F8010F424003F8012F7345F7D1294635
:10B660002046B84704F1100321469A1B904501D9A2
:10B670001C46E8E7631EAF350F3413F8012F05F8B9
:10B68000012FA342F9D1BDE8F08100BFF1B2410022
:10B69000BAB32DE9F04184B0174605464C1EDFF8D9
:10B6A0006480C1F10106EC46A6465EF8010FDEF8A3
:10B6B0000410DEF80820DEF80C30ACE80F00294654
:10B6C0007046C04705F1AF0104F1100E637811F820
:10B6D000012F534004F8013F7445F7D105F1B00C38
:10B6E0006C460FCCC5F8B000CCF80410CCF808209C
:10B6F000CCF80C307446B6447745D4D804B0BDE8D5
:10B70000F08170472DB4410008B5014B9847FEE722
:10B7100071F3400008B5014B9847FEE771F3400014
:10B7200010B584B000230393029301930422009286
:10B730004FF4007216491748174CA047012802D051
:10B740001648174B98470023039302930193022254
:10B7500000924FF40072134913480F4CA047012880
:10B7600002D012480E4B9847002303930293019393
:10B77000032200924FF400720D490E48064CA04778
:10B78000012802D00C48064B984704B010BD00BFFA
:10B79000780842004195400051FB40008808420073
:10B7A00029974100A8084200F54E4000B808420021
:10B7B000E0084200B1464000F008420010B5032204
:10B7C00000210120084B9847084B186058B100230E
:10B7D0001A461946064CA047044B186818B10023B6
:10B7E0001A461946A04710BD9DF740006C2801205D
:10B7F000EDF7400010B51520094B9847094C48F269
:10B80000040201212046084B98474FF0FF320121E6
:10B810002046064B984701212046054B984710BD0E
:10B8200061EA400000000940B5EA4000D7EA400064
:10B83000CFEA4000014B186D704700BF000009407F
:10B840002DE9F04FDFF8F0928DB006460F46144612
:10B850001D4600F075F999F90080B8F1FF3FCDE978
:10B86000000136D022462B462046294601F0E0FC56
:10B87000834670BB32463B463046394601F0D8FC21
:10B88000002282460023002840F0A080304639463E
:10B8900001F09CFC10B3002200232046294601F051
:10B8A00095FC834600286AD001229C4B029200211D
:10B8B0000022CDF828A0CDE90467CDE90645CDE901
:10B8C00008120393B8F1000F45D0954C0023CDE941
:10B8D0000034DDE900010DB0BDE8F08FDDE90001C5
:10B8E00000F034FF8046002800F08B804FF0000A03
:10B8F0004FF0000B52465B46DDE9000101F066FCAB
:10B900000028E6D03046394600F020FF0028E0D07D
:10B910002046294600F01AFF0028DAD099F90030B5
:10B920007E4A039204210022022BCDE90467CDE96F
:10B930000645CDE908AB02910A9203D002A800F0B7
:10B940000BFF68B901F0B2FC2223036008E000237A
:10B950000024CDE9083402A800F0FEFE002830D013
:10B960000A9B1BB101F0A2FC0A9B0360DDE90834CD
:10B97000CDE90034DDE900010DB0BDE8F08F2046CF
:10B98000294600F0E3FE0028A3D000220023204631
:10B99000294601F025FC00289BD099F900305F4A28
:10B9A000CDF828B00121CDE90467CDE90645029123
:10B9B0000392002BCBD05B490020022BCDE908017C
:10B9C000C9D101F073FC21230360C9E72046294651
:10B9D00001F0FCFB00283FF47CAF514B4F49CDF800
:10B9E00028B001200022B8F1020FCDE90467CDE9AB
:10B9F000064502900391CDE90823ACD1CDE900239F
:10BA000067E73046394600F0A1FE00283FF46EAFEC
:10BA10002046294600F09AFE00283FF467AFDDE992
:10BA200000231046194601F003FC002858D10323D7
:10BA300099F900800293394B0A900393CDE904678A
:10BA4000CDE906450022002330463946B8F1000F03
:10BA500026D1354F4FF06046CDE9086701F0C0FBB5
:10BA600000283FF46BAF0022304B2046294601F0FE
:10BA700045F904460D4600F077FE02460B46204687
:10BA8000294601F0A3FB40BB294B99F900804FF0F8
:10BA90006042CDE90823B8F1020F7FF44FAF51E7C0
:10BAA000244F0026CDE9086701F09AFB0028F2D068
:10BAB00000221E4B2046294601F020F904460D467F
:10BAC00000F052FE02460B462046294601F07EFB5E
:10BAD00018B9144B0022CDE9082399F90080DAE760
:10BAE00099F900900D4BCDF828800122CDE904672B
:10BAF000CDE9064502920393B9F1000F3FF427AF59
:10BB0000002200231046194601F022FAB9F1020F73
:10BB1000CDE908013FF455AF1DE700BF1809420009
:10BB20000000F03F0000F0FFFFFFEF470000E03FA4
:10BB3000FFFFEFC70000F07F3B0100200000000086
:10BB40002DE9F04F23F0004757EA020493B037D0B5
:10BB5000674C21F00046A64283460D4629DC9A46F2
:10BB6000964625D0A74224DC614CA74279D0002D0F
:10BB700089468046CDE9002377DB0024BEF1000F23
:10BB80002CD15B4B9F4200F08B805A4B9F4261D07F
:10BB9000BAF1804F00F0BA83574B9A451ED1002D61
:10BBA0001CDB4046494613B0BDE8F04F00F00EBD27
:10BBB00058B106F1404606F5801656EA0B0306D149
:10BBC0004C49002013B0BDE8F08FB742CCDD4B48A4
:10BBD00013B0BDE8F04F00F0C1BD00244046494617
:10BBE00000F0B0FDBBF1000F19D126B1414B25F09B
:10BBF00040429A4213D1BAF1000FC0F2BC83002D2B
:10BC0000E0DA06F1404606F5801656EA040300F035
:10BC10008F84012CD6D101F100431946D2E7ED0FF4
:10BC2000013D54EA05034ED0354B9F426EDD03F1D2
:10BC300004739F4240F3E883324B9E424EDDBAF1DB
:10BC4000000F4EDD28A3D3E900231046194601F06A
:10BC500055F8B7E7BAF1000FC0F23C8440464946B8
:10BC6000B0E7BEF1000F82D0A3E7274B9F4228DC4C
:10BC7000A3F154739F4280DD3B15A3F2FF33142BD5
:10BC800040F33E84C3F134032EFA03F202FA03F3C5
:10BC90009E457FF472AF02F00102C2F102046DE72B
:10BCA00006F1404303F5801353EA0B0388D0154B8C
:10BCB0009E4240F33283BAF1000F12DBDDE900014E
:10BCC00080E702245AE742464B464046494600F088
:10BCD00061FE02460B4601F03BF973E7BAF1000F33
:10BCE000B0DB002000216DE79C7500883CE4377EC6
:10BCF0000000F07F0000F03F0000E03FEC05420054
:10BD00000000E041FFFFEF3FFFFF3F43B6F5801F1C
:10BD10004FF0000205DAD44B00F0F0FF6FF0340270
:10BD20000E463315D14FC6F31306A3F2FF33134467
:10BD300046F07F5ABE421A460D934AF4401A40F329
:10BD40002183CB4B9E4240F3FD83134601330D9379
:10BD5000C84B0022CDE9062300270026CDE908675D
:10BD6000CDE90E67AAF5801A0027024653465146D0
:10BD7000CDE90A23DDE9062300F00CFEDDE9062308
:10BD800080468946DDE90A0100F006FE02460B46C0
:10BD90000020B84901F0DCF80A460146CDE910124E
:10BDA000134649460246404600F0A8FF4FEA6A03A0
:10BDB00043F000538C46834603F50023CDE904BCD1
:10BDC000DA468B46D9190023CDE902AB0293DDE9AF
:10BDD00002AB002006460F4602460B465046594627
:10BDE00000F08CFF02460B464046494600F0D2FD6B
:10BDF000DDE90623804689463046394600F0CAFD13
:10BE000002460B46DDE90A0100F0C4FD52465B46DE
:10BE100000F074FF02460B464046494600F0BAFD6A
:10BE2000DDE9102300F06AFFDDE90467CDE90601D2
:10BE300032463B463046394600F060FF78A3D3E9EE
:10BE4000002306460F4600F059FF77A3D3E90023ED
:10BE500000F0A2FD32463B4600F050FF74A3D3E948
:10BE6000002300F099FD32463B4600F047FF72A3E5
:10BE7000D3E9002300F090FD32463B4600F03EFF40
:10BE80006FA3D3E9002300F087FD32463B4600F064
:10BE900035FF6DA3D3E9002300F07EFD32468046D6
:10BEA00089463B463046394600F028FF02460B469D
:10BEB0004046494600F022FF524606460F465B4682
:10BEC000DDE9040100F068FDDDE9062300F016FF5E
:10BED00032463B4600F060FD5246804689465B464E
:10BEE0005046594600F00AFF0022634BCDE90A0193
:10BEF00000F052FD42464B4600F04EFD02980F46C0
:10BF0000064632463B465046594600F0F7FE0022B0
:10BF100082468B46584B3046394600F03BFDDDE902
:10BF20000A2300F037FD02460B464046494600F022
:10BF300031FDDDE9042300F0E1FE3246804689460A
:10BF40003B46DDE9060100F0D9FE02460B464046BD
:10BF5000494600F021FD8046894602460B46504680
:10BF60005946CDE904AB00F017FDDDE902AB38A37B
:10BF7000D3E9002350460F4600F0C0FEDDE904235C
:10BF8000CDE902013946504600F004FD02460B4659
:10BF90004046494600F0FEFC2FA3D3E9002300F001
:10BFA000ADFE2FA3D3E9002380468946504639468B
:10BFB00000F0A4FE02460B464046494600F0ECFC69
:10BFC000DDE90E2300F0E8FC80460D98894600F07C
:10BFD0002FFE424606460F464B46DDE9020100F0C1
:10BFE000DBFCDDE9082300F0D7FC32463B4600F0DD
:10BFF000D3FC32463B4650468B4600F0CBFCDDE995
:10C00000082300F0C7FCDDE9022300F0C3FC024670
:10C010000B464046494600F0BDFC80462EE000BF7E
:10C02000EF4E454A287ECA3F65DBC9934A86CD3F1D
:10C0300001411DA96074D13F4D268F515555D53F03
:10C04000FFAB6FDBB66DDB3F033333333333E33F9B
:10C05000000000E009C7EE3FFD033ADC09C7EE3FF0
:10C06000F5015B14E02F3EBE000040438E980300B4
:10C0700079B60B000000F03F000008408946013C03
:10C0800054EA0503DDE9000114BFD94CD94C002363
:10C09000CDE9043403460C46CDE902340023029373
:10C0A000DDE9024522462B4600F074FC52465B4611
:10C0B00000F024FEDDE9002306460F4640464946CF
:10C0C00000F01CFE02460B463046394600F064FC88
:10C0D0002246804689462B4650465946CDE900897E
:10C0E00000F00CFE0B46024606460F464046494607
:10C0F00000F052FCC04B994204460D468A4640F37C
:10C10000168101F13F4303F5E003034340F0EA8168
:10C11000A3A3D3E90023DDE9000100F03DFC324692
:10C12000804689463B462046294600F033FC0246BD
:10C130000B464046494601F071F8002840F0D28194
:10C14000A8464FEA28534FF48012A3F2FE3342FA76
:10C1500003F35344C3F30A52A84DA2F2FF32154130
:10C16000C3F3130423EA05010020C2F1140B44F4C5
:10C170008014BAF1000F02460B4644FA0BFB30461E
:10C180003946B8BFCBF1000B00F004FC02460B4669
:10C1900006460F46DDE9000100F0FEFB4FEA0B5AB0
:10C1A0000D46002480A3D3E900232046294600F051
:10C1B000A5FD3246804689463B462046294600F08A
:10C1C000E9FB02460B46DDE9000100F0E3FB78A342
:10C1D000D3E9002300F092FD77A3D3E900230646BC
:10C1E0000F462046294600F089FD02460B463046A0
:10C1F000394600F0D1FB06460F4602460B46404644
:10C20000494600F0C9FB42464B4604460D4600F045
:10C21000C1FB02460B463046394600F0BBFB2246C6
:10C22000804689462B462046294600F067FD64A3D8
:10C23000D3E9002306460F4600F060FD62A3D3E970
:10C24000002300F0A7FB32463B4600F057FD60A3F9
:10C25000D3E9002300F0A0FB32463B4600F04EFD40
:10C260005DA3D3E9002300F095FB32463B4600F086
:10C2700045FD5BA3D3E9002300F08EFB32463B462D
:10C2800000F03CFD02460B462046294600F082FBAA
:10C2900006460F4602460B462046294600F02EFD74
:10C2A0000022CDE900014FF080433046394600F0CE
:10C2B00071FB02460B46DDE9000100F049FE4246F3
:10C2C00006460F464B462046294600F017FD4246DB
:10C2D0004B4600F061FB02460B463046394600F003
:10C2E00059FB22462B4600F055FB02460B46002028
:10C2F0003F4900F04FFB8A44BAF5801FC0F23381FA
:10C300005146DDE9042300F0F9FC5BE44246404677
:10C310004B46494600F0F2FC54E4BAF1000FBFF678
:10C32000E0ACDDE90034184604F100414AE4344B46
:10C3300021F00048984540F3F280324B0B44034310
:10C340000CD132463B4600F025FB02460B46DDE9A8
:10C35000000100F04FFF00283FF4F3AEDDE90401D7
:10C3600021A3D3E9002300F0C9FC1FA3D3E90023D4
:10C3700000F0C4FC26E402460B4600201C4900F0F5
:10C38000E7FD3CE400220023CDE90823CDE90E239C
:10C39000174B00220027CDE90623E6E4AFF3008027
:10C3A000FE822B654715973C00000000432EE63FB8
:10C3B000EF39FAFE422EE63F396CA80C615C20BED4
:10C3C000D0A4BE726937663EF16BD2C541BDBB3E9B
:10C3D0002CDE25AF6A56113F93BDBE166CC1663F79
:10C3E0003E5555555555C53F59F3F8C21F6EA50129
:10C3F0000000F03F0000F0BFFFFF8F40FFFF0F0085
:10C40000FFCB904000346F3F6B4B9E427FF766AC92
:10C410006A4B9E423FF713AC0022684B00F0BAFA19
:10C4200057A3D3E9002306460F4600F067FC56A346
:10C43000D3E90023804689463046394600F05EFC49
:10C44000002282468B465E4B3046394600F056FC51
:10C4500002460B464EA1D1E9000100F09BFA32469C
:10C460003B4600F04BFC02460B460020554900F0CD
:10C4700091FA3246CDE902013B463046394600F09A
:10C480003DFC02460B46DDE9020100F037FC42A309
:10C49000D3E9002300F032FC02460B4650465946D1
:10C4A00000F078FA02460B4606460F4640464946DB
:10C4B00000F072FA42464B46002082468B4600F05E
:10C4C00069FA02460B463046394600F063FA804668
:10C4D0008946D4E542464B460020384900F038FDF5
:10C4E000FFF770BBDDE904012DA3D3E9002300F0C1
:10C4F00005FC2BA3D3E9002300F000FCFFF762BB8F
:10C50000BEF1000F7FF469ABC3F1140347FA03F2E5
:10C5100002FA03F39F422AD07446FFF736BB294B39
:10C5200098453FF70EAEDDE902239246934638E682
:10C5300002460B4600F02EFA02460B4600F008FDBC
:10C54000FFF740BB18A3D3E90023CDE9082318A3C4
:10C55000D3E90023CDE90E231B4B00224FF48027A3
:10C56000CDE9062301E45A4600F08AF9C9E602F053
:10C570000102C2F10204FFF708BB00BFAFF3008065
:10C58000000000604715F73F44DF5DF80BAE543EF6
:10C59000555555555555D53FFE822B654715F73FE7
:10C5A0009C7500883CE4377E0000004003B8E23F01
:10C5B00006D0CF43EBFD4C3EFEFFEF3F0000F03FC7
:10C5C0000000D03F0000E03F0000F83F2DE9F843B5
:10C5D0005B4F8F4305460C4600F0928000290B46C6
:10C5E00002466FDD0F157BD0A7F2FF37C3F31303AD
:10C5F000F80743F480135CD403EBD27100260B449C
:10C600007F105200B64616204FF400110EEB0104C5
:10C610009C424FEAD2754FEA420203DC1B1B04EB3B
:10C62000010E0E44013805EB43034FEA5101EDD1F1
:10C63000844620244FF0004109E020D003EBD2755E
:10C64000013C4FEA51012B444FEA420220D073458E
:10C6500001EB0C05F1DD002D05EB010C09DBF046CB
:10C660009542A3EB0E0300D9013B521B0844C6467A
:10C67000E4E7BCF1000FF2DB0EF10108F0E79542B0
:10C68000DCD8002D05EB010C44DB98460023ECE7D9
:10C69000134313D14008731003F17F5303F50013C4
:10C6A000F20703EB075948BF40F000404946BDE898
:10C6B000F8835B0003EBD27352009DE7411C2DD041
:10C6C0000130E7E7064621F000473E43EFD069BB63
:10C6D0000F46D30A153F5205002BFAD0DE0220D4B4
:10C6E000002400E004465B00DD0204F10100F9D5FE
:10C6F000C0F1200122FA01F10B433F1B824073E796
:10C7000002460B4600F0FAFA2A46234600F044F9A6
:10C71000BDE8F883BCF1000FAEDAB6E7013620467B
:10C72000B9E7002020214FF0FF34E3E702460B4633
:10C7300000F030F902460B4600F00AFCB7E700BFF4
:10C740000000F07F21F00041704700BF41F0004140
:10C7500001F58010C00F704700207047002001498C
:10C76000704700BF0000F87FF0B5C1F30A5EAEF27B
:10C77000FF36132E83B002460B460C464FEAD175A6
:10C7800007462EDC002E49DB3A49314103EA01001D
:10C7900010432BD049080B4053EA02070CD04FF44A
:10C7A0008023132E24EA010143FA06F444EA01042B
:10C7B0000CBF4FF0004700272F4B03EBC505214668
:10C7C000D5E90045384622462B4600F0E5F8CDE98C
:10C7D000000122462B46DDE9000100F0DBF803B042
:10C7E000F0BD332E06DDB6F5806F40D010461946F9
:10C7F00003B0F0BDAEF2134E4FF0FF3121FA0EF14F
:10C800000842F3D049080842D6D04FF0804320EACE
:10C81000010143FA0EFE4EEA0107CDE721F0004187
:10C820000143E3D0C3F31301134E0143C1F1000CE4
:10C8300006EBC506D6E900674CEA010C4FEA1C3C42
:10C840005C0C64040CF4002343EA040132463B46CA
:10C8500000F0A2F8CDE9000132463B46DDE90001D7
:10C8600000F098F821F0004444EAC571C0E700F0F8
:10C8700093F8BDE7FFFF0F00200942000000000011
:10C88000F8B5C1F30A5604460D460B4617460EBBD3
:10C8900021F000430343864625D00022344B00F0AC
:10C8A0002DFA344A974204460D460B462ADBC1F363
:10C8B0000A56363E3E4440F2FE72964228DC002E76
:10C8C00012DD23F0FF4323F4E00343EA065520463C
:10C8D0002946F8BD40F2FF729642EBD102460B4664
:10C8E00000F05AF8F8BDF8BD16F1350F1DDA4CF21C
:10C8F00050339F4222462B4625DC19A1D1E9000185
:10C9000000F03CF816A3D3E9002300F0F7F9F8BDD6
:10C9100022462B4614A1D1E9000100F02FF812A302
:10C92000D3E9002300F0EAF9F8BD23F0FF4323F434
:10C93000E003363643EA06552046294600220E4BD0
:10C9400000F0DCF9F8BD08A1D1E9000100F016F80B
:10C9500005A3D3E9002300F0D1F9F8BDAFF30080BF
:10C9600059F3F8C21F6EA5019C7500883CE4377E20
:10C9700000005043B03CFFFF0000903C03F0004338
:10C9800021F0004242EA0301704700BF81F00041FC
:10C9900002E000BF83F0004330B54FEA41044FEAA4
:10C9A000430594EA050F08BF90EA020F1FBF54EA3F
:10C9B000000C55EA020C7FEA645C7FEA655C00F0DB
:10C9C000E2804FEA5454D4EB5555B8BF6D420CDDAC
:10C9D0002C4480EA020281EA030382EA000083EA2F
:10C9E000010180EA020281EA0303362D88BF30BDCF
:10C9F00011F0004F4FEA01314FF4801C4CEA113125
:10CA000002D0404261EB410113F0004F4FEA033383
:10CA10004CEA133302D0524263EB430394EA050F0E
:10CA200000F0A780A4F10104D5F1200E0DDB02FA7D
:10CA30000EFC22FA05F2801841F1000103FA0EF211
:10CA4000801843FA05F359410EE0A5F120050EF1D7
:10CA5000200E012A03FA0EFC28BF4CF0020C43FA08
:10CA600005F3C01851EBE37101F0004507D54FF015
:10CA7000000EDCF1000C7EEB00006EEB0101B1F565
:10CA8000801F1BD3B1F5001F0CD349085FEA3000AB
:10CA90004FEA3C0C04F101044FEA445212F5800FB6
:10CAA00080F09A80BCF1004F08BF5FEA500C50F153
:10CAB000000041EB045141EA050130BD5FEA4C0C36
:10CAC000404141EB010111F4801FA4F10104E9D1BF
:10CAD00091F0000F04BF01460020B1FA81F308BFB6
:10CAE0002033A3F10B03B3F120020CDA0C3208DD82
:10CAF00002F1140CC2F10C0201FA0CF021FA02F15D
:10CB00000CE002F11402D8BFC2F1200C01FA02F1CC
:10CB100020FA0CFCDCBF41EA0C019040E41AA2BFF1
:10CB200001EB0451294330BD6FEA04041F3C1CDAB9
:10CB30000C340EDC04F11404C4F1200220FA04F0D9
:10CB400001FA02F340EA030021FA04F345EA030183
:10CB500030BDC4F10C04C4F1200220FA02F001FA45
:10CB600004F340EA0300294630BD21FA04F02946C7
:10CB700030BD94F0000F83F4801306BF81F4801160
:10CB80000134013D4EE77FEA645C18BF7FEA655CD3
:10CB900029D094EA050F08BF90EA020F05D054EAA5
:10CBA000000C04BF1946104630BD91EA030F1EBFAA
:10CBB0000021002030BD5FEA545C05D140004941AE
:10CBC00028BF41F0004130BD14F580043CBF01F5A1
:10CBD000801130BD01F0004545F0FE4141F4700187
:10CBE0004FF0000030BD7FEA645C1ABF1946104662
:10CBF0007FEA655C1CBF0B46024650EA013406BF63
:10CC000052EA033591EA030F41F4002130BD00BF21
:10CC100090F0000F04BF0021704730B54FF48064DE
:10CC200004F132044FF000054FF0000150E700BF5F
:10CC300090F0000F04BF0021704730B54FF48064BE
:10CC400004F1320410F0004548BF40424FF00001AB
:10CC50003EE700BF42004FEAE2014FEA31014FEAEE
:10CC600002701FBF12F07F4393F07F4F81F060513D
:10CC7000704792F0000F14BF93F07F4F704730B5AC
:10CC80004FF4607401F0004521F0004120E700BF3F
:10CC900050EA010208BF704730B54FF000050AE0C6
:10CCA00050EA010208BF704730B511F0004502D5C7
:10CCB000404261EB41014FF4806404F132045FEAC9
:10CCC000915C3FF4DCAE4FF003025FEADC0C18BF6E
:10CCD00003325FEADC0C18BF033202EBDC02C2F164
:10CCE000200300FA03FC20FA02F001FA03FE40EAF6
:10CCF0000E0021FA02F11444C1E600BF70B54FF0F6
:10CD0000FF0C4CF4E06C1CEA11541DBF1CEA1355D7
:10CD100094EA0C0F95EA0C0F00F0DEF82C4481EA3F
:10CD2000030621EA4C5123EA4C5350EA013518BF5F
:10CD300052EA033541F4801143F4801338D0A0FB4C
:10CD400002CE4FF00005E1FB02E506F00042E0FBF9
:10CD500003E54FF00006E1FB03569CF0000F18BFFF
:10CD60004EF0010EA4F1FF04B6F5007F64F54074A7
:10CD700004D25FEA4E0E6D4146EB060642EAC6213A
:10CD800041EA55514FEAC52040EA5E504FEACE2EA7
:10CD9000B4F1FD0C88BFBCF5E06F1ED8BEF1004FAA
:10CDA00008BF5FEA500E50F1000041EB045170BD26
:10CDB00006F0004646EA010140EA020081EA03016A
:10CDC000B4EB5C04C2BFD4EB0C0541EA045170BD66
:10CDD00041F480114FF0000E013C00F3AB8014F1E0
:10CDE000360FDEBF002001F0004170BDC4F1000429
:10CDF000203C35DA0C341BDC04F11404C4F12005AA
:10CE000000FA05F320FA04F001FA05F240EA020004
:10CE100001F0004221F0004110EBD37021FA04F63A
:10CE200042EB06015EEA430E08BF20EAD37070BDF4
:10CE3000C4F10C04C4F1200500FA04F320FA05F053
:10CE400001FA04F240EA020001F0004110EBD37055
:10CE500041F100015EEA430E08BF20EAD37070BDC5
:10CE6000C4F1200500FA05F24EEA020E20FA04F39E
:10CE700001FA05F243EA020321FA04F001F000414D
:10CE800021FA04F220EA020000EBD3705EEA430EBE
:10CE900008BF20EAD37070BD94F0000F0FD101F0ED
:10CEA0000046400041EB010111F4801F08BF013C26
:10CEB000F7D041EA060195F0000F18BF704703F064
:10CEC0000046520043EB030313F4801F08BF013DEB
:10CED000F7D043EA0603704794EA0C0F0CEA1355A7
:10CEE00018BF95EA0C0F0CD050EA410618BF52EA61
:10CEF0004306D1D181EA030101F000414FF0000067
:10CF000070BD50EA410606BF1046194652EA430674
:10CF100019D094EA0C0F02D150EA013613D195EAE8
:10CF20000C0F05D152EA03361CBF104619460AD130
:10CF300081EA030101F0004141F0FE4141F470013A
:10CF40004FF0000070BD41F0FE4141F4780170BD2A
:10CF500070B54FF0FF0C4CF4E06C1CEA11541DBF8F
:10CF60001CEA135594EA0C0F95EA0C0F00F0A7F891
:10CF7000A4EB050481EA030E52EA03354FEA0131BE
:10CF800000F088804FEA03334FF0805545EA1313D1
:10CF900043EA12634FEA022245EA111545EA106599
:10CFA0004FEA00260EF000419D4208BF964244F130
:10CFB000FD0404F5407402D25B084FEA3202B61A4F
:10CFC00065EB03055B084FEA32024FF480104FF423
:10CFD000002CB6EB020E75EB030E22BFB61A754697
:10CFE00040EA0C005B084FEA3202B6EB020E75EB2A
:10CFF000030E22BFB61A754640EA5C005B084FEA92
:10D000003202B6EB020E75EB030E22BFB61A75465E
:10D0100040EA9C005B084FEA3202B6EB020E75EB69
:10D02000030E22BFB61A754640EADC0055EA060E2A
:10D0300018D04FEA051545EA16754FEA06164FEA6D
:10D04000C30343EA52734FEAC2025FEA1C1CC0D119
:10D0500011F4801F0BD141EA00014FF000004FF0A6
:10D06000004CB6E711F4801F04BF01430020B4F167
:10D07000FD0C88BFBCF5E06F3FF6AFAEB5EB030C1F
:10D0800004BFB6EB020C5FEA500C50F1000041EB1C
:10D09000045170BD0EF0004E4EEA113114EB5C04E9
:10D0A000C2BFD4EB0C0541EA045170BD41F48011BC
:10D0B0004FF0000E013C90E645EA060E8DE60CEAC4
:10D0C000135594EA0C0F08BF95EA0C0F3FF43BAFE1
:10D0D00094EA0C0F0AD150EA01347FF434AF95EA98
:10D0E0000C0F7FF425AF104619462CE795EA0C0F7C
:10D0F00006D152EA03353FF4FDAE1046194622E749
:10D1000050EA410618BF52EA43067FF4C5AE50EA22
:10D1100041047FF40DAF52EA43057FF4EBAE12E712
:10D120004FF0FF3C06E000BF4FF0010C02E000BFF3
:10D130004FF0010C4DF804CD4FEA410C7FEA6C5CD6
:10D140004FEA430C18BF7FEA6C5C1BD001B050EA79
:10D15000410C0CBF52EA430C91EA030F02BF90EA64
:10D16000020F0020704710F1000F91EA030F58BF23
:10D17000994208BF90422CBFD8176FEAE37040F085
:10D18000010070474FEA410C7FEA6C5C02D150EA23
:10D19000013C07D14FEA430C7FEA6C5CD6D152EADE
:10D1A000033CD3D05DF8040B704700BF84461046A3
:10D1B00062468C461946634600E000BF01B5FFF7A2
:10D1C000B7FF002848BF10F1000F01BD4DF808ED72
:10D1D000FFF7F4FF0CBF012000205DF808FB00BF43
:10D1E0004DF808EDFFF7EAFF34BF012000205DF89D
:10D1F00008FB00BF4DF808EDFFF7E0FF94BF0120EA
:10D2000000205DF808FB00BF4DF808EDFFF7CEFFEA
:10D2100094BF012000205DF808FB00BF4DF808ED29
:10D22000FFF7C4FF34BF012000205DF808FB00BFFA
:10D230004FEA410C7FEA6C5C02D150EA013C0AD112
:10D240004FEA430C7FEA6C5C02D152EA033C02D104
:10D250004FF0000070474FF0010070474FEA410265
:10D2600012F5001215D211D56FF47873B3EB625238
:10D2700012D94FEAC12343F0004343EA505311F05F
:10D28000004F23FA02F018BF404270474FF00000F1
:10D29000704750EA013005D111F0004008BF6FF02F
:10D2A000004070474FF00000704700BF014B186806
:10D2B000704700BF3C01002070B50F4E0F4D761B2C
:10D2C000B61018BF002405D0013455F8043B984728
:10D2D000A642F9D10A4E0B4D761B03F0D9FBB610CE
:10D2E00018BF002406D0013455F8043B9847A642E5
:10D2F000F9D170BD70BD00BF9C0A42009C0A42007B
:10D30000A40A42009C0A42000FB400B5074983B04A
:10D3100004AB086853F8042B8168019300F08CFB80
:10D3200003B05DF804EB04B0704700BF3C0100207F
:10D33000032A70B422D940EA01039B0711D0037875
:10D340000C78A3421DD10A44013105E010F8013FD9
:10D3500011F8014BA34214D19142F7D1002070BCC7
:10D3600070470D680668AE420C46034601F10401A1
:10D3700000F1040008D1043A032AF2D8002ADED1D1
:10D38000ECE7181B70BC704721461846D7E700BF72
:10D39000844641EA000313F003036DD1403A41D3C0
:10D3A00051F8043B40F8043B51F8043B40F8043B7F
:10D3B00051F8043B40F8043B51F8043B40F8043B6F
:10D3C00051F8043B40F8043B51F8043B40F8043B5F
:10D3D00051F8043B40F8043B51F8043B40F8043B4F
:10D3E00051F8043B40F8043B51F8043B40F8043B3F
:10D3F00051F8043B40F8043B51F8043B40F8043B2F
:10D4000051F8043B40F8043B51F8043B40F8043B1E
:10D4100051F8043B40F8043B51F8043B40F8043B0E
:10D42000403ABDD2303211D351F8043B40F8043BAE
:10D4300051F8043B40F8043B51F8043B40F8043BEE
:10D4400051F8043B40F8043B103AEDD20C3205D3BE
:10D4500051F8043B40F8043B043AF9D2043208D0B6
:10D46000D2071CBF11F8013B00F8013B01D30B8828
:10D4700003806046704700BF082A13D38B078DD006
:10D4800010F003038AD0C3F10403D21ADB071CBFD8
:10D4900011F8013B00F8013B80D331F8023B20F842
:10D4A000023B7BE7043AD9D3013A11F8013B00F87B
:10D4B000013BF9D20B7803704B7843708B78837003
:10D4C0006046704770B4860746D0541E002A41D08B
:10D4D000CAB2034602E014F1FF343BD303F8012B38
:10D4E0009D07F8D1032C2ED9CDB245EA05250F2C86
:10D4F00045EA054519D903F110022646103E0F2EC4
:10D5000042F8105C42F80C5C42F8085C42F8045C9B
:10D5100002F11002F2D8A4F1100222F00F0204F07E
:10D520000F041032032C13440DD91E462246043A30
:10D53000032A46F8045BFAD8221F22F003020432C1
:10D54000134404F003042CB1C9B21C4403F8011BBA
:10D550009C42FBD170BC704714460346C2E700BF33
:10D56000830710B5044610D10268A2F1013323EA03
:10D57000020313F0803F08D150F8042FA2F10133C9
:10D5800023EA020313F0803FF6D003781BB110F8B2
:10D59000013F002BFBD100F003F8204610BD00BF77
:10D5A00080EA0102844612F0030F4FD111F0030FFD
:10D5B00032D14DF8044D11F0040F51F8043B0BD05B
:10D5C000A3F101329A4312F0803F04BF4CF8043BB0
:10D5D00051F8043B16D100BF51F8044BA3F10132BE
:10D5E0009A4312F0803FA4F101320BD14CF8043B76
:10D5F000A24312F0803F04BF51F8043B4CF8044BA7
:10D60000EAD023460CF8013B13F0FF0F4FEA332317
:10D61000F8D15DF8044B704711F0010F06D011F8F6
:10D62000012B0CF8012B002A08BF704711F0020FE4
:10D63000BFD031F8022B12F0FF0F16BF2CF8022BCF
:10D640008CF8002012F47F4FB3D1704711F8012BF2
:10D650000CF8012B002AF9D1704700BF0000000030
:10D6600000000000000000000000000000000000BA
:10D6700000000000000000000000000000000000AA
:10D6800090F800F06DE9024520F007016FF0000C02
:10D6900010F0070491F820F040F049804FF00004AA
:10D6A0006FF00700D1E9002391F840F000F1080085
:10D6B00082FA4CF2A4FA8CF283FA4CF3A2FA8CF3BD
:10D6C0004BBBD1E9022382FA4CF200F10800A4FA24
:10D6D0008CF283FA4CF3A2FA8CF3E3B9D1E9042378
:10D6E00082FA4CF200F10800A4FA8CF283FA4CF3AF
:10D6F000A2FA8CF37BB9D1E9062301F1200182FA69
:10D700004CF200F10800A4FA8CF283FA4CF3A2FA6E
:10D710008CF3002BC6D0002A04BF04301A4612BA7C
:10D72000B2FA82F2FDE8024500EBD2007047D1E97F
:10D73000002304F00305C4F100004FEAC50514F00E
:10D74000040F91F840F00CFA05F562EA05021CBFDF
:10D7500063EA050362464FF00004A9E7002A41D0BE
:10D7600040EA010313F00303F0B425D1032A23D9BF
:10D7700004680D68AC421FD1043A38D0A4F10135D9
:10D7800025EA040414F0803F2ED1043004310FE068
:10D7900050F8043B0E68A3F10134B34224EA0304B9
:10D7A00001F1040126D1043A21D014F0803F1BD1AD
:10D7B000032A07460D46EBD805780C78AC4202F1F7
:10D7C000FF331AD183B114B90EE06BB17AB110F8FE
:10D7D000012F11F8014FA24203F1FF33F5D0101BC6
:10D7E000F0BC7047104670470020F0BC70471046F0
:10D7F000F0BC704729463846DEE72A46EFE700BF0F
:10D8000040EA010313F0030F70B4034624D0A2B121
:10D810000C781C70013A013301313CB16AB111F846
:10D82000014B03F8014B013A002CF7D12AB11A44FD
:10D83000002103F8011B9A42FBD170BC70470E46D1
:10D8400051F8045BA5F1013424EA050414F0803F8B
:10D8500005D143F8045B043A032AF0D8D7E73146F0
:10D86000D6E700BF2DE9F84FDDF828900F46804637
:10D8700016461D468A4600E0A2465446484614F81D
:10D8800001BB01F08BFC5844427812F00802F3D13E
:10D89000BBF12D0F4FD0BBF12B0F04BF94F800B09C
:10D8A0000AF102041DB1102D56D0AC4604E0BBF1C4
:10D8B000300F60D00A25AC46002A0CBF6FF000493B
:10D8C0004FF000490021B9FBFCFE08460CFB1E9AF4
:10D8D00005E029D00CFB0030012114F801BBABF1AD
:10D8E0003003092B05D9ABF14103192B0BD8ABF150
:10D8F00037039D420FDDB1F1FF3FEED08645E8D200
:10D900004FF0FF31E9E7ABF16103192B03D8ABF11D
:10D9100057039D42EFDC4B1C13D002B1404246B18D
:10D92000C1B93760BDE8F88F9A45D3DA4FF0FF31BF
:10D93000D3E7BDE8F88F94F800B001220AF10204A1
:10D94000B0E72223C8F80030EEB1671E48463760C2
:10D95000BDE8F88F8146F8E7BBF1300FA5D12378F9
:10D9600003F0DF03582BA0D14FF0100C94F801B056
:10D9700065460234A0E7237803F0DF03582BF3D089
:10D980000825AC4698E74846BDE8F88F30B5084C06
:10D99000084B25686C6B83B0002C08BF1C460094B4
:10D9A00013460A4601462846FFF75CFF03B030BD28
:10D9B0003C0100206C0500202DE9F84F4B6E9C04C3
:10D9C00093462FD59368126853B30E46074602F16B
:10D9D000080919E920045FEA9A0817D0043D0024D9
:10D9E00001E0A04510D0324655F8041F384601F03A
:10D9F000BBF8431C04F10104F3D10023CBF8083039
:10DA0000CBF80430BDE8F88FDBF808302AF0030AC1
:10DA1000A3EB0A03CBF8083009F10809002BD8D191
:10DA20000020EAE701F00AFA0023CBF80830CBF82F
:10DA30000430BDE8F88F00BF2DE9F04FADB01D46B2
:10DA40008B4690460793069018B1836B002B00F02D
:10DA5000F380DBF86430BBF90C00DF0781B202D43D
:10DA60008E0540F1FC808C040AD4DBF8643040F46D
:10DA7000005123F40053ABF80C10CBF8643089B29A
:10DA8000080740F1B380DBF81030002B00F0AE80C7
:10DA900001F01A030A2B00F0B58000230DF1700984
:10DAA0000B93119310930393CDF83C90CA46CDF895
:10DAB00010B098F800304446FBB1252B02D11CE091
:10DAC000252B03D014F8013F002BF9D1A4EB080556
:10DAD0009DB1109B119ACAF8008001332A44072B8C
:10DAE000CAF80450119210937ADD002A40F0B084F5
:10DAF000039B10922B44CA4603932378002B00F01B
:10DB0000E08300204FF000038DF8373004F1010866
:10DB100062780546064603464FF0FF3408F10108D7
:10DB2000A2F12001582900F2DE82DFE811F0210283
:10DB3000DC02DC022902DC02DC02DC02DC02DC02A8
:10DB4000DC0289029502DC02A200BD02DC029F0118
:10DB5000A401A401A401A401A401A401A401A4019D
:10DB6000A401DC02DC02DC02DC02DC02DC02DC02FE
:10DB7000DC02DC02DC02B201DC02DC02DC02DC02E0
:10DB8000DC02DC02DC02DC02DC02DC029701DC02EB
:10DB9000DC02DC02DC02DC029B01DC02DC02530260
:10DBA000DC02DC02DC02DC02DC02DC02DC02DC0285
:10DBB000DC02DC025A021B02DC02DC02DC026E0226
:10DBC0001B02DC02DC027302DC02F50182010902A5
:10DBD000D702DC029A02DC02A700DC02DC022E0281
:10DBE0000AF1080A039B2B44039386E759460698DB
:10DBF00000F0ACFD18BBBBF80C1001F01A030A2BA7
:10DC00007FF44BAFBBF90E30002BFFF646AFDBF8CD
:10DC10006430DB0705D48F0503D4DBF8580001F02E
:10DC2000C7FA2B4642465946069800F04DFD039030
:10DC300003982DB0BDE8F08F00F0F4FE09E7DBF8A3
:10DC40006430D90704D4BBF80C309A0540F1AA849B
:10DC50004FF0FF33039303982DB0BDE8F08FDBF84E
:10DC6000580001F0A3FABBF90C0081B2FBE6764242
:10DC7000079243F0040398F800204FE708969E06A9
:10DC800000F150840799DD060A4600F1EF8358063B
:10DC900040F1EC830E8804310027012207914FF0F8
:10DCA00000018DF837100025611C00F0168123F06B
:10DCB0008001029156EA070140F01481002C40F0E7
:10DCC0005C83002A40F0B78313F00103059300F052
:10DCD00057840DF1B00B30230BF8413D059BA34257
:10DCE000B8BF234601930DB101330193029B13F09A
:10DCF0000203099302D0019B02330193029B13F0AC
:10DD000084030A9340F01782089B019A9D1A002D04
:10DD100040F31182102D40F39084109B119AC44E51
:10DD2000D6461027A2461946069C07E001F1020CD0
:10DD30000EF1080E0146103D102D11DD481C103269
:10DD4000072811928EE8C0001090EFDD002A40F005
:10DD5000E481103D102D11464FF0010CCE46EDDC54
:10DD600054466146F2462A4407291192CAF80060D7
:10DD7000CAF80450109100F3EC829DF837500AF174
:10DD8000080A481C002D40F0DE81099B002B00F0A2
:10DD9000F88102320EA902230728119210908AE816
:10DDA0000A0040F3EA81002A40F08C830A9B802B12
:10DDB0004FF001001146CA4640F0E781089B019DE3
:10DDC0005E1B002E40F3E181102E9A4D40F35084EB
:10DDD000D4461027A246069C07E001F1020E0CF182
:10DDE000080C0146103E102E11DD481C1032072889
:10DDF00011928CE8A0001090EFDD002A40F09D8287
:10DE0000103E102E4FF0010E1146CC46EDDC54466C
:10DE1000E2463244BEF1070F11928AE86000CDF865
:10DE200040E000F369830AF1080A0EF1010071462F
:10DE3000ABE1089613F0200240F08C8313F0100140
:10DE400040F01A8313F0400200F0168307980A4648
:10DE50000146043106880791002720E7089643F021
:10DE60001003E7E7089643F0100308E743F0800348
:10DE700098F8002052E6A2F13001002618F8012B94
:10DE800006EB860601EB4606A2F130010929F5D919
:10DE900046E60896002840F0088443F010039E06EA
:10DEA00000F14C83DD0600F1F382580640F1F08268
:10DEB000079DB5F900602A46F71704323046394607
:10DEC0000792002871F10002C0F25D83611C9DF889
:10DED00037504FF001027FF4EAAE56EA070100F036
:10DEE0004D820293012A00F08C82022A40F05C826B
:10DEF0000B98CB46330906F00F0143EA07733A0942
:10DF00001E461746435C0BF8013D56EA0703F1D164
:10DF1000A9EB0B030593E1E6002840F0C0839906C6
:10DF200000F16783DA0600F1F1805B0640F1EE80D4
:10DF3000079A136804320792BDF80C201A80B8E5DE
:10DF400007983D4A08960B920668782230210430E3
:10DF50008DF8392043F00203079000278DF8381020
:10DF600002229CE60896002899D08DF8375096E753
:10DF700098F80020002D7FF4D1AD01202025CDE5BB
:10DF800043F0010398F80020C8E50896002840F007
:10DF9000938329490B919F0600F1E8820798DE06DA
:10DFA000014600F170825D0640F16D820431068801
:10DFB00007910027D80740F1228256EA070100F0B6
:10DFC0001E8230218DF8392043F002038DF838107D
:10DFD000022264E60896002840F06B8317490B91F3
:10DFE000D9E7079908960A688DF848204FF0000095
:10DFF0000A468DF8370004320120019007920590FF
:10E000000DF1480B0293002470E643F0400398F8AA
:10E01000002083E598F800206C2A03BF98F80120BF
:10E0200043F0200308F1010843F0100376E500BF38
:10E030006409420074094200480942003409420060
:10E0400007990E680A46002E02F10402FFF60FAE91
:10E05000079298F8002061E598F8002001202B2510
:10E060005CE507990896D1F800B04FF000028DF8F2
:10E0700037200E1DBBF1000F00F0E582671C00F099
:10E08000C482224600215846019301F0D1FB019B36
:10E09000002800F0E582A0EB0B02059207960293A0
:10E0A0009DF83750002419E698F800202A2A08F134
:10E0B000010700F0E982A2F130010929B8464FF0CA
:10E0C00000043FF62DAD18F8012B04EB840401EB9E
:10E0D0004404A2F130010929F5D921E543F02003D8
:10E0E00098F800201AE50896002840F0DB82002A04
:10E0F00000F0E78001218DF848204FF000020191E7
:10E100008DF8372005910DF1480B7BE7079A1368CE
:10E1100004320792039A1A60CBE40FAA04992046AE
:10E12000FFF74AFC002840F039811099119A01F15B
:10E13000010CCE46FFE51099119A481C9DF8375006
:10E14000002D3FF422AE01320DF1370501210728E1
:10E1500011921090CAF80050CAF8041040F30881D8
:10E16000002A40F0BC81099B002B3FF41FAE0EAB90
:10E17000022208461C931D92CA4601460AF1080A6B
:10E1800001300A9B802B3FF419AE059BE41A002C4A
:10E190002EDD102CB34D1EDDD6461026069FDDF871
:10E1A00010A006E0881C0EF1080E1946103C102C39
:10E1B00010DD4B1C1032072B11928EE8600010937B
:10E1C000F0DD002A65D1103C102C4FF00100114603
:10E1D000CE46EEDCF246224407281192CAF80050DF
:10E1E000CAF80440109000F385800AF1080A013053
:10E1F0000599CAF800B00A4407281192CAF8041019
:10E20000109040F38280002A40F01881029B109207
:10E21000580735D5089B01995C1A002C40F3E7801C
:10E22000CA46102C40F3188210998F4E069FDDF8D5
:10E2300010B0102506E0881C0AF1080A1946103CA7
:10E24000102C11DD4B1C1032072B1192CAF8006004
:10E25000CAF804501093EEDD42BB103C102C4FF076
:10E2600001001146CA46EDDC224407281192CAF883
:10E270000060CAF80440109051DD002A40F09B81F4
:10E28000039B089A01998A42ACBF9B185B180393C1
:10E290004EE00FAA51463846FFF78EFB002840F0AB
:10E2A0003F811099119A481CCE467FE70FAA594624
:10E2B0003846FFF781FB60B91099119A481CCA468D
:10E2C000BDE7119BDDF810B0002B40F0D481002396
:10E2D0001093DBF8643013F0010FBBF80C3002D15F
:10E2E0009A0540F1DE805B063FF5B2AC03982DB095
:10E2F000BDE8F08F002A40F00681059A1D920123A7
:10E300001192CDF870B01093CA460AF1080A029B28
:10E31000590704D5089B01995C1A002C81DC039BEA
:10E32000089901988142ACBF5B181B18039372BB1C
:10E3300000231093CA46FFF7BCBB0FAA04992046DE
:10E34000FFF73AFB50BB1099119A01F1010ECC4630
:10E3500048E5002A40F040819DF83710002900F080
:10E360001B8101220DF1370110461D921C91CA46F6
:10E3700001460AF1080A013007E5029B012A00F074
:10E380009880022A0DD1029300260027B0E50FAA3B
:10E3900004990698FFF710FB0028C9D0DDF810B0EB
:10E3A00097E7029300260027494600E05946F20805
:10E3B00042EA4772F80806F007030746164630336C
:10E3C00056EA070201F8013C01F1FF3BEED1029A47
:10E3D000D6077FF59DAD302B3FF49AAD023930233F
:10E3E0000BF8013CA9EB010305938B4676E4039BF4
:10E3F000089A8A42ACBF9B185B18039398E70222E5
:10E400004DE4002F08BF0A2E52D3CB463046394682
:10E410000A22002301F096FE30320BF8012D30461F
:10E42000394600230A2201F08DFE06460F4656EAC1
:10E430000703EBD16CE50594CB464FE40FAA049992
:10E440000698FFF7B9FA0028A8D1119ACA465EE7E4
:10E450000FAA04990698FFF7AFFA00289ED1CA4682
:10E46000FFF7C0BB7409420064094200043116681A
:10E4700007910122002712E407980146043106683B
:10E48000079100270BE40E6804310791002791E5FE
:10E4900007990E680A46F717043207923046394644
:10E4A0000FE5DBF8580000F083FEBBF80C301AE7EC
:10E4B000029B02930DF1B00B303601230BF8416D36
:10E4C00005930BE40FAA04990698FFF775FA002844
:10E4D0007FF464AF1099119A481CCA4651E60FAAFE
:10E4E00004990698FFF768FA00287FF457AF10994F
:10E4F000119A481CCA4648E4002A40F09180012045
:10E500001146CA4641E60FAA04990698FFF754FA45
:10E5100000287FF443AF1098119A0130CA4667E68D
:10E52000D346D6E6079E073626F0070202F1080119
:10E53000D2E9006707910122FFF7B1BB079E0736BA
:10E5400026F00706D6E9000106F108020792064602
:10E550000F46B6E4079E073626F0070202F10801CF
:10E56000D2E9006707910022FFF799BB079E0736A3
:10E5700026F0070101F108000790D1E9006719E5CD
:10E58000CB46FFF7ABBB2D25764267EB47078DF8EF
:10E5900037500122FFF788BB099BB3B91146012010
:10E5A000CA46F2E5DBF8580000F002FE4FF0FF33F8
:10E5B0000393FFF750BB0FAA04990698FFF7FCF9E5
:10E5C00000287FF4EBAE119AA9E60EAB02221C9351
:10E5D0001D920120CA46D0E50FAA04990698FFF7BC
:10E5E000EBF900287FF4DAAE1099119A481CCA465C
:10E5F000A4E5079A03991368CD1708460432294603
:10E600000792C3E90001FFF754BA584607960293F0
:10E61000FFF736F8002405909DF83750FFF75EBBF2
:10E620000FAA04990698FFF7C7F900287FF4B6AE41
:10E630001099119A481CCA46A7E51099119A204EC4
:10E640000131FFF790BB062C28BF062405940796DE
:10E650000194DFF870B0D5E41098194E013003E64C
:10E6600005949DF83750079602930446FFF736BB92
:10E670008646FFF7CEBB06980FAA5946FFF79CF9CE
:10E6800000283FF424AE24E6079998F801200C688E
:10E69000043144EAE474B8460791FFF73FBA8DF8B5
:10E6A00037503CE48DF8375021E58DF83750FFF7AF
:10E6B000F4BB8DF8375091E48DF8375069E400BF12
:10E6C000640942005C0942002DE9F0410C46ADF5B9
:10E6D0008D6D8989666EE589199621F002010646DD
:10E6E000E069ADF80C1017464FF48061626AADF82E
:10E6F0000E5098461AAD0023079016A8099206936B
:10E70000009504950291059100F04CFD43463A4670
:10E7100069463046FFF790F9051E07DB304669462B
:10E7200000F028F9002818BF4FF0FF35BDF80C3075
:10E730005B0603D5A38943F04003A381169800F03C
:10E7400033FD28460DF58D6DBDE8F08138B5304BB1
:10E750001B6805460C4613B19A6B002A38D0B4F9F1
:10E760000C2093B218070CD52069A8B113F0010250
:10E770001ED0636900225B42A361A260F0B1002059
:10E7800038BDD9063CD5580726D4206942F0080385
:10E79000A3819BB20028E9D103F42072B2F5007F77
:10E7A000E4D02846214600F033FDA3892069DDE747
:10E7B000990758BF6269A2600028E0D1B4F90C3013
:10E7C0001A06DDD543F04003A3814FF0FF3038BD7A
:10E7D000184600F027F9C2E7216B51B104F140035C
:10E7E000994204D0284600F043FAB4F90C200023E3
:10E7F000236300232069636022F024022060C5E7C0
:10E8000042F0400209232B604FF0FF30A28138BD57
:10E810003C010020024B13B1024800F005B87047DC
:10E820000000000095EA4100002301461A46184600
:10E8300001F060BBB1F90C309AB22DE9F0410D4600
:10E84000110780463AD46A6843F40063002AAB811A
:10E850006FDDAC6A002C49D000229BB2D8F8006072
:10E86000C8F8002013F4805267D02A6D5F0705D5E1
:10E8700069682B6B521A0BB1EB6BD21A0023E96952
:10E880004046A047441C3CD0B5F90C302A692A60A8
:10E8900023F400630022AB81DB046A6047D4296B58
:10E8A000C8F8006011B305F14003994202D0404618
:10E8B00000F0DEF900202863BDE8F0812E69AEB1DA
:10E8C0002C682E6091070CBF6B690023A41BAB6002
:10E8D0000AE0234632466F6AE9694046B847002895
:10E8E000A4EB0004064404DD002CF2DC0020BDE8AB
:10E8F000F081AB8943F04003AB814FF0FF30BDE8BE
:10E90000F081D8F800401D2CF3D8194BE340DB43CD
:10E9100013F00103EDD1B5F90C206B6022F4006314
:10E920002969AB81DA042960B9D5002CB7D12865F3
:10E93000B5E7EA6B002A8CDCD8E70123E969404699
:10E94000A047431C024602D0AB89AC6A8EE7D8F8D8
:10E950000030002BF8D01D2B01D0162B02D1C8F8A7
:10E960000060C3E7AB8943F04003AB81BDE8F081B1
:10E970000100402038B50D46044608B1836BBBB199
:10E98000B5F90C0088B16B6EDB0701D4810517D592
:10E9900020462946FFF74EFF6B6EDA07044602D485
:10E9A000AB899B0507D5204638BD0446204638BDB7
:10E9B00000F038F8E4E7A86D00F0FAFB204638BD17
:10E9C000A86D00F0F3FBE3E7014900F0AFBB00BF27
:10E9D000DDFF410010B5002304468181C281036040
:10E9E0004360836043660361436183611946082283
:10E9F0005C30FEF767FD07480749084A084B20626C
:10EA0000E4616162A262E36204F15800BDE8104073
:10EA100000F0C8BB21FD410045FD410081FD4100E2
:10EA2000A1FD410010B50446124800F0BFFBA26BE7
:10EA3000D2B904F53B731048C4F8E8320321C4F896
:10EA4000E022E063C4F8E41260680421FFF7C2FF2B
:10EA500001220921A068FFF7BDFF02221221E06810
:10EA6000FFF7B8FF0123A3630248BDE8104000F0A0
:10EA70009FBB00BF80280120C9E94100014800F088
:10EA800095BB00BF94280120014800F091BB00BF56
:10EA90009428012038B50A4C0A4D641BA4100AD0F2
:10EAA00004F18043013B05EB8305013C55F8043933
:10EAB0009847002CF9D1BDE8384001F0F3BF00BF02
:10EAC000B40A4200B00A42002DE9F04782B0804605
:10EAD0008946144600F054FB012836D04A4604F11A
:10EAE0005C0301A9404601F0B7F9421C064625D057
:10EAF000A8B39DF804E000250DF1040A09E023689D
:10EB00005A1C226083F800E00135B54227D215F87F
:10EB10000AE0A368013B002BA360F0DAA769BB42BF
:10EB200071462246404602DBBEF10A0FE7D101F0F2
:10EB30003BF9431CE8D102B0BDE8F087A38943F05C
:10EB40004003A38102B0BDE8F08709F1FF33FE2B3B
:10EB5000C4D85FFA89FE06468DF804E0CBE7484644
:10EB600002B0BDE8F08700BF30B5536E13F0010F5F
:10EB7000B2F90C30144683B005469AB201D1900523
:10EB80001CD5900406D4626E43F4005342F4005244
:10EB9000A381626628462246FFF796FF636EDA0776
:10EBA000054602D4A3899B0502D5284603B030BD93
:10EBB000A06D00F0FDFA284603B030BDA06D0191B4
:10EBC00000F0F4FAB4F90C3001999AB2D9E700BF19
:10EBD000F8B5244F0C46064600F0DEFEBB685D68C3
:10EBE000C4F57E610F3125F00305294421F47F61CE
:10EBF00021F00F01A1F58054B4F5805F07DB0021FF
:10EC0000304601F07BF8BB682B44984204D0304674
:10EC100000F0C8FE0020F8BD6142304601F06EF8F9
:10EC200001300DD0104BBA6819682D1B45F0010555
:10EC30003046091B5560196000F0B4FE0120F8BD94
:10EC40000021304601F05AF8BA68831A0F2BDEDD36
:10EC5000064C0549246843F00103001B536008601B
:10EC6000D5E700BFD806002080C50020E00A0020BC
:10EC7000002944D02DE9F0410D46804600F08CFE7D
:10EC800055F8047C694927F00103A5F10804E2184E
:10EC90008E685068B24220F003005ED0FE075060DC
:10ECA0000BD455F8087CE41B01F1080EA5687545E6
:10ECB0003B446DD0E768EF60BD6015186D68ED07E7
:10ECC0003ED543F001026260E350B3F5007F17D2F6
:10ECD000DB08581C9A104D6851F83070A76001236A
:10ECE000934001EBC0022B43083AE2604B6041F8CD
:10ECF0003040FC604046BDE8F04100F053BE704734
:10ED00005A0A042A52D89A0902F13907FF0002F17F
:10ED10003805C819CA59083890424FD0516821F0B7
:10ED200003018B4232D292689042F7D1C368A0604F
:10ED3000E3609C60C4604046BDE8F04100F032BE34
:10ED400095683B4FBD42034440D0D068E86043F033
:10ED5000010285606260E350B7E7FF07034407D410
:10ED600055F8082CA41A1344A068E268C2609060A9
:10ED7000304A126843F00100934260608C60B9D35E
:10ED80002D4B40461968FFF723FFB3E71046CDE748
:10ED900011184968C90744D49168D268CA6003440D
:10EDA00043F0010091606060E350A3E7142A16D895
:10EDB00002F15C07FF0002F15B05AAE7AA1001233C
:10EDC0004D6893402B434B600346B0E743F001028C
:10EDD0004C610C61E560A5606260E3508AE7542AEB
:10EDE00006D81A0B02F16F07FF0002F16E0590E7DB
:10EDF000B2F5AA7F06D8DA0B02F17807FF0002F11C
:10EE0000770586E740F25450824206D89A0C02F108
:10EE10007D07FF0002F17C057BE74FF47E777E25BE
:10EE200077E743F001016160136063E7D8060020D3
:10EE3000E0060020E40A0020B0C500209368002B03
:10EE400073D02DE9F04F8B8983B00C4619070090E1
:10EE5000164626D5226922B313F0020035682CD05D
:10EE60004FF00009B04FC846B246B84543464A463F
:10EE700028BF3B460098B8F1000F50D0E169666AA0
:10EE8000B047002858DDDAF808301B1A8144A8EB97
:10EE90000008CAF80830002BE7D1002003B0BDE815
:10EEA000F08F21460098FFF751FC002840F0338195
:10EEB000A389356813F00200D2D113F0010945D1BE
:10EEC0004F46019637B39A05D4F8088040F1838005
:10EED0004745C346C0F0AB8013F4906F40F0AC8060
:10EEE0002068BA465A46494600F0F2FCA2682368F8
:10EEF000A2EB08025B44A2602360019A9368A3EB33
:10EF00000A03D144A7EB0A079360002BC5D0A3895D
:10EF1000002FD8D1D5F800906F680835D2E7D5F822
:10EF20000090D5F8048008359FE7002070472146FF
:10EF30000098FFF71FFD70B3B4F90C3043F04003A5
:10EF40004FF0FF30A38103B0BDE8F08F8146334618
:10EF50004E46A8469A464D464EB380B32068236974
:10EF60006269B145CB4628BFB34698425F4604D993
:10EF7000A36813449B4500F3A68093454BDB1346DF
:10EF8000676AE16900982A46B847071ED4DDB9EBE5
:10EF90000709CCD00120DAF80830DB1B3D44F61B12
:10EFA000CAF80830002B3FF478AF002ED5D108F115
:10EFB000080313E9600098460833002EF9D0324662
:10EFC0000A21284600F034FC002800F0A18001301E
:10EFD000A0EB0509C2E720682369984202D863695B
:10EFE0009F425DD2B84528BFB8464246494600F028
:10EFF0006FFCA3682268A3EB08034244A36022606D
:10F000000BB1C24679E721460098FFF7B3FC002810
:10F0100092D1C24671E75A46294600F059FCA268CF
:10F020002368A2EB0B025B44A2602360AFE7206879
:10F03000B846BA46BB4655E762692068216902EBCB
:10F040004208A0EB010A08EBD8780AF101004FEA68
:10F05000680838444045424684BF804642465B05C6
:10F0600044D51146009800F01DF98346002855D07C
:10F0700052462169FEF78CF9A38923F4906343F08B
:10F080008003A3810BEB0A00A8EB0A03C4F810B0BD
:10F09000C4F814802060A360B846BA46BB4621E796
:10F0A0006FF00041B94228BF39464A4691FBF3F15F
:10F0B0000098666A03FB01F3E169B047B0F1000A0A
:10F0C0003FF71BAF38E71A462946019300F000FCD2
:10F0D0002268019B00981A4422602146FFF74AFCEF
:10F0E000019B00287FF428AF1F4650E7009800F0EE
:10F0F0005FFC83460028C5D1009D21692846FFF7A3
:10F10000B7FDB4F90C300C2223F080032A6015E718
:10F1100006F1010922E74FF0FF30BFE6009A0C2309
:10F120001360B4F90C3009E700FCFF7F2DE9F843C8
:10F1300010F538771FD0884606464FF000097D68E5
:10F14000BC68013D11D4A389012B05F1FF3508D915
:10F15000B4F90E3001332146304602D0C04749EAA7
:10F1600000096B1C04F16804EDD13F68002FE6D163
:10F170004846BDE8F883B9464846BDE8F88300BF75
:10F18000044B054A1B685B6B002B08BF134693F8C2
:10F19000280170473C0100206C050020D0F8EC00ED
:10F1A000704700BF704700BF704700BF704700BF87
:10F1B000704700BF70B50C46B1F90E10002990B031
:10F1C00015461E4614DB01AA00F06AFF00280FDB7B
:10F1D000029A02F47042A2F50052B2FA82F2520987
:10F1E0004FF480634FF4006032602B6010B070BD4C
:10F1F000A289002312F08000336004D04022184618
:10F200002A6010B070BD4FF480632B6010B070BDE9
:10F210008A8992070B4606D501F1430201211A6043
:10F220001A6159617047F0B583B001AB6A460C466C
:10F230000646FFF7BFFF00990546304600F032F85A
:10F24000B4F90C30D8B1019A154F0099F76343F027
:10F250008003A3812060206161611AB92B43A381DF
:10F2600003B0F0BD3046B4F90E1000F02DFFA0B190
:10F27000A38923F0030343F001031BB2EEE79A05D1
:10F28000EED423F0030304F1430243F0020301210F
:10F29000A381226022616161E2E7B4F90C30DDE70D
:10F2A000C9E941002DE9F04F01F10B06162E83B09C
:10F2B000054640F29E8036F0070600F1BD80B1425F
:10F2C00000F2BA8000F068FBB6F5FC7FC0F09382D4
:10F2D000730A00F0B880042B00F27981B30903F1BE
:10F2E000390003F1380EC300BF4F3B44A3F10801BE
:10F2F0005C68A14206D10CE0002A80F2AA80E46892
:10F30000A14206D0636823F003039A1B0F2AF3DDA2
:10F3100070463C69DFF8E4E2744500F0AB81636855
:10F3200023F003039A1B0F2A00F39081002AC7F8E9
:10F3300014E0C7F810E080F29D80B3F5007F80F004
:10F340006181DB0803F1010C99107A6857F83C8061
:10F35000C4F8088001238B4007EBCC011343083924
:10F36000E1607B6047F83C40C8F80C408210012403
:10F3700094409C4200F28B801C4206D120F0030096
:10F3800064001C4200F10400FAD007EBC009CC462F
:10F390008046DCF80C309C4507D16DE1002A80F2F4
:10F3A0007B81DB689C4500F06781596821F003018F
:10F3B0008A1B0F2AF2DDD3F80CC0D3F80880009323
:10F3C0009C19284646F0010642F001055E60C8F827
:10F3D0000CC0CCF808807C613C61C4F80CE0C4F837
:10F3E00008E065605A5000F0DDFA009B03F1080464
:10F3F0001EE0102920D800F0CFFA10261823022092
:10F40000794F3B44A3F108025C68944200F03D81CF
:10F410006368E168A66823F00303234428465A681A
:10F42000F16042F001028E605A6000F0BBFA0834CD
:10F43000204603B0BDE8F08F00240C2320462B604B
:10F4400003B0BDE8F08F40204FF400734FF03F0E43
:10F450004AE72344E1685A68A66842F00102F16075
:10F4600028468E605A6000F09DFA0834204603B0AA
:10F47000BDE8F08F234428465A6842F001025A60E2
:10F4800000F090FA0834204603B0BDE8F08FBC6865
:10F49000636823F00308B04504D3A8EB06030F2BE1
:10F4A00000F38580DFF85891504BD9F800201B6895
:10F4B0000132334404EB080A00F0558103F5805310
:10F4C0000F3323F47F6B2BF00F0B5946284600F0C7
:10F4D00015FC411C024600F0FC80824500F2F780DA
:10F4E000434B19685944196000F04D81D9F8000068
:10F4F00001301BBFA2EB0A0A5144C9F80020196071
:10F5000012F0070100F01581C1F10800C1F580512A
:10F510000244083102EB0B09C9F30B09A1EB0909FD
:10F52000494628460193009200F0E8FB431C9DE801
:10F530000C0000F04381801A484440F00100196833
:10F54000BA604944BC425060196017D0B8F10F0F3F
:10F5500040F2FB806068A8F10C0222F0070204EB85
:10F56000020E00F001004FF0050C10430F2A6060FE
:10F57000CEF804C0CEF808C000F217811D4BBC685D
:10F580001A68914288BF19601B4B1A6891426268E1
:10F5900088BF196022F003029642A2EB060301D84D
:10F5A0000F2B04DC284600F0FDF9002440E7A219E7
:10F5B00043F0010346F0010666602846BA605360D6
:10F5C00000F0F0F90834204603B0BDE8F08F142BAA
:10F5D00071D9542B00F2A380330B03F16F0003F1B8
:10F5E0006E0EC30080E600BFD8060020B0C5002024
:10F5F00080C50020A8C50020ACC50020E006002082
:10F60000E00A00205A0A042A5BD9142A00F2AE80CC
:10F6100002F15C01C9005B3207EB010C7958ACF1D7
:10F62000080C8C4500F088804A6822F0030293425F
:10F6300073D289688C45F7D1DCF80C207B68E260D6
:10F64000C4F808C09460CCF80C408FE6A11946F0CD
:10F65000010C42F00106C4F804C028467961396102
:10F66000C1F80CE0C1F808E04E60E25000F09AF9F1
:10F670000834DDE67B6879E608F1010818F0030F2D
:10F680000CF1080C7FF485AE2DE0DC68A34208BFC6
:10F6900002303FF43EAEBBE619441C464A68DB68C4
:10F6A00054F8086F42F001024A602846F3609E60F9
:10F6B00000F078F9BCE603F15C0003F15B0EC300D7
:10F6C00012E69A0902F13901C9003832A4E7BC42B6
:10F6D00054D0BC68626822F003025DE759F808392B
:10F6E000994540F0868010F0030F00F1FF30F5D10E
:10F6F0007B6823EA04037B6064009C423FF6C7AE4C
:10F70000002C3FF4C4AE1C4240467FF43EAE640081
:10F710001C4200F10400FAD037E68C468CE7B3F5C2
:10F72000AA7F15D8F30B03F1780003F1770EC3001D
:10F73000DAE54FF48051EDE67B689210012101FA81
:10F7400002F213437B60624679E70123536029E7A5
:10F7500040F25452934222D8B30C03F17D0003F1DE
:10F760007C0EC300C0E503F1100BAEE6542A29D885
:10F770001A0B02F16F01C9006E324DE7204B196878
:10F7800059441960B2E6CAF30B0000287FF4AEAE0C
:10F7900008EB0B03BA6843F001035360EEE67F20E9
:10F7A0004FF47E734FF07E0E9EE504F1080128466B
:10F7B0000093FFF75DFA009B1968DFE601204FF028
:10F7C0000009BCE6B2F5AA7F05D8DA0B02F1780190
:10F7D000C900773220E740F254518A4205D89A0C8A
:10F7E00002F17D01C9007C3216E74FF47E717E2262
:10F7F00012E77B6880E7F00806F1080300E600BF27
:10F8000080C5002082B049B15AB16BB113780B604A
:10F810001278101C18BF012002B0704701A9002AFD
:10F82000F3D1104602B070476FF00100F4E700BF5B
:10F8300001F0FF01102A2BDB10F0070F08D010F8A1
:10F84000013B013A8B422DD010F0070F42B3F6D1A5
:10F85000F0B441EA012141EA014122F007047FF0BE
:10F8600000070023F0E80256083C85EA010586EA15
:10F87000010685FA47F5A3FA87F586FA47F6A5FA51
:10F8800087F68EB9EED1F0BC01F0FF0102F007025D
:10F8900032B110F8013B013A83EA010313B1F8D108
:10F8A0000020704701387047002D06BF35460338E9
:10F8B000073815F0010F07D1013015F4807F02BF22
:10F8C000013015F4C03F0130F0BC0138704700BF73
:10F8D0008842F0B50DD98B1898420AD28418002AB4
:10F8E00051D0224613F8014D02F8014D9942F9D149
:10F8F000F0BD0F2A48D941EA00039B0746D100F129
:10F90000100401F11003154653F8106C44F8106C04
:10F9100053F80C6C44F80C6C53F8086C44F8086C01
:10F92000103D53F8046C44F8046C0F2D03F11003E0
:10F9300004F11004E8D8A2F1100323F00F0302F041
:10F940000F0E1033BEF1030F1944034421D91E1FBB
:10F950000D467446043C55F8047B46F8047F032C9E
:10F96000F8D8AEF1040424F0030404342144234401
:10F9700002F0030262B1013B0A4411F8014B03F8A3
:10F98000014F8A42F9D1F0BD0346F3E70346F2E79F
:10F99000F0BD7246EEE700BF0148FFF707BC00BFAD
:10F9A000842801200148FFF703BC00BF8428012000
:10F9B000002900F095802DE9F04F0D46164683B0E2
:10F9C000804606F10B07FFF7E7FF55F804EC162F0A
:10F9D0002EF00304A5F108093CD810221746BE42B8
:10F9E0003DD8944243DAC44B996809EB040088423D
:10F9F00000F0B480436823F0010101444968C9075D
:10FA00004CD51EF0010F00F09B8031464046FFF7B9
:10FA100049FC064600283AD055F8043C23F001037F
:10FA20004B44A0F108029A4200F02181221F242AAF
:10FA300000F20781132A00F2DB8003462A46116890
:10FA400019605168596092689A6029464046FFF7EC
:10FA50000FF91CE027F00707002F3A46BFDA00260F
:10FA60000C233046C8F8003003B0BDE8F08F2E46B6
:10FA7000E31B0F2B1ED8D9F8043003F001032343F6
:10FA80004C44C9F80430636843F0010363604046A6
:10FA9000FFF788FF304603B0BDE8F08F23F0030383
:10FAA000E11891421FDBC36882682E46D3600C4682
:10FAB0009A60DDE7D9F8042009EB070102F00102A2
:10FAC0004C4443F001031743C9F804704B6063686A
:10FAD00043F00103083163604046FFF7C9F8D6E7F9
:10FAE0001146FFF7DFBB1EF0010F8ED155F8081C41
:10FAF000A9EB010ADAF8041021F003010B442344B6
:10FB0000934225DBC26881685646CA609160DAF884
:10FB10000C1056F8080F221F242AC160886000F2DA
:10FB20009480132A6FD92968CAF808106968CAF83E
:10FB30000C101B2A00F2A28008350AF1100263E0C3
:10FB400055F8083CA9EB030ADAF8041021F0030188
:10FB500063189342FFF659AF5646D8E7416821F043
:10FB6000030BA34407F11000834556DA1EF0010F82
:10FB70007FF44BAF55F8081CA9EB010ADAF8041022
:10FB800021F003018B445845E2DC5646DAF80C10AC
:10FB900056F8080F221F242AC160886000F28F8067
:10FBA000132A40F28A802968CAF808106968CAF8DE
:10FBB0000C101B2A00F28A8008350AF1100229680D
:10FBC000116069685160A96891600AEB0701ABEBAD
:10FBD000070242F0010299604A60DAF8043003F04B
:10FBE00001031F434046CAF80470FFF7DBFE51E7EC
:10FBF0002B6803606B6843601B2A2DD800F1080353
:10FC000005F108021BE732462968116069685160F6
:10FC1000A96891601C46D1462AE709EB0701ABEBC6
:10FC2000070B4BF0010299604A6055F8043C03F061
:10FC300001031F43404645F8047CFFF7B3FE2E4600
:10FC400028E72946FFF744FEFFE6294630461C46D2
:10FC5000D146FFF73DFE0BE7AB688360EB68C360FE
:10FC6000242A17D000F1100305F11002E7E650F83E
:10FC7000043C23F003031C442E46F9E6A968CAF8A5
:10FC80001010E968CAF81410242A0CD010350AF1B3
:10FC90001802B9E72B6903616B69436105F118022A
:10FCA00000F11803CBE62A69CAF818206A69CAF875
:10FCB0001C2018350AF12002A6E732467FE72946C4
:10FCC00030460193FFF704FE019B7EE7A968CAF85E
:10FCD0001010E968CAF81410242A03D010350AF16C
:10FCE00018026CE72A69CAF818206A69CAF81C2049
:10FCF00018350AF1200262E7D806002038B5074C13
:10FD00000023054608462360EFF780FA431C00D025
:10FD100038BD2368002BFBD02B6038BD982801200C
:10FD200010B50C46B1F90E1000F0F6F9002803DB0F
:10FD3000236D0344236510BDA38923F48053A3815D
:10FD400010BD00BF2DE9F0411646B1F90C201F4649
:10FD5000D3050C46054607D500220223B1F90E1043
:10FD600000F0C4F9B4F90C20B4F90E1022F480525A
:10FD7000A2813B4632462846BDE8F04100F0A4B8D7
:10FD800010B50C46B1F90E1000F0B0F9A389421C71
:10FD90000EBF23F4805343F480532065A38110BD2C
:10FDA000B1F90E1000F008B9F8B50D461446064634
:10FDB00010B1836B002B4BD0B4F90C20A369A36066
:10FDC00091B2080739D52369002B36D0EDB28904EA
:10FDD0002F4615D522686169D31A8B421CDA01338C
:10FDE000A168501C0139A1602060157062699A42B7
:10FDF0001AD0A389DB0701D50A2D15D03846F8BDE6
:10FE0000616E42F4005221F40051A28122686166C1
:10FE10006169D31A8B42E2DB21463046FEF7AAFD28
:10FE200040B922680123DBE721463046FEF7A2FDF8
:10FE30000028E3D04FF0FF37E0E721463046FEF7D9
:10FE400085FC0028F6D1B4F90C20236991B2BDE7F6
:10FE5000FEF7E8FDB0E700BFF0B5064685B01F46E7
:10FE600089B1104C104D2468646B002C08BF2C46DF
:10FE7000D4F8E040A047431C03D100228A233A6013
:10FE8000336005B0F0BD0C460649074A0968496B66
:10FE9000002908BF11462246D1F8E04001A9A04739
:10FEA000E9E700BF3C0100206C05002021B1FF2ADA
:10FEB00004D80A7001207047084670478A230360FF
:10FEC0004FF0FF30704700BF70B50D46084C11462B
:10FED00006461A46284600232360EDF76FFE431CB2
:10FEE00000D070BD2368002BFBD0336070BD00BF15
:10FEF000982801202DE9F8432C4D0646286898469D
:10FF00000F469146FFF752F9294B1C68D4F8483147
:10FF1000002B3ED05A681F2A1CDC02F1010E76B17C
:10FF200003EB82010124C1F88890D3F88801944042
:10FF30002043022EC3F88801C1F8088123D0023281
:10FF4000C3F804E0286843F82270FFF731F9002075
:10FF5000BDE8F883174B0BB34FF4C870AFF30080C4
:10FF60000346D8B1D4F848210260002141600A4616
:10FF7000C4F848014FF0010EC0F88811C0F88C1188
:10FF8000002EDCD0CCE7D3F88C110C43C3F88C41A5
:10FF9000D5E704F5A673C4F84831BBE72868FFF736
:10FFA00007F94FF0FF30BDE8F88300BF6805002077
:10FFB000300942000000000038B5074C0023054618
:10FFC00008462360EFF73EF9431C00D038BD236894
:10FFD000002BFBD02B6038BD9828012070B559B19B
:10FFE00005460C4610B1836B002B3CD0636ED807DE
:10FFF00005D5B4F90C302BB90026304670BDA38965
:020000040042B8
:1000000099053CD521462846FEF714FCE36A0646CE
:1000100033B1E169284698470028B8BF4FF0FF3652
:10002000A3891A0622D4216B41B104F140039942FD
:1000300002D02846FEF71CFE00232363616C21B129
:100040002846FEF715FE00236364FEF717FD636E76
:100050000022DB07A2810ED5A06DFFF7A5F8FEF701
:1000600013FD304670BDFEF7DDFCBFE72169284671
:10007000FEF7FEFDD7E7A06DFFF79AF8ECE7A06D5D
:10008000FFF794F8B4F90C30002BBBD1666E16F074
:100090000106B1D1A06DFFF78BF8304670BD00BFEF
:1000A00038B50B46074C0546114618460023236019
:1000B000EFF7CBF8431C00D038BD2368002BFBD0F2
:1000C0002B6038BD9828012038B5074C0023054621
:1000D00008462360EFF7BEF8431C00D038BD236804
:1000E000002BFBD02B6038BD9828012070B50D4641
:1000F000084C114606461A46284600232360EFF7AF
:10010000ABF8431C00D070BD2368002BFBD03360DC
:1001100070BD00BF9828012070B50D46084C1146EF
:1001200006461A46284600232360EDF729FD431CA6
:1001300000D070BD2368002BFBD0336070BD00BFC2
:100140009828012053B94AB9002908BF00281CBFCC
:100150004FF0FF314FF0FF3000F07AB9ADF1080CED
:100160006DE904CE00F006F8DDF804E0DDE90223D5
:1001700004B070472DE9F0478C460D460446089EB2
:10018000002B51D18A4217466DD9B2FA82FEBEF1D8
:10019000000F0BD0CEF1200C01FA0EF520FA0CFC6A
:1001A00002FA0EF74CEA050C00FA0EF44FEA174A71
:1001B000250CBCFBFAF81FFA87F90AFB18CC45EAB4
:1001C0000C4508FB09F3AB420AD9ED1908F1FF32DF
:1001D00080F02381AB4240F22081A8F102083D4427
:1001E000ED1AA4B2B5FBFAF00AFB105544EA054437
:1001F00000FB09F9A14509D9E41900F1FF3380F0AA
:100200000A81A14540F2078102383C44A4EB09046D
:1002100040EA08400021002E61D024FA0EF40023A9
:1002200034607360BDE8F0878B4207D9002E54D04C
:10023000002186E821000846BDE8F087B3FA83F183
:10024000002940F08E80AB4202D3824200F2FA8055
:10025000841A65EB03050120AC46002E3FD086E8EA
:100260001010BDE8F08712B90127B7FBF2F7B7FA13
:1002700087FEBEF1000F34D1EB1B3A0C1FFA87FC4E
:100280000121B3FBF2F8250C02FB183345EA0345C4
:100290000CFB08F3AB4207D9ED1908F1FF3002D28D
:1002A000AB4200F2D1808046ED1AA3B2B5FBF2F06A
:1002B00002FB105543EA05440CFB00FCA44507D99A
:1002C000E41900F1FF3302D2A44500F2B8801846C9
:1002D000A4EB0C0440EA08409DE731463046BDE8F7
:1002E000F087CEF1200405FA0EF307FA0EF720FA94
:1002F00004F83A0C25FA04F448EA0308B4FBF2F1D6
:100300004FEA184502FB11441FFA87FC45EA0445F1
:1003100001FB0CF3AB4200FA0EF409D9ED1901F11F
:10032000FF3080F08A80AB4240F2878002393D4442
:10033000EB1A1FFA88F5B3FBF2F002FB103345EA23
:10034000034500FB0CF3AB4207D9ED1900F1FF3870
:100350006FD2AB426DD902383D44EB1A40EA0141FD
:100360008FE7C1F1200722FA07F88B4005FA01F464
:1003700048EA030320FA07FE4FEA134CFD404EEA19
:10038000040EB5FBFCF94FEA1E440CFB19551FFA8D
:1003900083F844EA054509FB08F4AC4202FA01F28D
:1003A00000FA01FA08D9ED1809F1FF3043D2AC4246
:1003B00041D9A9F102091D442D1B1FFA8EFEB5FB80
:1003C000FCF00CFB10554EEA054400FB08F8A04574
:1003D00007D9E41800F1FF3529D2A04527D9023802
:1003E0001C4440EA0940A4EB0804A0FB02894C45E8
:1003F000C6464D4615D312D056B1BAEB0E0364EB88
:10040000050404FA07F7CB401F43CC403760746003
:100410000021BDE8F0871846F8E69046E0E6C245C0
:10042000EAD2B8EB020E69EB03050138E4E728468F
:10043000D7E7404691E78146BEE7014678E70238B4
:100440003C4445E7084608E7A8F102083D442BE78D
:10045000704700BF0A57656C636F6D65204D65730B
:10046000736167652E000000436F6E6E656374658F
:1004700064000000436F6E6E6563745F41766F6E5B
:100480005F444F52323230300000000031393200C8
:1004900031363800303031003034350030303530CE
:1004A0003200000032353500303030000A47726FBC
:1004B00075702064657669636573203A20000000DA
:1004C0002D0000000A536F727465642047726F75C7
:1004D000702064657669636573203A20000000002F
:1004E000A5A5A5A5A5A5A5A5A5A5A5A5A5A5A5A5BC
:1004F000A5A5A5A549444C4500000000746370699A
:10050000705F7468726561640000000000000000A4
:10051000FFFFFFFF040010000100100005000F00A6
:10052000080010000800080005000A000A0000008A
:10053000200098001C001000200018001000280067
:100540001400140010001000100600000102030443
:1005500005060707070707070700000078220120A4
:1005600080220120702201208422012003060C1821
:1005700030607800FFFFFFFFFFFF00000000000079
:1005800000000000474D4143000000004100000012
:10059000420000004300000044000000450000004D
:1005A000460000000A206661696C6564206164642D
:1005B000206E6574696600005443505F49505F5374
:1005C0006572766572000000434F4E4649475F4DA5
:1005D0004F444500687474705F7461736B3A2069AE
:1005E0006E76616C696420636F6E6E0A00000000B5
:1005F0007463705F726563656976650068747470B2
:100600005F7461736B3A206E6574636F6E6E5F61C9
:1006100063636570742072656365697665642065DF
:1006200072726F722025642C207368757474696E01
:100630006720646F776E0A000A524649442072654B
:1006400071756573742072656365697665642E0AD9
:10065000554944206973203A20000000303132337C
:100660003435363738393A3B3C3D3E3F8D01020444
:1006700008102040801B360052096AD53036A53854
:10068000BF40A39E81F3D7FB7CE339829B2FFF877A
:10069000348E4344C4DEE9CB547B9432A6C2233D5E
:1006A000EE4C950B42FAC34E082EA16628D924B20F
:1006B000765BA2496D8BD12572F8F6648668981630
:1006C000D4A45CCC5D65B6926C704850FDEDB9DA8F
:1006D0005E154657A78D9D8490D8AB008CBCD30A7D
:1006E000F7E45805B8B34506D02C1E8FCA3F0F0259
:1006F000C1AFBD0301138A6B3A9111414F67DCEA28
:1007000097F2CFCEF0B4E67396AC7422E7AD3585A0
:10071000E2F937E81C75DF6E47F11A711D29C589AA
:100720006FB7620EAA18BE1BFC563E4BC6D279208C
:100730009ADBC0FE78CD5AF41FDDA8338807C73195
:10074000B11210592780EC5F60517FA919B54A0D8D
:100750002DE57A9F93C99CEFA0E03B4DAE2AF5B002
:10076000C8EBBB3C83539961172B047EBA77D6261E
:10077000E169146355210C7D637C777BF26B6FC557
:100780003001672BFED7AB76CA82C97DFA5947F094
:10079000ADD4A2AF9CA472C0B7FD9326363FF7CC70
:1007A00034A5E5F171D8311504C723C31896059A0D
:1007B000071280E2EB27B27509832C1A1B6E5AA030
:1007C000523BD6B329E32F8453D100ED20FCB15B1B
:1007D0006ACBBE394A4C58CFD0EFAAFB434D338584
:1007E00045F9027F503C9FA851A3408F929D38F558
:1007F000BCB6DA2110FFF3D2CD0C13EC5F9744178F
:10080000C4A77E3D645D197360814FDC222A908805
:1008100046EEB814DE5E0BDBE0323A0A4906245C91
:10082000C2D3AC629195E479E7C8376D8DD54EA9F6
:100830006C56F4EA657AAE08BA78252E1CA6B4C6C2
:10084000E8DD741F4BBD8B8A703EB5664803F60E1B
:10085000613557B986C11D9EE1F8981169D98E940A
:100860009B1E87E9CE5528DF8CA1890DBFE6426823
:1008700041992D0FB054BB1647656E6572616C5F70
:100880005461736B000000000A4661696C65642066
:10089000746F206372656174652047656E6572616F
:1008A0006C207461736B2E004F5344505F5472611F
:1008B0006E736D69740000000A4661696C6564209E
:1008C000746F20637265617465204F5344505F54A8
:1008D00072616E736D69745F5461736B2E000000FA
:1008E0004F5344505F5265636569766500000000B0
:1008F0000A4661696C656420746F20637265617477
:1009000065204F5344505F526563656976655F5457
:1009100061736B2E00000000706F77000000000014
:10092000000000000000304300000000000030C361
:1009300040010020303132333435363738394142C6
:1009400043444546000000003031323334353637F9
:10095000383961626364656600000000286E756C5A
:100960006C29000020202020202020202020202072
:1009700020202020303030303030303030303030B7
:1009800030303030504F53495800000000202020B4
:10099000202020202020282828282820202020202F
:1009A00020202020202020202020202020881010FF
:1009B000101010101010101010101010100404045B
:1009C0000404040404040410101010101010414119
:1009D0004141414101010101010101010101010107
:1009E000010101010101010110101010101042421B
:1009F00042424242020202020202020202020202D7
:100A00000202020202020202101010102000000076
:100A100000000000000000000000000000000000D6
:100A200000000000000000000000000000000000C6
:100A300000000000000000000000000000000000B6
:100A400000000000000000000000000000000000A6
:100A50000000000000000000000000000000000096
:100A60000000000000000000000000000000000086
:100A70000000000000000000000000000000000076
:100A80000000000000000000000000000000000066
:100A9000F8B500BFF8BC08BC9E46704715E8410099
:100AA0001D014000F8B500BFF8BC08BC9E46704769
:040AB000F900400009
:080AB400C0F6FF7F0100000005
:100ABC00BFF35F8F0138FBD17047010001000000CC
:100ACC00000000000000000000000000000000001A
:100ADC0000000000000000000000000052312E3326
:100AEC0052312E303139322E3136382E3030312EC3
:100AFC003034351008060401BB45E95B806328AA35
:100B0C00C530040100093D00AAAAAAAA00500000A1
:100B1C00FFFFFFFF0000CDAB6E19000000C000C04E
:100B2C0001010000000202020300000000000202AA
:100B3C000202010C00000101020100000100000092
:100B4C0080250000040000000000000000000000F0
:100B5C000000000000000000000000000000000089
:100B6C000000000000000000000000000000000079
:100B7C000000000000000000000000000000000069
:100B8C000000000000000000000000000000000059
:100B9C000000000000000000000000000000000049
:100BAC000000000000000000000000000000000039
:100BBC000000000000000000000000000000000029
:100BCC000000000000000000000000000000000019
:100BDC000000000000000000000000000000000009
:100BEC000000000000000000000000014001002097
:100BFC00000000002C04002094040020FC040020C1
:100C0C0000000000000000000000000000000000D8
:100C1C0000000000000000000000000000000000C8
:100C2C0000000000000000000000000000000000B8
:100C3C0000000000000000000000000000000000A8
:100C4C000000000000000000000000000000000098
:100C5C000000000000000000000000000000000088
:100C6C000000000000000000000000000000000078
:100C7C000000000000000000000000000000000068
:100C8C000000000000000000000000000000000058
:100C9C000000000000000000010000000000000047
:100CAC000E33CDAB34126DE6ECDE05000B0000000C
:100CBC000000000000000000000000000000000028
:100CCC000000000000000000000000000000000018
:100CDC000000000000000000000000000000000008
:100CEC0000000000000000000000000000000000F8
:100CFC0000000000000000000000000000000000E8
:100D0C0000000000000000000000000000000000D7
:100D1C0000000000000000000000000000000000C7
:100D2C0000000000000000000000000000000000B7
:100D3C0000000000000000000000000000000000A7
:100D4C000000000000000000000000000000000097
:100D5C000000000000000000000000000000000087
:100D6C000000000000000000000000000000000077
:100D7C000000000000000000000000000000000067
:100D8C000000000000000000000000000000000057
:100D9C000000000000000000000000000000000047
:100DAC000000000000000000000000000000000037
:100DBC000000000000000000000000000000000027
:100DCC000000000000000000000000000000000017
:100DDC000000000000000000000000000000000007
:100DEC0000000000000000000000000000000000F7
:100DFC0000000000000000000000000000000000E7
:100E0C0000000000000000000000000000000000D6
:100E1C0000000000000000000000000000000000C6
:100E2C0000000000000000000000000000000000B6
:100E3C0000000000000000000000000000000000A6
:100E4C000000000000000000000000000000000096
:100E5C000000000000000000000000000000000086
:100E6C000000000000000000000000000000000076
:100E7C000000000000000000000000000000000066
:100E8C000000000000000000000000000000000056
:100E9C000000000000000000000000000000000046
:100EAC000000000000000000000000000000000036
:100EBC000000000000000000000000000000000026
:100ECC000000000000000000000000000000000016
:100EDC000000000000000000000000000000000006
:100EEC0000000000000000000000000000000000F6
:100EFC0000000000000000000000000000000000E6
:100F0C0000000000000000000000000000000000D5
:100F1C0000000000000000000000000000000000C5
:100F2C0000000000000000000000000000000000B5
:100F3C0000000000000000000000000000000000A5
:100F4C000000000000000000000000000000000095
:100F5C000000000000000000000000000000000085
:100F6C000000000000000000000000000000000075
:100F7C000000000000000000000000000000000065
:100F8C000000000000000000000000000000000055
:100F9C000000000000000000000000000000000045
:100FAC000000000000000000000000000000000035
:100FBC000000000000000000000000000000000025
:100FCC000000000000000000000000000000000015
:100FDC000000000000000000000000000000000005
:100FEC0000000000000000000000000000000000F5
:100FFC0000000000000000000000000000000000E5
:10100C0000000000000000000000000000000000D4
:10101C0000000000000000007428012043000000C4
:10102C0000000000000000000000000000000000B4
:10103C000000000000000000000000004300000061
:10104C000000000000000000000000000000000094
:10105C000000000000000000000000004300000041
:10106C000000000000000000000000000000000074
:10107C000000000000000000000000004300000021
:10108C000000000000000000000000000000000054
:10109C000000000000000000000000004300000001
:1010AC000000000000000000000000000000000034
:1010BC0000000000000000000000000043000000E1
:1010CC000000000000000000000000000000000014
:1010DC0000000000000000000000000043000000C1
:1010EC0000000000000000000000000000000000F4
:1010FC00000000000000000000000000ADFE4100F8
:10110C0005F84100000000008C0942006404420014
:10111C00EC054200EC054200EC054200EC054200F7
:10112C00EC054200EC054200EC054200EC054200E7
:10113C00EC054200FFFFFFFFFFFFFFFFFFFFFFFF7C
:10114C00FFFF00000100415343494900000000002B
:10115C000000000000000000000000000000000083
:10116C00000000000000415343494900000000000A
:10117C000000000000000000000000000000000063
:10118C000000000000000000000000000000000053
:10119C00D8060020D8060020E0060020E00600203B
:1011AC00E8060020E8060020F0060020F0060020EB
:1011BC00F8060020F8060020000700200007002099
:1011CC000807002008070020100700201007002047
:1011DC0018070020180700202007002020070020F7
:1011EC0028070020280700203007002030070020A7
:1011FC003807002038070020400700204007002057
:10120C004807002048070020500700205007002006
:10121C0058070020580700206007002060070020B6
:10122C006807002068070020700700207007002066
:10123C007807002078070020800700208007002016
:10124C0088070020880700209007002090070020C6
:10125C009807002098070020A0070020A007002076
:10126C00A8070020A8070020B0070020B007002026
:10127C00B8070020B8070020C0070020C0070020D6
:10128C00C8070020C8070020D0070020D007002086
:10129C00D8070020D8070020E0070020E007002036
:1012AC00E8070020E8070020F0070020F0070020E6
:1012BC00F8070020F8070020000800200008002094
:1012CC000808002008080020100800201008002042
:1012DC0018080020180800202008002020080020F2
:1012EC0028080020280800203008002030080020A2
:1012FC003808002038080020400800204008002052
:10130C004808002048080020500800205008002001
:10131C0058080020580800206008002060080020B1
:10132C006808002068080020700800207008002061
:10133C007808002078080020800800208008002011
:10134C0088080020880800209008002090080020C1
:10135C009808002098080020A0080020A008002071
:10136C00A8080020A8080020B0080020B008002021
:10137C00B8080020B8080020C0080020C0080020D1
:10138C00C8080020C8080020D0080020D008002081
:10139C00D8080020D8080020E0080020E008002031
:1013AC00E8080020E8080020F0080020F0080020E1
:1013BC00F8080020F808002000090020000900208F
:1013CC00080900200809002010090020100900203D
:1013DC0018090020180900202009002020090020ED
:1013EC00280900202809002030090020300900209D
:1013FC00380900203809002040090020400900204D
:10140C0048090020480900205009002050090020FC
:10141C0058090020580900206009002060090020AC
:10142C00680900206809002070090020700900205C
:10143C00780900207809002080090020800900200C
:10144C0088090020880900209009002090090020BC
:10145C009809002098090020A0090020A00900206C
:10146C00A8090020A8090020B0090020B00900201C
:10147C00B8090020B8090020C0090020C0090020CC
:10148C00C8090020C8090020D0090020D00900207C
:10149C00D8090020D8090020E0090020E00900202C
:1014AC00E8090020E8090020F0090020F0090020DC
:1014BC00F8090020F8090020000A0020000A00208A
:1014CC00080A0020080A0020100A0020100A002038
:1014DC00180A0020180A0020200A0020200A0020E8
:1014EC00280A0020280A0020300A0020300A002098
:1014FC00380A0020380A0020400A0020400A002048
:10150C00480A0020480A0020500A0020500A0020F7
:10151C00580A0020580A0020600A0020600A0020A7
:10152C00680A0020680A0020700A0020700A002057
:10153C00780A0020780A0020800A0020800A002007
:10154C00880A0020880A0020900A0020900A0020B7
:10155C00980A0020980A0020A00A0020A00A002067
:10156C00A80A0020A80A0020B00A0020B00A002017
:10157C00B80A0020B80A0020C00A0020C00A0020C7
:10158C00C80A0020C80A0020D00A0020D00A002077
:08159C00FFFFFFFF0000020049
:0400000500400000B7
:00000001FF
