S01600004657325F444F52323230305F52312E7372656355
S214400000A0580120C5EF4000C1EF4000C1EF4000BE
S214400010C1EF4000C1EF4000C1EF400000000000CB
S21440002000000000000000000000000045F3400013
S214400030C1EF400000000000C1F3400011F4400052
S214400040C1EF4000C1EF4000C1EF4000C1EF4000AB
S21440005039944100C1EF4000C1EF4000B5984100DF
S214400060C1EF400015E9400029E940003DE9400065
S21440007051E9400065E9400065924100C1EF40000B
S214400080C1EF4000C1EF4000C1EF4000C1EF40006B
S214400090C1EF400091944100C1EF4000C1EF4000E5
S2144000A081A14100C1EF4000C1EF4000C1EF4000D8
S2144000B0C1EF4000C1EF4000C1EF4000C1EF40003B
S2144000C0C1EF4000C1EF4000C1EF4000C1EF40002B
S2144000D0C1EF4000C1EF4000C1EF4000C1EF40001B
S2144000E0C1EF4000C1EF4000C1EF4000C1EF40000B
S2144000F0C1824100C1EF400010B5054C237833B9AA
S214400100044B13B10448AFF300800123237010BDA5
S214400110E80A002000000000BC0A42000C4B43B135
S2144001200C480D4910B5AFF300800C48036823B95E
S21440013010BD0A48036833B97047094B002BF7D007
S214400140BDE810401847064B002BF5D0184700BFB7
S21440015000000000BC0A4200EC0A0020BC0A420034
S2144001600000000008B51048104B9847104B9847C1
S214400170104B9847104B9847104B9847104B984752
S214400180104B9847104B9847104B9847104B984742
S214400190104B9847104B9847104B9847104B984732
S2144001A01048114B984708BD50180E40A1EF40002C
S2144001B07D9641008D85400055D84000BD93410056
S2144001C0C58B4100CD8F410091914100D5904100B3
S2144001D0C18E4100A18E4100096D40002D9F410017
S2144001E0E1934100540442002997410008B5044B6E
S2144001F09847044B9847044B9847044B984708BD8C
S214400200C1A1410021B74100BDB74100E5FD400016
S214400210094B1B7813F0010F05D1074B5B7813F0A1
S214400220010F04D170470122044B1A707047002218
S214400230024B1A70F6E700BF90220120B4C500209A
S21440024070B400210D4B19700D4A0B460C46012523
S2144002502E4603E001336032082B09D0D07810F0E8
S214400260400FF7D005FA03F00143C9B23446F1E730
S2144002700CB970BC7047014B1970FAE71B0B002095
S21440028008CA0020124B1B7813F0020F0FD1104BF8
S2144002901B7813F0020F09D10E4B1B7833B10023A5
S2144002A00D4A13800D4A13700A4A13707047094B63
S2144002B01B78002BEBD10022074B1A8001230749FD
S2144002C00B7004490B7006490B70064B1A7070474A
S2144002D090220120040B0020060B0020080B002073
S2144002E0150B0020160B002070B400200D4B187024
S2144002F00D4A0346044601252E4603E0013360328C
S214400300082B09D092F903100029F7DA05FA03F111
S2144003100843C0B23446F1E70CB970BC7047014B95
S2144003201870FAE71A0B002008CA0020A74B1B7863
S214400330002B53D0A54B9B78012B22D0A34B1B7987
S214400340012B00F09780002B48D1A04BDB78012B87
S21440035000F0EB82002B41D19D4B5B7813F0040FED
S21440036040F0AE839A4B5B7813F0040F40F0248441
S214400370984B1B7813F0010F40F0AD83944B5B789D
S214400380704730B4944A00239448012503E0013373
S2144003906032082B0AD0D17811F0010FF7D00178DF
S2144003A005FA03F42143C9B20170F0E78B4B1B7882
S2144003B09BB1864BDB78012B11D073B9844B5B78AD
S2144003C013F0040F38D1824B5B7813F0040F04D13E
S2144003D07F4B1B7813F0040F3FD130BC70477C4BEB
S2144003E01B7813F0040F16D1794B1B7813F0040FCB
S2144003F0F3D1774B5B7813F0040FEED0784B1B7835
S21440040013F0010FE9D00221764A117023F0010360
S214400410734A1370E1E76E4B5B7813F0040FE3D139
S2144004206F4B1B7813F0010FDED101216D4A11701E
S2144004300B436B4A1370D0E7654B1B7813F0040FE1
S214400440C1D1674B1B7813F0010FBCD10121654A1F
S21440045011700B43624A1370BFE7614B1B7813F071
S214400460010FBAD002215F4A117023F001035C4AA3
S2144004701370B2E7554BDB78012B2FD0002BADD154
S214400480524B5B79012B00F05881022B00F0B08173
S214400490032BA3D14E4B5B7813F0040F40F00C8235
S2144004A04B4B5B7813F0040F98D1494B1B7813F0F5
S2144004B0040F93D04A4B1B7813F0010F8ED0434A5B
S2144004C05278511EC9B20F2900F21F821221454AA6
S2144004D0117023F00103424A137070473B4B5B791F
S2144004E0012B2CD0022B00F09480032B7FF476AFA8
S2144004F0374B1B7813F0040F40F0E680344B1B78E4
S21440050013F0040F7FF46AAF314B5B7813F0040F9F
S2144005103FF464AF324B1B7813F0010F3FF45EAFED
S2144005202A4A5278511EC9B20F2900F2F68012218B
S2144005302C4A117023F00103294A13707047244B4C
S2144005401B7813F0040F1FD1214B1B7813F0040FB8
S2144005507FF444AF1E4B5B7813F0040F3FF43EAF7E
S2144005601F4B1B7813F0010F3FF438AF174A5278F1
S214400570511EC9B20F293DD80C211A4A117023F0DA
S2144005800103174A13707047114B5B7813F0040F42
S214400590DAD1134B1B7813F0010FD5D10B4A5278A2
S2144005A0511EC9B20F2907D803210E4A117043F0D5
S2144005B001030B4A13707047A2F11101C9B2072913
S2144005C012D80421074A1170F1E700BF08CD002079
S2144005D090220120170B002008CA00200A0B00209A
S2144005E0190B0020090B0020192AE0D10521AB4A3F
S2144005F01170DCE7A2F11101C9B2072903D80D2119
S214400600A64A1170BBE7192AB9D10E21A34A117028
S214400610B5E7A34B1B7813F0040F1FD1A04B1B78F4
S21440062013F0040F7FF4DAAE9D4B5B7813F0040FA3
S2144006303FF4D4AE9B4B1B7813F0010F3FF4CEAE85
S214400640994A5278511EC9B20F292ED80F21934A83
S214400650117023F00103934A13707047904B5B78F8
S21440066013F0040FDAD18F4B1B7813F0010FD5D15E
S2144006708D4A5278511EC9B20F2907D80621874A9B
S214400680117043F00103874A13707047A2F11101BD
S214400690C9B2072903D80721804A1170F1E7192A01
S2144006A0EFD108217D4A1170EBE7A2F11101C9B2E2
S2144006B0072903D81021794A1170CAE7192AC8D1E8
S2144006C01121764A1170C4E7754B5B7813F0040F1E
S2144006D07FF414AF734B1B7813F0010F7FF40EAF0B
S2144006E0714A5278511EC9B20F2907D809216B4A60
S2144006F0117043F001036B4A13707047A2F1110169
S214400700C9B2072903D80A21644A1170F1E7192AA9
S214400710EFD10B21614A1170EBE7A2F11101C9B28A
S214400720072903D813215D4A117003E7192A7FF47D
S21440073001AF1421594A1170FCE6594B5B7813F00F
S214400740040F1FD1564B5B7813F0040F7FF446AE70
S214400750534B1B7813F0040F3FF440AE514B1B78BD
S21440076013F0010F3FF43AAE4F4A5278511EC9B2C9
S2144007700F292ED80C21494A117023F00103494A0B
S21440078013707047464B1B7813F0040FDAD1454B75
S2144007901B7813F0010FD5D1434A5278511EC9B287
S2144007A00F2907D803213D4A117043F001033D4A03
S2144007B013707047A2F11101C9B2072903D804216A
S2144007C0364A1170F1E7192AEFD10521334A1170E4
S2144007D0EBE7A2F11101C9B2072903D80D212F4A30
S2144007E01170CAE7192AC8D10E212C4A1170C4E7E5
S2144007F02B4B5B7813F0040F1FD1294B5B7813F01B
S214400800040F7FF4EBAD264B1B7813F0040F3FF438
S214400810E5AD244B1B7813F0010F3FF4DFAD224AC1
S2144008205278511EC9B20F292ED80F211B4A11707B
S21440083023F001031B4A13707047194B1B7813F0C3
S214400840040FDAD1174B1B7813F0010FD5D1164A97
S2144008505278511EC9B20F2907D806210F4A117087
S21440086043F001030F4A13707047A2F11101C9B259
S214400870072903D80721094A1170F1E7192AEFD151
S2144008800821064A1170EBE7A2F11101C9B2072907
S2144008900CD81021014A1170CAE700BF090B00208E
S2144008A090220120190B002008CD0020192ABFD124
S2144008B01121AA4A1170BBE7A94B1B7813F0040F0D
S2144008C07FF4EEADA74B1B7813F0010F7FF4E8AD35
S2144008D0A54A5278511EC9B20F2907D809219F4A06
S2144008E0117043F001039F4A13707047A2F1110143
S2144008F0C9B2072903D80A21984A1170F1E7192A84
S214400900EFD10B21954A1170EBE7A2F11101C9B264
S214400910072903D81321914A1170DAE5192A7FF482
S214400920D8AD14218D4A1170D3E58D4B1B7813F04A
S214400930040F0DD18A4B1B7813F0040F4FD18B4B0D
S2144009401B7813F0010F40F0AD81854B1B78704744
S214400950864B1B7813F0010F40F09F8143F0010354
S214400960824A1370E6E7804B5B785A1ED2B20F2A53
S2144009700BD9A3F11102D2B2072A0AD9192B7FF458
S2144009802DAD1722754B1A7070471522734B1A708F
S21440099070471622714B1A707047734B5B785A1E1D
S2144009A0D2B20F2A0BD9A3F11102D2B2072A0AD922
S2144009B0192B7FF413AD1A22684B1A707047182211
S2144009C0664B1A7070471922644B1A7070471B2288
S2144009D0624B1A7070471C22604B1A707047604B0F
S2144009E01B7813F0040F7FF4F9AC604B1B7813F0C0
S2144009F0010F3FF4F3AC5E4A127812F0010F3FF459
S214400A00EDAC22F001025A490A7023F00103574A1E
S214400A101370554B5B79012B16D0022B2ED0032B2F
S214400A207FF4DCAC504B5B785A1ED2B20F2A3FD9CB
S214400A30A3F11102D2B2072A3ED9192B7FF4CEACCD
S214400A402622464B1A707047474B5A78531EDBB2E5
S214400A500F2B0BD9A2F11103DBB2072B0AD9192AA7
S214400A607FF4BCAC20223D4B1A7070471E223B4B95
S214400A701A7070471F22394B1A7070473A4B5B7892
S214400A805A1ED2B20F2A0BD9A3F11102D2B2072AAC
S214400A900AD9192B7FF4A2AC2322304B1A70704728
S214400AA021222E4B1A70704722222C4B1A70704708
S214400AB024222A4B1A7070472522284B1A707047FA
S214400AC02A4B1B7813F0010F40F0238143F00103BB
S214400AD0264A137046E4264A127812F0010F40F078
S214400AE0268142F0010222490A7023F001031F4A80
S214400AF013701D4B5B79012B16D0022B3AD0032B7B
S214400B007FF46CAC184B5B785A1ED2B20F2A4BD986
S214400B10A3F11102D2B2072A4AD9192B7FF45EAC50
S214400B201D220E4B1A7070470F4B5B785A1ED2B27E
S214400B300F2A0BD9A3F11102D2B2072A0AD9192BD0
S214400B407FF44CAC1722054B1A7070471522034BA6
S214400B501A7070471622014B1A707047090B002016
S214400B6090220120190B002008CD0020170B0020F2
S214400B70180B0020784B5B785A1ED2B20F2A0BD93E
S214400B80A3F11102D2B2072A0AD9192B7FF426AC58
S214400B901A22724B1A7070471822704B1A707047A0
S214400BA019226E4B1A7070471B226C4B1A70704796
S214400BB01C226A4B1A707047694B5B7813F0040F1F
S214400BC07FF40CAC674B1B7813F0010F3FF406AC78
S214400BD0654A127812F0010F3FF400AC22F0010291
S214400BE061490A7023F001035E4A13705A4B5B79E1
S214400BF0012B16D0022B2ED0032B7FF4EFAB564B97
S214400C005A78531EDBB20F2B3FD9A2F11103DBB249
S214400C10072B3ED9192A7FF4E1AB26224F4B1A7098
S214400C2070474D4B5A78531EDBB20F2B0BD9A2F1AF
S214400C301103DBB2072B0AD9192A7FF4CFAB202247
S214400C40464B1A7070471E22444B1A7070471F223C
S214400C50424B1A707047404B5A78531EDBB20F2BEC
S214400C600BD9A2F11103DBB2072B0AD9192A7FF45C
S214400C70B5AB2322394B1A7070472122374B1A7076
S214400C8070472222354B1A7070472422334B1A7015
S214400C9070472522314B1A707047314A127812F04D
S214400CA0040F4FD1304A127812F0010F26D142F08D
S214400CB001022D490A7023F001032A4A1370264B7D
S214400CC05B79012B3FF44FAE022B3FF466AE032B0D
S214400CD07FF484AB204B5B785A1ED2B20F2A7FF645
S214400CE076AEA3F11102D2B2072A7FF674AE192B64
S214400CF07FF474AB1D22194B1A707047184B1B7843
S214400D0013F0040F04D1174B1B78174A127878E675
S214400D107047134A527812F0040F3FF4DCAE104B83
S214400D205B7813F0040F16D10E4B1B7850E70C4B34
S214400D305B7813F0040F04D10A4B1B780A4A1278EA
S214400D404CE77047064B1B7813F0040F02D1054B57
S214400D501B7850E67047704708CD0020090B0020EE
S214400D6090220120170B0020180B0020A84B9B79DF
S214400D70002B53D0A64B1B7A012B22D0A44B9B7A38
S214400D80012B00F09980002B48D1A14B5B7A012BB8
S214400D9000F0ED82002B41D19E4B5B7813F0080F9C
S214400DA040F0B0839B4B5B7813F0080F40F02684EE
S214400DB0994B1B7813F0020F40F0AF83954B5B784E
S214400DC0704730B4954A00239548012503E0013327
S214400DD06032082B0AD0D17811F0020FF7D0017894
S214400DE005FA03F42143C9B20170F0E78C4B1B7837
S214400DF09BB1874B5B7A012B11D073B9854B5B78DF
S214400E0013F0080F39D1834B5B7813F0080F04D1E9
S214400E10804B1B7813F0080F41D130BC70477D4B98
S214400E201B7813F0080F16D17A4B1B7813F0080F77
S214400E30F3D1784B5B7813F0080FEED0794B1B78E4
S214400E4013F0020FE9D00221774A117023F0020313
S214400E50744A1370E1E76F4B5B7813F0080FE3D1E9
S214400E60704B1B7813F0020FDED101216E4A1170D1
S214400E7043F002036B4A1370CFE7664B1B7813F0C0
S214400E80080FC0D1674B1B7813F0020FBBD101216E
S214400E90654A117043F00203624A1370BDE7614B26
S214400EA01B7813F0020FB8D002215F4A117023F06E
S214400EB002035C4A1370B0E7554B5B7A012B2FD088
S214400EC0002BABD1524BDB7A012B00F05881022B22
S214400ED000F0B081032BA1D14E4B5B7813F0080F86
S214400EE040F00C824B4B5B7813F0080F96D1494B81
S214400EF01B7813F0080F91D04A4B1B7813F0020F63
S214400F008CD0434AD279511EC9B20F2900F21F82B3
S214400F101221454A117023F00203424A137070476B
S214400F203B4BDB7A012B2CD0022B00F09480032B1A
S214400F307FF474AF374B1B7813F0080F40F0E68011
S214400F40344B1B7813F0080F7FF468AF314B5B7857
S214400F5013F0080F3FF462AF324B1B7813F0020FCA
S214400F603FF45CAF2A4AD279511EC9B20F2900F22B
S214400F70F68012212C4A117023F00203294A13707E
S214400F807047244B1B7813F0080F1FD1214B1B785A
S214400F9013F0080F7FF442AF1E4B5B7813F0080F38
S214400FA03FF43CAF1F4B1B7813F0020F3FF436AFB5
S214400FB0174AD279511EC9B20F293DD80C211A4A78
S214400FC0117023F00203174A13707047114B5B7879
S214400FD013F0080FDAD1134B1B7813F0020FD5D15C
S214400FE00B4AD279511EC9B20F2907D803210E4A9F
S214400FF0117043F002030B4A13707047A2F11101BF
S214401000C9B2072912D80421074A1170F1E700BF78
S21440101008CD002090220120170B002008CA00208F
S2144010200C0B0020190B00200B0B0020192AE0D1D6
S2144010300521AB4A1170DCE7A2F11101C9B20729BC
S21440104003D80D21A64A1170BBE7192AB9D10E2143
S214401050A34A1170B5E7A34B1B7813F0080F1FD1B6
S214401060A04B1B7813F0080F7FF4D8AE9D4B5B78EF
S21440107013F0080F3FF4D2AE9B4B1B7813F0020FD1
S2144010803FF4CCAE994AD279511EC9B20F292ED818
S2144010900F21934A117023F00203934A137070474E
S2144010A0904B5B7813F0080FDAD18F4B1B7813F018
S2144010B0020FD5D18D4AD279511EC9B20F2907D811
S2144010C00621874A117043F00203874A137070471F
S2144010D0A2F11101C9B2072903D80721804A11702D
S2144010E0F1E7192AEFD108217D4A1170EBE7A2F10A
S2144010F01101C9B2072903D81021794A1170CAE7ED
S214401100192AC8D11121764A1170C4E7754B5B780D
S21440111013F0080F7FF414AF734B1B7813F0020FD5
S2144011207FF40EAF714AD279511EC9B20F2907D843
S21440113009216B4A117043F002036B4A13707047E3
S214401140A2F11101C9B2072903D80A21644A1170D5
S214401150F1E7192AEFD10B21614A1170EBE7A2F1B2
S2144011601101C9B2072903D813215D4A117003E75C
S214401170192A7FF401AF1421594A1170FCE6594BE5
S2144011805B7813F0080F1FD1564B5B7813F0080FAF
S2144011907FF444AE534B1B7813F0080F3FF43EAE3B
S2144011A0514B1B7813F0020F3FF438AE4F4AD279BA
S2144011B0511EC9B20F292ED80C21494A117023F06E
S2144011C00203494A13707047464B1B7813F0080FCA
S2144011D0DAD1454B1B7813F0020FD5D1434AD2796A
S2144011E0511EC9B20F2907D803213D4A117043F05A
S2144011F002033D4A13707047A2F11101C9B2072994
S21440120003D80421364A1170F1E7192AEFD1052197
S214401210334A1170EBE7A2F11101C9B2072903D88E
S2144012200D212F4A1170CAE7192AC8D10E212C4A1F
S2144012301170C4E72B4B5B7813F0080F1FD1294B76
S2144012405B7813F0080F7FF4E9AD264B1B7813F05C
S214401250080F3FF4E3AD244B1B7813F0020F3FF426
S214401260DDAD224AD279511EC9B20F292ED80F21A0
S2144012701B4A117023F002031B4A13707047194B28
S2144012801B7813F0080FDAD1174B1B7813F0020FB8
S214401290D5D1164AD279511EC9B20F2907D8062190
S2144012A00F4A117043F002030F4A13707047A2F1C1
S2144012B01101C9B2072903D80721094A1170F1E77D
S2144012C0192AEFD10821064A1170EBE7A2F1110165
S2144012D0C9B207290CD81021014A1170CAE700BFCD
S2144012E00B0B002090220120190B002008CD002077
S2144012F0192ABFD11121AA4A1170BBE7A94B1B7806
S21440130013F0080F7FF4EEADA74B1B7813F0020FD7
S2144013107FF4E8ADA54AD279511EC9B20F2907D845
S21440132009219F4A117043F002039F4A1370704789
S214401330A2F11101C9B2072903D80A21984A1170AF
S214401340F1E7192AEFD10B21954A1170EBE7A2F18C
S2144013501101C9B2072903D81321914A1170DAE561
S214401360192A7FF4D8AD14218D4A1170D3E58D4BE0
S2144013701B7813F0080F0DD18A4B1B7813F0080F1B
S2144013804FD18B4B1B7813F0020F40F0AD81854B4D
S2144013901B787047864B1B7813F0020F40F09F81F6
S2144013A043F00203824A1370E6E7804BDB795A1E0D
S2144013B0D2B20F2A0BD9A3F11102D2B2072A0AD908
S2144013C0192B7FF42BAD1722754B1A7070471522D8
S2144013D0734B1A7070471622714B1A707047734BD6
S2144013E0DB795A1ED2B20F2A0BD9A3F11102D2B220
S2144013F0072A0AD9192B7FF411AD1A22684B1A70A6
S21440140070471822664B1A7070471922644B1A7040
S21440141070471B22624B1A7070471C22604B1A7032
S2144014207047604B1B7813F0080F7FF4F7AC604BA7
S2144014301B7813F0020F3FF4F1AC5E4A127812F0BC
S214401440020F3FF4EBAC22F002025A490A7023F036
S2144014500203574A1370554BDB7A012B16D0022BEA
S2144014602ED0032B7FF4DAAC504BDB795A1ED2B227
S2144014700F2A3FD9A3F11102D2B2072A3ED9192B1F
S2144014807FF4CCAC2622464B1A707047474BDA792D
S214401490531EDBB20F2B0BD9A2F11103DBB2072B85
S2144014A00AD9192A7FF4BAAC20223D4B1A707047ED
S2144014B01E223B4B1A7070471F22394B1A707047DA
S2144014C03A4BDB795A1ED2B20F2A0BD9A3F111023E
S2144014D0D2B2072A0AD9192B7FF4A0AC2322304B6C
S2144014E01A70704721222E4B1A70704722222C4BBE
S2144014F01A70704724222A4B1A7070472522284BB0
S2144015001A7070472A4B1B7813F0020F40F0238165
S21440151043F00203264A137044E4264A127812F037
S214401520020F40F0268142F0020222490A7023F060
S21440153002031F4A13701D4BDB7A012B16D0022B79
S2144015403AD0032B7FF46AAC184BDB795A1ED2B2E2
S2144015500F2A4BD9A3F11102D2B2072A4AD9192B26
S2144015607FF45CAC1D220E4B1A7070470F4BDB7934
S2144015705A1ED2B20F2A0BD9A3F11102D2B2072AB1
S2144015800AD9192B7FF44AAC1722054B1A707047BC
S2144015901522034B1A7070471622014B1A7070477B
S2144015A00B0B002090220120190B002008CD0020B4
S2144015B0170B0020180B0020784BDB795A1ED2B24E
S2144015C00F2A0BD9A3F11102D2B2072A0AD9192B36
S2144015D07FF424AC1A22724B1A7070471822704B54
S2144015E01A70704719226E4B1A7070471B226C4B4C
S2144015F01A7070471C226A4B1A707047694B5B78AA
S21440160013F0080F7FF40AAC674B1B7813F0020FF9
S2144016103FF404AC654A127812F0020F3FF4FEAB7A
S21440162022F0020261490A7023F002035E4A1370F8
S2144016305A4BDB7A012B16D0022B2ED0032B7FF48D
S214401640EDAB564BDA79531EDBB20F2B3FD9A2F1E6
S2144016501103DBB2072B3ED9192A7FF4DFAB2622D3
S2144016604F4B1A7070474D4BDA79531EDBB20F2B37
S2144016700BD9A2F11103DBB2072B0AD9192A7FF442
S214401680CDAB2022464B1A7070471E22444B1A7030
S21440169070471F22424B1A707047404BDA79531EF0
S2144016A0DBB20F2B0BD9A2F11103DBB2072B0AD901
S2144016B0192A7FF4B3AB2322394B1A707047212284
S2144016C0374B1A7070472222354B1A7070472422C7
S2144016D0334B1A7070472522314B1A707047314A87
S2144016E0127812F0080F4FD1304A127812F0020FDB
S2144016F026D142F002022D490A7023F002032A4AFC
S2144017001370264BDB7A012B3FF44FAE022B3FF48F
S21440171066AE032B7FF482AB204BDB795A1ED2B2E7
S2144017200F2A7FF676AEA3F11102D2B2072A7FF6D1
S21440173074AE192B7FF472AB1D22194B1A7070478A
S214401740184B1B7813F0080F04D1174B1B78174A19
S214401750127878E67047134A527812F0080F3FF432
S214401760DCAE104B5B7813F0080F16D10E4B1B788F
S21440177050E70C4B5B7813F0080F04D10A4B1B78EC
S2144017800A4A12784CE77047064B1B7813F0080F4E
S21440179002D1054B1B7850E67047704708CD0020B5
S2144017A00B0B002090220120170B0020180B002066
S2144017B0A84B1B7B002B53D0A64B9B7B012B22D0E8
S2144017C0A44B1B7C012B00F09980002B48D1A14BE9
S2144017D0DB7B012B00F0ED82002B41D19E4B5B78EA
S2144017E013F0100F40F0B0839B4B5B7813F0100F54
S2144017F040F02684994B1B7813F0040F40F0AF83DB
S214401800954B5B78704730B4954A00239548012540
S21440181003E001336032082B0AD0D17811F0040F70
S214401820F7D0017805FA03F42143C9B20170F0E716
S2144018308C4B1B789BB1874BDB7B012B11D073B94C
S214401840854B5B7813F0100F39D1834B5B7813F0E0
S214401850100F04D1804B1B7813F0100F41D130BCD1
S21440186070477D4B1B7813F0100F16D17A4B1B78C0
S21440187013F0100FF3D1784B5B7813F0100FEED0C7
S214401880794B1B7813F0040FE9D00221774A117088
S21440189023F00403744A1370E1E76F4B5B7813F050
S2144018A0100FE3D1704B1B7813F0040FDED10121EB
S2144018B06E4A117043F004036B4A1370CFE7664BD1
S2144018C01B7813F0100FC0D1674B1B7813F0040F32
S2144018D0BBD10121654A117043F00403624A13707C
S2144018E0BDE7614B1B7813F0040FB8D002215F4A66
S2144018F0117023F004035C4A1370B0E7554BDB7B52
S214401900012B2FD0002BABD1524B5B7C012B00F030
S2144019105881022B00F0B081032BA1D14E4B5B784F
S21440192013F0100F40F00C824B4B5B7813F0100F07
S21440193096D1494B1B7813F0100F91D04A4B1B7829
S21440194013F0040F8CD0434A527B511EC9B20F2964
S21440195000F21F821221454A117023F00403424AC6
S214401960137070473B4B5B7C012B2CD0022B00F056
S2144019709480032B7FF474AF374B1B7813F0100F13
S21440198040F0E680344B1B7813F0100F7FF468AFBE
S214401990314B5B7813F0100F3FF462AF324B1B783D
S2144019A013F0040F3FF45CAF2A4A527B511EC9B273
S2144019B00F2900F2F68012212C4A117023F00403FE
S2144019C0294A13707047244B1B7813F0100F1FD111
S2144019D0214B1B7813F0100F7FF442AF1E4B5B7801
S2144019E013F0100F3FF43CAF1F4B1B7813F0040F5F
S2144019F03FF436AF174A527B511EC9B20F293DD825
S214401A000C211A4A117023F00403174A13707047CA
S214401A10114B5B7813F0100FDAD1134B1B7813F091
S214401A20040FD5D10B4A527B511EC9B20F2907D895
S214401A3003210E4A117043F004030B4A137070479B
S214401A40A2F11101C9B2072912D80421074A117020
S214401A50F1E700BF08CD002090220120170B0020A0
S214401A6008CA00200E0B0020190B00200D0B00208A
S214401A70192AE0D10521AB4A1170DCE7A2F1110129
S214401A80C9B2072903D80D21A64A1170BBE7192A07
S214401A90B9D10E21A34A1170B5E7A34B1B7813F0BA
S214401AA0100F1FD1A04B1B7813F0100F7FF4D8AE49
S214401AB09D4B5B7813F0100F3FF4D2AE9B4B1B78D8
S214401AC013F0040F3FF4CCAE994A527B511EC9B274
S214401AD00F292ED80F21934A117023F00403934AFE
S214401AE013707047904B5B7813F0100FDAD18F4B22
S214401AF01B7813F0040FD5D18D4A527B511EC9B2C4
S214401B000F2907D80621874A117043F00403874AF5
S214401B1013707047A2F11101C9B2072903D80721F3
S214401B20804A1170F1E7192AEFD108217D4A1170D9
S214401B30EBE7A2F11101C9B2072903D81021794A6F
S214401B401170CAE7192AC8D11121764A1170C4E724
S214401B50754B5B7813F0100F7FF414AF734B1B7804
S214401B6013F0040F7FF40EAF714A527B511EC9B278
S214401B700F2907D809216B4A117043F004036B4ABA
S214401B8013707047A2F11101C9B2072903D80A2180
S214401B90644A1170F1E7192AEFD10B21614A11709E
S214401BA0EBE7A2F11101C9B2072903D813215D4A18
S214401BB0117003E7192A7FF401AF1421594A1170B6
S214401BC0FCE6594B5B7813F0100F1FD1564B5B78F1
S214401BD013F0100F7FF444AE534B1B7813F0100FE6
S214401BE03FF43EAE514B1B7813F0040F3FF438AE33
S214401BF04F4A527B511EC9B20F292ED80C21494A52
S214401C00117023F00403494A13707047464B1B7803
S214401C1013F0100FDAD1454B1B7813F0040FD5D1D3
S214401C20434A527B511EC9B20F2907D803213D4A69
S214401C30117043F004033D4A13707047A2F111013E
S214401C40C9B2072903D80421364A1170F1E7192A88
S214401C50EFD10521334A1170EBE7A2F11101C9B269
S214401C60072903D80D212F4A1170CAE7192AC8D16F
S214401C700E212C4A1170C4E72B4B5B7813F0100FE3
S214401C801FD1294B5B7813F0100F7FF4E9AD264B3C
S214401C901B7813F0100F3FF4E3AD244B1B7813F082
S214401CA0040F3FF4DDAD224A527B511EC9B20F29C4
S214401CB02ED80F211B4A117023F004031B4A1370C1
S214401CC07047194B1B7813F0100FDAD1174B1B785F
S214401CD013F0040FD5D1164A527B511EC9B20F29B4
S214401CE007D806210F4A117043F004030F4A1370B9
S214401CF07047A2F11101C9B2072903D80721094A42
S214401D001170F1E7192AEFD10821064A1170EBE766
S214401D10A2F11101C9B207290CD81021014A11704D
S214401D20CAE700BF0D0B002090220120190B0020AF
S214401D3008CD0020192ABFD11121AA4A1170BBE74D
S214401D40A94B1B7813F0100F7FF4EEADA74B1B7812
S214401D5013F0040F7FF4E8ADA54A527B511EC9B27A
S214401D600F2907D809219F4A117043F004039F4A60
S214401D7013707047A2F11101C9B2072903D80A218E
S214401D80984A1170F1E7192AEFD10B21954A117044
S214401D90EBE7A2F11101C9B2072903D81321914AF2
S214401DA01170DAE5192A7FF4D8AD14218D4A1170E6
S214401DB0D3E58D4B1B7813F0100F0DD18A4B1B7853
S214401DC013F0100F4FD18B4B1B7813F0040F40F0DD
S214401DD0AD81854B1B787047864B1B7813F0040FFC
S214401DE040F09F8143F00403824A1370E6E7804B3D
S214401DF05B7B5A1ED2B20F2A0BD9A3F11102D2B284
S214401E00072A0AD9192B7FF42BAD1722754B1A7067
S214401E1070471522734B1A7070471622714B1A7012
S214401E207047734B5B7B5A1ED2B20F2A0BD9A3F175
S214401E301102D2B2072A0AD9192B7FF411AD1A2201
S214401E40684B1A7070471822664B1A7070471922F2
S214401E50644B1A7070471B22624B1A7070471C22E4
S214401E60604B1A707047604B1B7813F0100F7FF46E
S214401E70F7AC604B1B7813F0040F3FF4F1AC5E4AAE
S214401E80127812F0040F3FF4EBAC22F004025A49E9
S214401E900A7023F00403574A1370554B5B7C012BA2
S214401EA016D0022B2ED0032B7FF4DAAC504B5B7B44
S214401EB05A1ED2B20F2A3FD9A3F11102D2B2072A34
S214401EC03ED9192B7FF4CCAC2622464B1A7070476D
S214401ED0474B5A7B531EDBB20F2B0BD9A2F1110393
S214401EE0DBB2072B0AD9192A7FF4BAAC20223D4B25
S214401EF01A7070471E223B4B1A7070471F22394B90
S214401F001A7070473A4B5B7B5A1ED2B20F2A0BD9D7
S214401F10A3F11102D2B2072A0AD9192B7FF4A0AC3A
S214401F202322304B1A70704721222E4B1A7070476E
S214401F3022222C4B1A70704724222A4B1A70704764
S214401F402522284B1A7070472A4B1B7813F0040F33
S214401F5040F0238143F00403264A137044E4264AA3
S214401F60127812F0040F40F0268142F00402224913
S214401F700A7023F004031F4A13701D4B5B7C012B31
S214401F8016D0022B3AD0032B7FF46AAC184B5B7BFF
S214401F905A1ED2B20F2A4BD9A3F11102D2B2072A47
S214401FA04AD9192B7FF45CAC1D220E4B1A70704731
S214401FB00F4B5B7B5A1ED2B20F2A0BD9A3F11102EC
S214401FC0D2B2072A0AD9192B7FF44AAC1722054BFE
S214401FD01A7070471522034B1A7070471622014B31
S214401FE01A7070470D0B002090220120190B00201C
S214401FF008CD0020170B0020180B0020784B5B7B89
S2144020005A1ED2B20F2A0BD9A3F11102D2B2072A16
S2144020100AD9192B7FF424AC1A22724B1A707047D7
S2144020201822704B1A70704719226E4B1A70704700
S2144020301B226C4B1A7070471C226A4B1A707047F2
S214402040694B5B7813F0100F7FF40AAC674B1B7834
S21440205013F0040F3FF404AC654A127812F0040FF4
S2144020603FF4FEAB22F0040261490A7023F00403F9
S2144020705E4A13705A4B5B7C012B16D0022B2ED037
S214402080032B7FF4EDAB564B5A7B531EDBB20F2B24
S2144020903FD9A2F11103DBB2072B3ED9192A7FF4B0
S2144020A0DFAB26224F4B1A7070474D4B5A7B531E60
S2144020B0DBB20F2B0BD9A2F11103DBB2072B0AD9E7
S2144020C0192A7FF4CDAB2022464B1A7070471E2249
S2144020D0444B1A7070471F22424B1A707047404B51
S2144020E05A7B531EDBB20F2B0BD9A2F11103DBB286
S2144020F0072B0AD9192A7FF4B3AB2322394B1A701F
S21440210070472122374B1A7070472222354B1A707F
S21440211070472422334B1A7070472522314B1A7071
S2144021207047314A127812F0100F4FD1304A127869
S21440213012F0040F26D142F004022D490A7023F013
S21440214004032A4A1370264B5B7C012B3FF44FAEA8
S214402150022B3FF466AE032B7FF482AB204B5B7BB7
S2144021605A1ED2B20F2A7FF676AEA3F11102D2B231
S214402170072A7FF674AE192B7FF472AB1D22194BDB
S2144021801A707047184B1B7813F0100F04D1174B7A
S2144021901B78174A127878E67047134A527812F03E
S2144021A0100F3FF4DCAE104B5B7813F0100F16D1D7
S2144021B00E4B1B7850E70C4B5B7813F0100F04D196
S2144021C00A4B1B780A4A12784CE77047064B1B7836
S2144021D013F0100F02D1054B1B7850E6704770473E
S2144021E008CD00200D0B002090220120170B002068
S2144021F0180B0020A84B9B7C002B53D0A64B1B7D76
S214402200012B22D0A44B9B7D012B00F09980002B04
S21440221048D1A14B5B7D012B00F0ED82002B41D1D4
S2144022209E4B5B7813F0200F40F0B0839B4B5B785F
S21440223013F0200F40F02684994B1B7813F0080FBC
S21440224040F0AF83954B5B78704730B4954A002397
S2144022509548012503E001336032082B0AD0D17837
S21440226011F0080FF7D0017805FA03F42143C9B2FC
S2144022700170F0E78C4B1B789BB1874B5B7D012B45
S21440228011D073B9854B5B7813F0200F39D1834B4F
S2144022905B7813F0200F04D1804B1B7813F0200F8F
S2144022A041D130BC70477D4B1B7813F0200F16D1C0
S2144022B07A4B1B7813F0200FF3D1784B5B7813F0F2
S2144022C0200FEED0794B1B7813F0080FE9D002218F
S2144022D0774A117023F00803744A1370E1E76F4B96
S2144022E05B7813F0200FE3D1704B1B7813F0080F88
S2144022F0DED101216E4A117043F008036B4A137019
S214402300CFE7664B1B7813F0200FC0D1674B1B7886
S21440231013F0080FBBD10121654A117043F0080342
S214402320624A1370BDE7614B1B7813F0080FB8D0B4
S21440233002215F4A117023F008035C4A1370B0E72D
S214402340554B5B7D012B2FD0002BABD1524BDB7D09
S214402350012B00F05881022B00F0B081032BA1D155
S2144023604E4B5B7813F0200F40F00C824B4B5B7863
S21440237013F0200F96D1494B1B7813F0200F91D0C5
S2144023804A4B1B7813F0080F8CD0434AD27C511E20
S214402390C9B20F2900F21F821221454A117023F05C
S2144023A00803424A137070473B4BDB7D012B2CD011
S2144023B0022B00F09480032B7FF474AF374B1B78CE
S2144023C013F0200F40F0E680344B1B7813F0200FBC
S2144023D07FF468AF314B5B7813F0200F3FF462AF69
S2144023E0324B1B7813F0080F3FF45CAF2A4AD27C7E
S2144023F0511EC9B20F2900F2F68012212C4A1170E4
S21440240023F00803294A13707047244B1B7813F0B7
S214402410200F1FD1214B1B7813F0200F7FF442AFC3
S2144024201E4B5B7813F0200F3FF43CAF1F4B1B78DE
S21440243013F0080F3FF436AF174AD27C511EC9B28C
S2144024400F293DD80C211A4A117023F00803174A69
S21440245013707047114B5B7813F0200FDAD1134B93
S2144024601B7813F0080FD5D10B4AD27C511EC9B247
S2144024700F2907D803210E4A117043F008030B4A70
S21440248013707047A2F11101C9B2072912D804216E
S214402490074A1170F1E700BF08CD002090220120C6
S2144024A0170B002008CA0020100B0020190B002034
S2144024B00F0B0020192AE0D10521AB4A1170DCE74A
S2144024C0A2F11101C9B2072903D80D21A64A1170FD
S2144024D0BBE7192AB9D10E21A34A1170B5E7A34B21
S2144024E01B7813F0200F1FD1A04B1B7813F0200F42
S2144024F07FF4D8AE9D4B5B7813F0200F3FF4D2AEFE
S2144025009B4B1B7813F0080F3FF4CCAE994AD27C15
S214402510511EC9B20F292ED80F21934A117023F0AD
S2144025200803934A13707047904B5B7813F0200F64
S214402530DAD18F4B1B7813F0080FD5D18D4AD27C59
S214402540511EC9B20F2907D80621874A117043F099
S2144025500803874A13707047A2F11101C9B20729D0
S21440256003D80721804A1170F1E7192AEFD10821D4
S2144025707D4A1170EBE7A2F11101C9B2072903D8D1
S2144025801021794A1170CAE7192AC8D11121764A12
S2144025901170C4E7754B5B7813F0200F7FF414AFCF
S2144025A0734B1B7813F0080F7FF40EAF714AD27C42
S2144025B0511EC9B20F2907D809216B4A117043F042
S2144025C008036B4A13707047A2F11101C9B207297C
S2144025D003D80A21644A1170F1E7192AEFD10B217A
S2144025E0614A1170EBE7A2F11101C9B2072903D87D
S2144025F013215D4A117003E7192A7FF401AF1421B5
S214402600594A1170FCE6594B5B7813F0200F1FD1E6
S214402610564B5B7813F0200F7FF444AE534B1B7839
S21440262013F0200F3FF43EAE514B1B7813F0080FCB
S2144026303FF438AE4F4AD27C511EC9B20F292ED82D
S2144026400C21494A117023F00803494A1370704719
S214402650464B1B7813F0200FDAD1454B1B7813F00E
S214402660080FD5D1434AD27C511EC9B20F2907D88C
S21440267003213D4A117043F008033D4A13707047EA
S214402680A2F11101C9B2072903D80421364A1170B4
S214402690F1E7192AEFD10521334A1170EBE7A2F191
S2144026A01101C9B2072903D80D212F4A1170CAE774
S2144026B0192AC8D10E212C4A1170C4E72B4B5B78DF
S2144026C013F0200F1FD1294B5B7813F0200F7FF4B7
S2144026D0E9AD264B1B7813F0200F3FF4E3AD244BB7
S2144026E01B7813F0080F3FF4DDAD224AD27C511E12
S2144026F0C9B20F292ED80F211B4A117023F00803A8
S2144027001B4A13707047194B1B7813F0200FDAD111
S214402710174B1B7813F0080FD5D1164AD27C511EA2
S214402720C9B20F2907D806210F4A117043F0080393
S2144027300F4A13707047A2F11101C9B2072903D896
S2144027400721094A1170F1E7192AEFD10821064AF4
S2144027501170EBE7A2F11101C9B207290CD810217C
S214402760014A1170CAE700BF0F0B002090220120DB
S214402770190B002008CD0020192ABFD11121AA4AE2
S2144027801170BBE7A94B1B7813F0200F7FF4EEAD1A
S214402790A74B1B7813F0080F7FF4E8ADA54AD27C10
S2144027A0511EC9B20F2907D809219F4A117043F01C
S2144027B008039F4A13707047A2F11101C9B2072956
S2144027C003D80A21984A1170F1E7192AEFD10B2154
S2144027D0954A1170EBE7A2F11101C9B2072903D857
S2144027E01321914A1170DAE5192A7FF4D8AD1421E5
S2144027F08D4A1170D3E58D4B1B7813F0200F0DD109
S2144028008A4B1B7813F0200F4FD18B4B1B7813F05D
S214402810080F40F0AD81854B1B787047864B1B7880
S21440282013F0080F40F09F8143F00803824A13706C
S214402830E6E7804BDB7C5A1ED2B20F2A0BD9A3F1B7
S2144028401102D2B2072A0AD9192B7FF42BAD1722D0
S214402850754B1A7070471522734B1A7070471622C4
S214402860714B1A707047734BDB7C5A1ED2B20F2ADC
S2144028700BD9A3F11102D2B2072A0AD9192B7FF439
S21440288011AD1A22684B1A7070471822664B1A70A0
S21440289070471922644B1A7070471B22624B1A709D
S2144028A070471C22604B1A707047604B1B7813F0C1
S2144028B0200F7FF4F7AC604B1B7813F0080F3FF403
S2144028C0F1AC5E4A127812F0080F3FF4EBAC22F0FF
S2144028D008025A490A7023F00803574A1370554BAA
S2144028E0DB7D012B16D0022B2ED0032B7FF4DAACE7
S2144028F0504BDB7C5A1ED2B20F2A3FD9A3F11102AD
S214402900D2B2072A3ED9192B7FF4CCAC2622464BAE
S2144029101A707047474BDA7C531EDBB20F2B0BD92D
S214402920A2F11103DBB2072B0AD9192A7FF4BAACFD
S21440293020223D4B1A7070471E223B4B1A70704740
S2144029401F22394B1A7070473A4BDB7C5A1ED2B264
S2144029500F2A0BD9A3F11102D2B2072A0AD9192B92
S2144029607FF4A0AC2322304B1A70704721222E4BA6
S2144029701A70704722222C4B1A70704724222A4B1A
S2144029801A7070472522284B1A7070472A4B1B78BE
S21440299013F0080F40F0238143F00803264A1370D3
S2144029A044E4264A127812F0080F40F0268142F09E
S2144029B0080222490A7023F008031F4A13701D4B71
S2144029C0DB7D012B16D0022B3AD0032B7FF46AAC6A
S2144029D0184BDB7C5A1ED2B20F2A4BD9A3F11102F8
S2144029E0D2B2072A4AD9192B7FF45CAC1D220E4B73
S2144029F01A7070470F4BDB7C5A1ED2B20F2A0BD987
S214402A00A3F11102D2B2072A0AD9192B7FF44AAC95
S214402A101722054B1A7070471522034B1A707047E1
S214402A201622014B1A7070470F0B0020902201208F
S214402A30190B002008CD0020170B0020180B002093
S214402A40784BDB7C5A1ED2B20F2A0BD9A3F1110267
S214402A50D2B2072A0AD9192B7FF424AC1A22724B19
S214402A601A7070471822704B1A70704719226E4BB6
S214402A701A7070471B226C4B1A7070471C226A4BA8
S214402A801A707047694B5B7813F0200F7FF40AACDE
S214402A90674B1B7813F0080F3FF404AC654A127876
S214402AA012F0080F3FF4FEAB22F0080261490A70AC
S214402AB023F008035E4A13705A4BDB7D012B16D079
S214402AC0022B2ED0032B7FF4EDAB564BDA7C531EF5
S214402AD0DBB20F2B3FD9A2F11103DBB2072B3ED955
S214402AE0192A7FF4DFAB26224F4B1A7070474D4BA6
S214402AF0DA7C531EDBB20F2B0BD9A2F11103DBB2EB
S214402B00072B0AD9192A7FF4CDAB2022464B1A70E0
S214402B1070471E22444B1A7070471F22424B1A7051
S214402B207047404BDA7C531EDBB20F2B0BD9A2F119
S214402B301103DBB2072B0AD9192A7FF4B3AB232241
S214402B40394B1A7070472122374B1A707047222231
S214402B50354B1A7070472422334B1A707047252223
S214402B60314B1A707047314A127812F0200F4FD10D
S214402B70304A127812F0080F26D142F008022D494A
S214402B800A7023F008032A4A1370264BDB7D012B7C
S214402B903FF44FAE022B3FF466AE032B7FF482AB7E
S214402BA0204BDB7C5A1ED2B20F2A7FF676AEA3F1BC
S214402BB01102D2B2072A7FF674AE192B7FF472AB9D
S214402BC01D22194B1A707047184B1B7813F0200FB4
S214402BD004D1174B1B78174A127878E67047134A89
S214402BE0527812F0200F3FF4DCAE104B5B7813F0B7
S214402BF0200F16D10E4B1B7850E70C4B5B7813F02A
S214402C00200F04D10A4B1B780A4A12784CE77047CB
S214402C10064B1B7813F0200F02D1054B1B7850E66D
S214402C207047704708CD00200F0B002090220120EF
S214402C30170B0020180B0020A84B1B7E002B53D0F0
S214402C40A64B9B7E012B22D0A44B1B7F012B00F072
S214402C509980002B48D1A14BDB7E012B00F0ED8202
S214402C60002B41D19E4B5B7813F0400F40F0B08371
S214402C709B4B5B7813F0400F40F02684994B1B78B3
S214402C8013F0100F40F0AF83954B5B78704730B42D
S214402C90954A00239548012503E001336032082B0E
S214402CA00AD0D17811F0100FF7D0017805FA03F466
S214402CB02143C9B20170F0E78C4B1B789BB1874B20
S214402CC0DB7E012B11D073B9854B5B7813F0400F38
S214402CD039D1834B5B7813F0400F04D1804B1B787F
S214402CE013F0400F41D130BC70477D4B1B7813F03A
S214402CF0400F16D17A4B1B7813F0400FF3D1784B28
S214402D005B7813F0400FEED0794B1B7813F0100F22
S214402D10E9D00221774A117023F01003744A1370E9
S214402D20E1E76F4B5B7813F0400FE3D1704B1B78B5
S214402D3013F0100FDED101216E4A117043F01003DC
S214402D406B4A1370CFE7664B1B7813F0400FC0D129
S214402D50674B1B7813F0100FBBD10121654A1170E9
S214402D6043F01003624A1370BDE7614B1B7813F0C3
S214402D70100FB8D002215F4A117023F010035C4A4E
S214402D801370B0E7554BDB7E012B2FD0002BABD119
S214402D90524B5B7F012B00F05881022B00F0B08134
S214402DA0032BA1D14E4B5B7813F0400F40F00C82C2
S214402DB04B4B5B7813F0400F96D1494B1B7813F082
S214402DC0400F91D04A4B1B7813F0100F8CD0434ADB
S214402DD0527E511EC9B20F2900F21F821221454A67
S214402DE0117023F01003424A137070473B4B5B7FD1
S214402DF0012B2CD0022B00F09480032B7FF474AF71
S214402E00374B1B7813F0400F40F0E680344B1B786E
S214402E1013F0400F7FF468AF314B5B7813F0400FF0
S214402E203FF462AF324B1B7813F0100F3FF45CAFA9
S214402E302A4A527E511EC9B20F2900F2F68012214C
S214402E402C4A117023F01003294A13707047244B04
S214402E501B7813F0400F1FD1214B1B7813F0400F07
S214402E607FF442AF1E4B5B7813F0400F3FF43CAF0D
S214402E701F4B1B7813F0100F3FF436AF174A527EA5
S214402E80511EC9B20F293DD80C211A4A117023F0A1
S214402E901003174A13707047114B5B7813F0400FBE
S214402EA0DAD1134B1B7813F0100FD5D10B4A527E54
S214402EB0511EC9B20F2907D803210E4A117043F09C
S214402EC010030B4A13707047A2F11101C9B20729CB
S214402ED012D80421074A1170F1E700BF08CD002040
S214402EE090220120170B002008CA0020120B002059
S214402EF0190B0020110B0020192AE0D10521AB4AFE
S214402F001170DCE7A2F11101C9B2072903D80D21DF
S214402F10A64A1170BBE7192AB9D10E21A34A1170EF
S214402F20B5E7A34B1B7813F0400F1FD1A04B1B787F
S214402F3013F0400F7FF4D8AE9D4B5B7813F0400FF4
S214402F403FF4D2AE9B4B1B7813F0100F3FF4CCAE41
S214402F50994A527E511EC9B20F292ED80F21934A44
S214402F60117023F01003934A13707047904B5B78B0
S214402F7013F0400FDAD18F4B1B7813F0100FD5D1DA
S214402F808D4A527E511EC9B20F2907D80621874A5C
S214402F90117043F01003874A13707047A2F1110175
S214402FA0C9B2072903D80721804A1170F1E7192AC8
S214402FB0EFD108217D4A1170EBE7A2F11101C9B2A9
S214402FC0072903D81021794A1170CAE7192AC8D1AF
S214402FD01121764A1170C4E7754B5B7813F0400FA9
S214402FE07FF414AF734B1B7813F0100F7FF40EAFC3
S214402FF0714A527E511EC9B20F2907D809216B4A21
S214403000117043F010036B4A13707047A2F1110120
S214403010C9B2072903D80A21644A1170F1E7192A70
S214403020EFD10B21614A1170EBE7A2F11101C9B251
S214403030072903D813215D4A117003E7192A7FF444
S21440304001AF1421594A1170FCE6594B5B7813F0D6
S214403050400F1FD1564B5B7813F0400F7FF444AEC1
S214403060534B1B7813F0400F3FF43EAE514B1B784A
S21440307013F0100F3FF438AE4F4A527E511EC9B27D
S2144030800F292ED80C21494A117023F01003494AC3
S21440309013707047464B1B7813F0400FDAD1454B00
S2144030A01B7813F0100FD5D1434A527E511EC9B239
S2144030B00F2907D803213D4A117043F010033D4ABB
S2144030C013707047A2F11101C9B2072903D8042131
S2144030D0364A1170F1E7192AEFD10521334A1170AB
S2144030E0EBE7A2F11101C9B2072903D80D212F4AF7
S2144030F01170CAE7192AC8D10E212C4A1170C4E7AC
S2144031002B4B5B7813F0400F1FD1294B5B7813F0A5
S214403110400F7FF4E9AD264B1B7813F0400F3FF489
S214403120E3AD244B1B7813F0100F3FF4DDAD224A7D
S214403130527E511EC9B20F292ED80F211B4A11703C
S21440314023F010031B4A13707047194B1B7813F07B
S214403150400FDAD1174B1B7813F0100FD5D1164A13
S214403160527E511EC9B20F2907D806210F4A117048
S21440317043F010030F4A13707047A2F11101C9B211
S214403180072903D80721094A1170F1E7192AEFD118
S2144031900821064A1170EBE7A2F11101C9B20729CE
S2144031A00CD81021014A1170CAE700BF110B00204D
S2144031B090220120190B002008CD0020192ABFD1EB
S2144031C01121AA4A1170BBE7A94B1B7813F0400F98
S2144031D07FF4EEADA74B1B7813F0100F7FF4E8ADED
S2144031E0A54A527E511EC9B20F2907D809219F4AC7
S2144031F0117043F010039F4A13707047A2F11101FB
S214403200C9B2072903D80A21984A1170F1E7192A4A
S214403210EFD10B21954A1170EBE7A2F11101C9B22B
S214403220072903D81321914A1170DAE5192A7FF449
S214403230D8AD14218D4A1170D3E58D4B1B7813F011
S214403240400F0DD18A4B1B7813F0400F4FD18B4B5C
S2144032501B7813F0100F40F0AD81854B1B787047FC
S214403260864B1B7813F0100F40F09F8143F01003FD
S214403270824A1370E6E7804B5B7E5A1ED2B20F2A14
S2144032800BD9A3F11102D2B2072A0AD9192B7FF41F
S2144032902BAD1722754B1A7070471522734B1A7058
S2144032A070471622714B1A707047734B5B7E5A1EDE
S2144032B0D2B20F2A0BD9A3F11102D2B2072A0AD9E9
S2144032C0192B7FF411AD1A22684B1A7070471822DA
S2144032D0664B1A7070471922644B1A7070471B224F
S2144032E0624B1A7070471C22604B1A707047604BD6
S2144032F01B7813F0400F7FF4F7AC604B1B7813F04D
S214403300100F3FF4F1AC5E4A127812F0100F3FF403
S214403310EBAC22F010025A490A7023F01003574AC9
S2144033201370554B5B7F012B16D0022B2ED0032BF0
S2144033307FF4DAAC504B5B7E5A1ED2B20F2A3FD98E
S214403340A3F11102D2B2072A3ED9192B7FF4CCAC96
S2144033502622464B1A707047474B5A7E531EDBB2A6
S2144033600F2B0BD9A2F11103DBB2072B0AD9192A6E
S2144033707FF4BAAC20223D4B1A7070471E223B4B5E
S2144033801A7070471F22394B1A7070473A4B5B7E53
S2144033905A1ED2B20F2A0BD9A3F11102D2B2072A73
S2144033A00AD9192B7FF4A0AC2322304B1A707047F1
S2144033B021222E4B1A70704722222C4B1A707047CF
S2144033C024222A4B1A7070472522284B1A707047C1
S2144033D02A4B1B7813F0100F40F0238143F0100364
S2144033E0264A137044E4264A127812F0100F40F032
S2144033F0268142F0100222490A7023F010031F4A29
S21440340013701D4B5B7F012B16D0022B3AD0032B3B
S2144034107FF46AAC184B5B7E5A1ED2B20F2A4BD949
S214403420A3F11102D2B2072A4AD9192B7FF45CAC19
S2144034301D220E4B1A7070470F4B5B7E5A1ED2B23F
S2144034400F2A0BD9A3F11102D2B2072A0AD9192B97
S2144034507FF44AAC1722054B1A7070471522034B6F
S2144034601A7070471622014B1A707047110B0020D5
S21440347090220120190B002008CD0020170B0020B9
S214403480180B0020784B5B7E5A1ED2B20F2A0BD9FF
S214403490A3F11102D2B2072A0AD9192B7FF424AC21
S2144034A01A22724B1A7070471822704B1A70704767
S2144034B019226E4B1A7070471B226C4B1A7070475D
S2144034C01C226A4B1A707047694B5B7813F0400FAA
S2144034D07FF40AAC674B1B7813F0100F3FF404AC34
S2144034E0654A127812F0100F3FF4FEAB22F010023D
S2144034F061490A7023F010035E4A13705A4B5B7F93
S214403500012B16D0022B2ED0032B7FF4EDAB564B5F
S2144035105A7E531EDBB20F2B3FD9A2F11103DBB20A
S214403520072B3ED9192A7FF4DFAB26224F4B1A7061
S21440353070474D4B5A7E531EDBB20F2B0BD9A2F170
S2144035401103DBB2072B0AD9192A7FF4CDAB202210
S214403550464B1A7070471E22444B1A7070471F2203
S214403560424B1A707047404B5A7E531EDBB20F2BAD
S2144035700BD9A2F11103DBB2072B0AD9192A7FF423
S214403580B3AB2322394B1A7070472122374B1A703F
S21440359070472222354B1A7070472422334B1A70DC
S2144035A070472522314B1A707047314A127812F014
S2144035B0400F4FD1304A127812F0100F26D142F009
S2144035C010022D490A7023F010032A4A1370264B26
S2144035D05B7F012B3FF44FAE022B3FF466AE032BCE
S2144035E07FF482AB204B5B7E5A1ED2B20F2A7FF608
S2144035F076AEA3F11102D2B2072A7FF674AE192B2B
S2144036007FF472AB1D22194B1A707047184B1B780B
S21440361013F0400F04D1174B1B78174A127878E600
S2144036207047134A527812F0400F3FF4DCAE104B0E
S2144036305B7813F0400F16D10E4B1B7850E70C4BBF
S2144036405B7813F0400F04D10A4B1B780A4A127875
S2144036504CE77047064B1B7813F0400F02D1054BE2
S2144036601B7850E67047704708CD0020110B0020AD
S21440367090220120170B0020180B0020A14B9B7FA7
S214403680002B52D09F4B93F82030012B22D09D4BDD
S21440369093F82230012B00F09180002B45D1994BB6
S2144036A093F82130012B00F0CD82002B3DD1964B74
S2144036B05B78DB0940F08F83934B5B78DB0940F007
S2144036C00784924B1B7813F0200F40F08F838E4B6D
S2144036D05B78704730B48E4A00238E48012503E05D
S2144036E001336032082B0AD0D17811F0200FF7D082
S2144036F0017805FA03F42143C9B20170F0E7854B1F
S2144037001B788BB17F4B93F82130012B0ED05BB9E1
S2144037107D4B5B78DB0933D17B4B5B78DB0903D190
S214403720794B1B78DB093CD130BC7047764B1B7815
S214403730DB0914D1744B1B78DB09F5D1724B5B78EF
S214403740DB09F1D0744B1B7813F0200FECD002212C
S214403750724A117023F020036F4A1370E4E76A4BF5
S2144037605B78DB09E6D16C4B1B7813F0200FE1D178
S21440377001216A4A117043F02003674A1370D3E769
S214403780614B1B78DB09C7D1634B1B7813F0200FC6
S214403790C2D10121614A117043F020035E4A137082
S2144037A0C2E75D4B1B7813F0200FBDD002215B4A69
S2144037B0117023F02003584A1370B5E7514B93F825
S2144037C02130012B2DD0002BAFD14E4B93F8233018
S2144037D0012B00F04981022B00F09D81032BA4D1E0
S2144037E0494B5B78DB0940F0F581474B5B78DB095A
S2144037F09BD1454B1B78DB0997D0474B1B7813F082
S214403800200F92D03F4AD27F511EC9B20F2900F2F4
S21440381009821221414A117023F020033E4A137058
S2144038207047384B93F82330012B29D0022B00F0F9
S2144038308C80032B7FF479AF334B1B78DB0940F049
S214403840DB80314B1B78DB097FF46FAF2E4B5B7808
S214403850DB093FF46AAF304B1B7813F0200F3FF480
S21440386064AF284AD27F511EC9B20F2900F2EC80BD
S21440387012212A4A117023F02003274A13707047FA
S214403880214B1B78DB091DD11F4B1B78DB097FF4CE
S2144038904CAF1D4B5B78DB093FF447AF1E4B1B78A4
S2144038A013F0200F3FF441AF164AD27F511EC9B2E3
S2144038B00F293BD80C21194A117023F02003164AD1
S2144038C013707047104B5B78DB09DDD1124B1B78C9
S2144038D013F0200FD8D10B4AD27F511EC9B20F2900
S2144038E007D803210D4A117043F020030A4A13708B
S2144038F07047A2F11101C9B2072911D80421074A1D
S2144039001170F1E708CD002090220120170B00200F
S21440391008CA0020140B0020190B0020130B0020AF
S214403920192AE1D10521A44A1170DDE7A2F111015F
S214403930C9B2072903D80D219F4A1170BDE7192A3D
S214403940BBD10E219C4A1170B7E79C4B1B78DB0914
S2144039501DD19A4B1B78DB097FF4E7AE974B5B781B
S214403960DB093FF4E2AE964B1B7813F0200F3FF492
S214403970DCAE944AD27F511EC9B20F292DD80F21F2
S2144039808D4A117023F020038D4A137070478B4B7D
S2144039905B78DB09DDD18A4B1B7813F0200FD8D13A
S2144039A0884AD27F511EC9B20F2907D80621824ABB
S2144039B0117043F02003824A13707047A2F1110140
S2144039C0C9B2072903D807217B4A1170F1E7192AA3
S2144039D0EFD10821784A1170EBE7A2F11101C9B284
S2144039E0072903D81021744A1170CBE7192AC9D188
S2144039F01121714A1170C5E7704B5B78DB097FF483
S214403A0020AF6F4B1B7813F0200F7FF41AAF6D4A30
S214403A10D27F511EC9B20F2907D80921664A1170B4
S214403A2043F02003664A13707047A2F11101C9B2F1
S214403A30072903D80A21604A1170F1E7192AEFD105
S214403A400B215D4A1170EBE7A2F11101C9B20729BB
S214403A5003D81321584A11700DE7192A7FF40BAF8B
S214403A601421554A117006E7544B5B78DB091DD18B
S214403A70524B5B78DB097FF458AE504B1B78DB0922
S214403A803FF453AE4E4B1B7813F0200F3FF44DAE31
S214403A904C4AD27F511EC9B20F292DD80C21464A16
S214403AA0117023F02003464A13707047434B1B782F
S214403AB0DB09DDD1424B1B7813F0200FD8D1414AA9
S214403AC0D27F511EC9B20F2907D803213A4A117036
S214403AD043F020033A4A13707047A2F11101C9B26D
S214403AE0072903D80421344A1170F1E7192AEFD187
S214403AF00521314A1170EBE7A2F11101C9B207293D
S214403B0003D80D212C4A1170CBE7192AC9D10E21B2
S214403B10294A1170C5E7294B5B78DB091DD1274B35
S214403B205B78DB097FF401AE244B1B78DB093FF45E
S214403B30FCAD234B1B7813F0200F3FF4F6AD214A23
S214403B40D27F511EC9B20F292DD80F211A4A1170A3
S214403B5023F020031A4A13707047184B1B78DB0972
S214403B60DDD1174B1B7813F0200FD8D1154AD27FE2
S214403B70511EC9B20F2907D806210F4A117043F0CB
S214403B8020030F4A13707047A2F11101C9B20729EA
S214403B9003D80721084A1170F1E7192AEFD1082106
S214403BA0054A1170EBE7A2F11101C9B207290BD8FB
S214403BB01021014A1170CBE7130B00209022012000
S214403BC0190B002008CD0020192AC1D11121A94A7D
S214403BD01170BDE7A84B1B78DB097FF406AEA74BF8
S214403BE01B7813F0200F7FF400AEA54AD27F511EFB
S214403BF0C9B20F2907D809219E4A117043F0200305
S214403C009E4A13707047A2F11101C9B2072903D822
S214403C100A21984A1170F1E7192AEFD10B21954AEB
S214403C201170EBE7A2F11101C9B2072903D813219D
S214403C30904A1170F0E5192A7FF4EEAD14218D4AB2
S214403C401170E9E58C4B1B78DB090CD18A4B1B784D
S214403C50DB094FD18B4B1B7813F0200F40F0AD8122
S214403C60854B1B787047874B1B7813F0200F40F02E
S214403C70A08143F02003834A1370E7E7804BDB7F45
S214403C805A1ED2B20F2A0BD9A3F11102D2B2072A7A
S214403C900AD9192B7FF449AD1722764B1A70704714
S214403CA01522744B1A7070471622724B1A70704762
S214403CB0734BDB7F5A1ED2B20F2A0BD9A3F11102E7
S214403CC0D2B2072A0AD9192B7FF42FAD1A22694B94
S214403CD01A7070471822674B1A7070471922654B46
S214403CE01A7070471B22634B1A7070471C22614B38
S214403CF01A707047604B1B78DB097FF416AD614B3A
S214403D001B7813F0200F3FF410AD5F4A127812F084
S214403D10200F3FF40AAD22F020025B490A7023F0E0
S214403D202003584A1370564B93F82330012B16D075
S214403D30022B2ED0032B7FF4F8AC514BDB7F5A1E60
S214403D40D2B20F2A3FD9A3F11102D2B2072A3ED9E6
S214403D50192B7FF4EAAC2622464B1A707047484B24
S214403D60DA7F531EDBB20F2B0BD9A2F11103DBB265
S214403D70072B0AD9192A7FF4D8AC20223D4B1A705B
S214403D8070471E223B4B1A7070471F22394B1A70E1
S214403D9070473B4BDB7F5A1ED2B20F2A0BD9A3F19A
S214403DA01102D2B2072A0AD9192B7FF4BEAC2322BD
S214403DB0304B1A70704721222E4B1A7070472222C1
S214403DC02C4B1A70704724222A4B1A7070472522B3
S214403DD0284B1A7070472B4B1B7813F0200F40F07F
S214403DE0238143F02003274A137065E4264A12785D
S214403DF012F0200F40F0248142F0200222490A703F
S214403E0023F020031F4A13701D4B93F82330012BD9
S214403E1016D0022B3AD0032B7FF487AC184BDB7FAF
S214403E205A1ED2B20F2A4BD9A3F11102D2B2072A98
S214403E304AD9192B7FF479AC1D220E4B1A70704765
S214403E400F4BDB7F5A1ED2B20F2A0BD9A3F11102B9
S214403E50D2B2072A0AD9192B7FF467AC1722054B32
S214403E601A7070471522034B1A7070471622014B82
S214403E701A707047130B002090220120190B002067
S214403E8008CD0020170B0020180B0020764BDB7F58
S214403E905A1ED2B20F2A0BD9A3F11102D2B2072A68
S214403EA00AD9192B7FF441AC1A22704B1A7070470E
S214403EB018226E4B1A70704719226C4B1A70704756
S214403EC01B226A4B1A7070471C22684B1A70704748
S214403ED0674B5B78DB097FF428AC664B1B7813F0A6
S214403EE0200F3FF422AC644A127812F0200F3FF4C1
S214403EF01CAC22F0200260490A7023F020035D4A81
S214403F001370594B93F82330012B16D0022B2ED02A
S214403F10032B7FF40AAC544BDA7F531EDBB20F2BD5
S214403F203FD9A2F11103DBB2072B3ED9192A7FF401
S214403F30FCAB26224D4B1A7070474B4BDA7F531E14
S214403F40DBB20F2B0BD9A2F11103DBB2072B0AD938
S214403F50192A7FF4EAAB2022444B1A7070471E227F
S214403F60424B1A7070471F22404B1A7070473E4BA8
S214403F70DA7F531EDBB20F2B0BD9A2F11103DBB253
S214403F80072B0AD9192A7FF4D0AB2322374B1A7055
S214403F9070472122354B1A7070472222334B1A70D5
S214403FA070472422314B1A70704725222F4B1A70C7
S214403FB070472F4A1278D2094CD12F4A127812F005
S214403FC0200F27D142F020022B490A7023F020030D
S214403FD0284A1370244B93F82330012B3FF44EAEFF
S214403FE0022B3FF465AE032B7FF49FAB1E4BDB7F6B
S214403FF05A1ED2B20F2A7FF675AEA3F11102D2B284
S214404000072A7FF673AE192B7FF48FAB1D22174B12
S2144040101A707047164B1B78DB0904D1154B1B787A
S214404020154A127877E67047114A5278D2093FF41B
S214404030DDAE0F4B5B78DB0914D10E4B1B7852E795
S2144040400B4B5B78DB0904D10A4B1B780A4A127883
S2144040504FE77047064B1B78DB0902D1054B1B78B0
S21440406053E67047704700BF08CD0020130B002072
S21440407090220120170B0020180B002070B5ADF5DC
S214404080007D05460E4614466846214B9847B4F5D3
S214404090007F0CD2631E6B44C4F5FF72013214FAE3
S2144040A082F26A44FF2103F8011F9342FBD1B4F524
S2144040B0DA7F03D300BF0DF5007D70BD0122214697
S2144040C03046144B98470028F5D0134A13780DF81D
S2144040D004300DEB040352785A701E2C13D9A31CDF
S2144040E05A4203F01F0302F01F0258BF5342C3F167
S2144040F02003DBB2A21C13FA82F292B2694628462B
S214404100064B9847D7E7C4F11E03DBB2F2E700BF81
S21440411091D341003D894100B8C50020FD8E410045
S21440412070B50E4614461D46023292B24B4B984727
S214404130B4F5DA7F01D300BF70BD00222146304679
S214404140474B984700284AD0013D0C2DF4D8DFE86D
S21440415005F0070C11161B20252A2F333A3E420045
S214404160012130463F4B984770BD022130463D4BBB
S214404170984770BD032130463A4B984770BD04219E
S2144041803046384B984770BD05213046354B9847EA
S21440419070BD06213046334B984770BD07213046E8
S2144041A0304B984770BD082130462E4B984770BD1F
S2144041B030462D4B984770BD30462C4B98470122D1
S2144041C02B4B1A7070BD30462A4B984770BD304610
S2144041D0294B984770BD3046284B984770BD013DE7
S2144041E00C2DA9D8DFE805F0070B0F13171B1F236C
S2144041F0272A303336000020214B984770BD0120D7
S2144042001F4B984770BD02201D4B984770BD03203A
S2144042101B4B984770BD0420194B984770BD05202E
S214404220174B984770BD0620154B984770BD072022
S214404230134B984770BD134B984770BD124B984729
S21440424001220B4B1A7070BD104B984770BD104B37
S214404250984770BD0F4B984770BD00BF958F410083
S2144042603D89410015714000417440008180400006
S214404270640B0020A5704000F1804000096B4000B0
S214404280496F4000A56F4000C56F4000E56F400095
S214404290F96F40002970400030B5ADF5017D012131
S2144042A06846394DA84740F2A91269460020374C67
S2144042B0A04702216846A84740F2A91269464FF433
S2144042C0E070A04703216846A84740F2A912694615
S2144042D04FF46070A04704216846A84740F2A912F0
S2144042E069464FF4A860A04705216846A84740F2B3
S2144042F0A91269464FF4E060A04706216846A847E1
S21440430040F2A91269464FF40C60A0470721684660
S214404310A84740F2A91269464FF42860A0470821F2
S2144043206846A84740F2A91269464FF44460A04741
S2144043306846174B9847242269464FF46060A0476A
S2144043406846144B9847142269464FF46460A04769
S2144043506846114B9847102269464FF46660A0475E
S21440436068460E4B9847802269464FF46860A047DF
S21440437068460B4B9847322269464FF47260A04716
S2144043800DF5017D30BD00BFB17240007D4040005C
S2144043908D744000C9804000C57040004581400093
S2144043A0096C400010B5ADF5007D012340F2A9121E
S2144043B0694600202A4CA047022340F2A9126946CB
S2144043C04FF4E070A047032340F2A91269464FF429
S2144043D06070A047042340F2A91269464FF4A860D3
S2144043E0A047052340F2A91269464FF4E060A04773
S2144043F0062340F2A91269464FF40C60A0470723F3
S21440440040F2A91269464FF42860A047082340F2BC
S214404410A91269464FF44460A047092324226946FE
S2144044204FF46060A0470A23142269464FF4646044
S214404430A0470B23102269464FF46660A0470C2322
S214404440802269464FF46860A0470D2332226946B1
S2144044504FF47260A047034B98470DF5007D10BDA2
S21440446021414000816A4000074B5B8B5BB1013BBA
S2144044709BB2054A538333B91346127842F0020280
S2144044801A7064225A8370470C000020064B9B8BA0
S21440449043B1013B9BB2044A93831BB9137843F064
S2144044A004031370704700BF0C00002008B5034B90
S2144044B098473222024B9A8308BD00BF01914100C3
S2144044C00C00002001280CD002280CD005280CD067
S2144044D004280CD006280CD007280CBF0520002046
S2144044E07047002070470120704702207047032025
S2144044F07047042070470000084B1B7883420BD05F
S214404500074A012312F8011B814203D00133DBB274
S214404510102BF7D1184670470023FBE7BCC5002098
S214404520BDC50020554B03EBC0035B7813F0100F5E
S21440453000D1704710B5514B03EBC003DB7813F046
S214404540400F06D14D4B03EBC0031B79DB094FD11F
S21440455010BD4B4B13F8203013F0020F30D1484BB0
S21440456013F8203013F0010FF2D1444B03EBC00395
S2144045705A786FF304125A70DA786FF38612DA704C
S2144045805A78404991F8A6403F490C703F494C78CC
S2144045906FF386144C703E4C217841F00101217037
S2144045A002F0DF0242F080025A709A7842F001022E
S2144045B09A703623374A03FB00200023838610BDBB
S2144045C02E4B03EBC0035A7842F020025A702F4B12
S2144045D09A786FF345129A702F4B185C2F4B98477A
S2144045E04FF4AA732E4A03FB002300229A7410BD90
S2144045F0234B13F8203013F0020F32D1204B13F820
S214404600203013F0010FA3D1204B9B7813F0200FDE
S2144046109ED1244B1B7813F0200F99D1224B1B7848
S21440462013F0020F94D1194BDB7813F0010F8FD1A2
S214404630124B03EBC000437803F0EF036FF34513D0
S214404640437003796FF3C71303710F4B0D4A92F80B
S214404650A6205A70012283F831200020134B984739
S21440466010BD064B03EBC000437843F02003437075
S214404670064B9A786FF345129A7010BD5CD10020B5
S214404680ECC5002094000020E4D10020DCD10020BE
S2144046900C000020F8CD0020BCC500200997400043
S2144046A01CD20020A4CD002084CD0020B59C400024
S2144046B02DE9F843A84FA94EA94D5CE0A94C2378B4
S2144046C06FF3451323700022A74B9A83A748A84B45
S2144046D0984794F8A600A74B98470446A64B984799
S2144046E0A64B03EBC403DB7813F0040F03D10A2276
S2144046F09D4B5A8355E0A14B03EBC404E3786FF31C
S2144047008203E370F3E7984B0022DA701A7842F09F
S21440471001021A7053E013F0100F0CD0914B5A78E8
S2144047206FF304125A70904A137803F0FE0343F076
S2144047300803137043E08C4B1B7813F0040F3ED0F5
S214404740894A137803F0FA0343F00803137036E0FF
S214404750844B1A786FF3C7121A70834A137843F063
S2144047600103137000231A4619462868844CA04754
S2144047700120844B98473846B04700234FF0FF321D
S21440478019462868804CA0470028F1D03846B047E4
S2144047907E4B1B78002BE5D1724B1B7813F0200F15
S2144047A08CD1704B5B7813F0080FB4D06D4B5A78B1
S2144047B06FF3C3025A706C4BDB78002BA3D1694B66
S2144047C01B7813F0800FC3D113F0400F00F04C82DB
S2144047D0644B1A786FF386121A706D4B1B7813F081
S2144047E0040F1CD0604AD37B0133DBB2D373684AD4
S2144047F052789A42B6D85C4C0023E373644A1178E8
S21440480063F382011170634A917863F345119170A6
S214404810614B9847237843F001032370A2E713F0D7
S214404820080F1AD0504AD37B0133DBB2D373584AB1
S21440483052789A4296D84C4B0022DA7354490878FC
S21440484062F3C30008705349887862F34510887055
S2144048501A7842F001021A7084E7434B5B7813F0F3
S214404860040F1DD0404A537C0133DBB253744B4A8D
S21440487092F831209A423FF675AF3B4C0023637462
S214404880627863F382026270424A917863F345111C
S2144048909170414B9847237843F00103237061E7BA
S2144048A013F0080F19D0304A537C0133DBB25374EF
S2144048B03A4A92F831209A423FF654AF2A4B0021AA
S2144048C059745A7861F3C3025A70324A137943F0E6
S2144048D040031371324B984744E713F0200F1DD026
S2144048E0214AD37C0133DBB2D3742C4A92F8312070
S2144048F09A423FF637AF1C4C0023E374627863F36A
S21440490045126270234A917863F345119170224BA9
S2144049109847237843F00103237023E713F0100FE2
S21440492040D0114AD37C0133DBB2D3741B4A92F891
S21440493031209A423FF616AF0B4B0021D9745A7875
S21440494061F304125A70134A137943F0400313710B
S214404950134B984706E700BF50180E40A9EF40009B
S2144049606C280120940000200C000020E82701203D
S21440497049A64100F9444000B5D840005CD100202B
S214404980EDF74000890041006DF940006A0B0020B9
S214404990A4CD0020DCD10020B18A4000E4D1002024
S2144049A085A4400013F0400F1BD0A34A537D01332B
S2144049B0DBB25375A14A92F831209A423FF6D2AE06
S2144049C09D4B00225A75197841F0010119705978AB
S2144049D062F3861159709A4B997862F34511997033
S2144049E0C0E6974B9B7813F0100F57D0924B9B78AE
S2144049F013F0010F52D0904AD37D0133DBB2D3750A
S214404A008E4A92F831209A423FF6ACAE8A4B00244A
S214404A10DC759A7864F300029A70894A937803F0BA
S214404A20EF0364F345139370844B1878854B98478F
S214404A304FF4AA73844A03FB00239C74834B1B7871
S214404A40012B14D17E4B1A7842F003021A709A78E2
S214404A5042F020029A70784B9C71794B1A7942F05A
S214404A6004021A719A7842F080029A707AE6724B83
S214404A7093F90130002B0BDA6F4C63786FF3C71352
S214404A806370734B9847237843F001032370E4E741
S214404A90694A137843F001031370DEE7684B5B788E
S214404AA013F0040F63D0644AD37A0133DBB2D37277
S214404AB0624A92F831209A423FF654AE00215E4B4D
S214404AC0D9725F4B5A7861F382025A70DB7813F0E2
S214404AD0200F0ED05A4BDA786FF34512DA709A7878
S214404AE06FF345129A70544A137843F001031370DB
S214404AF038E6534B5B7813F0080F0ED0504B5A787D
S214404B006FF3C3025A709A786FF345129A704A4A06
S214404B10137843F00103137024E613F0400F18D0C7
S214404B20474B5A786FF386125A709A786FF345124D
S214404B309A70414A137843F0010313703F4B18783C
S214404B40444B98473623444A03FB002300229A8668
S214404B5008E6424B9847394B18783A4B98474FF4FB
S214404B60AA73394A03FB002301229A74FAE5344AB1
S214404B7092F90020002A32DA314B1A786FF3C712C6
S214404B801A70374B93F8A600324B9847354B03EBD9
S214404B90C003DB7813F0400F10D0324B03EBC0035A
S214404BA05A7842F010025A70DA786FF3C712DA7009
S214404BB0214A137843F001031370D3E51E4A137855
S214404BC043F001031370274B03EBC0031A7942F0FE
S214404BD080021A715A7842F010025A70C2E513F0F9
S214404BE0010F3FF4BFAD1E4B93F8A600194B9847F4
S214404BF01C4B03EBC000037943F0800303714378FA
S214404C0043F0100343700C4A537E0133DBB25376B5
S214404C100A4A92F831209A423FF6A4AD064B00204D
S214404C205876074A517860F3000151701A7842F07E
S214404C3001021A7096E500BF0C000020E4D1002067
S214404C40DCD10020099740001CD200200A0000203A
S214404C50B18A4000F9444000F8CD0020DDA4400071
S214404C60940000205CD10020694B5B7813F0040F61
S214404C704DD113F0010F3FF475AD654C63786FF37B
S214404C800003637094F8A600624B98478046624AD9
S214404C9012F8203094F89A1061F3000394F89B10B1
S214404CA061F3410394F89C1061F3820394F89D10DD
S214404CB061F3C30394F89E1061F3041394F89F10B5
S214404CC061F3451302F82030544B9847544B1B78F9
S214404CD013F0020F17D0534AD3790133DBB2D371A6
S214404CE0514A92F831209A420DD800224D4BDA7143
S214404CF04B4A137803F0FD0343F010031370137907
S214404D0013F0400F72D04046484B98472AE5DFF8EC
S214404D10008198F801306FF3820388F8013098F8E4
S214404D20A6003C4B984781463B4C04EB800498F8E1
S214404D30A330637098F8A430A370384B9847E27855
S214404D4063789A4203D03A4B98476278E270324B87
S214404D5003EB89035B78012B24D0314B1B7813F08F
S214404D60080F3FF4FFAC2F4A537A0133DBB253723D
S214404D702D4A92F831209A423FF6F4AC0021294B56
S214404D805972274A137843F0200361F3C303137024
S214404D90137913F0400F18D0224A137843F00103DA
S214404DA01370DFE4234B03EBC9031B7913F0020FA8
S214404DB0D3D0204B03EBC90999F804306FF3410375
S214404DC089F804301C4B9847C7E7134692786FF330
S214404DD045129A70144B1878184B98474FF4AA739C
S214404DE0174A03FB002300229A74D5E713469278AD
S214404DF06FF345129A700C4B1878104B98474FF447
S214404E00AA730F4A03FB002300229A747BE700BF75
S214404E1094000020F9444000ECC50020B5D840007E
S214404E20DCD100200C000020E4D1002025454000C5
S214404E3045A440005CD10020259F400009974000D3
S214404E401CD2002010B4274B9A7812F0080F00D0DE
S214404E5000BF244B1B7813F0010F06D022494C7834
S214404E6044F001044C7081F8A60013F0040F06D0FD
S214404E701D494C7844F004044C7081F8A60019494A
S214404E80497812F0100F06D0174A147844F04004C0
S214404E90147082F8A60011F0040F06D0124A11785A
S214404EA041F04001117082F8A60013F0800F11D136
S214404EB00E4B5B7813F0400F06D00B4B1A7842F03F
S214404EC040021A7083F8A6000022094B1A705DF85B
S214404ED0044B7047044B1A7842F040021A7083F82D
S214404EE0A600E5E7DCD10020940000200C0000205E
S214404EF04BC500202DE9F04383B0B24A0023FF247F
S214404F001046947010F8231041F0030100F8231067
S214404F10547001330432102BF3D1AB4B03F1FF0135
S214404F20FF2203F8012F9942FBD1A84FA84EA94D66
S214404F308EE2A94B1A786FF3C3021A7093F8038077
S214404F4008F10104E4B2DC70A44BDB7813F0040FE4
S214404F5040F054820123A14901EBC302D27812F0FB
S214404F60040F40F04B820133102BF5D1032C40F256
S214404F705682994C4FF0000884F803806079984B2D
S214404F809847237843F0010368F30413237060794D
S214404F90944B9847914B03EBC000C37843F004030F
S214404FA0C37043E28C4C23786FF341032370A27B9B
S214404FB08D4B1344D97835208C4B9847A37B0133CF
S214404FC0DBB2A373012B11D0874A52789A4207D896
S214404FD00021814B9973844B1A7861F300021A7052
S214404FE07D4A137843F0100313701FE20021E173EB
S214404FF0EAE712F0020F00F04D8213F0020F00F0C5
S2144050004982754C23786FF341032370A27B764B1D
S2144050101344D9783A20754B9847A37B0133DBB2CB
S214405020A373012B11D0704A52789A4207D80021B8
S214405030694B99736C4B1A7861F341021A70664A51
S214405040137843F010031370F0E10021E173EAE7B0
S214405050614C23786FF341032370227C644B1344E6
S21440506059783820614B9847237C0133DBB2237450
S214405070012B11D05E4A92F831209A4206D8564B00
S214405080002119741A7861F3C7121A70524A1378BD
S21440509043F010031370C9E100216174EAE74E4CF7
S2144050A023786FF341032370A27C514B1344597805
S2144050B037204E4B9847A37C0133DBB2A374012BB9
S2144050C011D04B4A92F831209A4206D8424B0021E2
S2144050D099745A7861F300025A703F4A137843F045
S2144050E010031370A2E10021E174EAE73A4C2378FA
S2144050F06FF341032370227D3D4B134459783D2086
S2144051003A4B9847237D0133DBB22375012B11D0F0
S214405110374A92F831209A4206D82F4B002119750B
S2144051205A7861F341025A702B4A137843F01003C1
S21440513013707BE100216175EAE7274C237803F082
S214405140DF036FF34103237001213B20274B984731
S214405150237843F01003237068E11F4C237803F054
S214405160BF036FF341032370012165201F4B98470F
S214405170237843F01003237058E1174C23786FF3DD
S21440518041032370A2791A4B134459786520174B74
S2144051909847A3790133DBB2A371012B2CD0144A74
S2144051A092F831209A4207D800210B4B9971114B47
S2144051B01A7861F300021A70074A137843F0100316
S2144051C0137033E1200B00209922012050180E4026
S2144051D0A9EF40006C2801200C0000205CD1002084
S2144051E0454E4000F9444000A4CD002011AC41009B
S2144051F0E4D10020DCD100200021E171CFE7744CDF
S21440520023786FF341032370227A724B1344597804
S2144052103B20714B9847237A0133DBB22372012B34
S21440522012D06C4A92F831209A4207D80021684B37
S21440523019726A4B1A7861F382021A70644A1378BC
S21440524043F010031370F1E000216172E9E7604C0F
S21440525023786FF341032370DFF8808198F800309D
S2144052606FF3861388F800305A4B18780021009167
S2144052700B460222DFF88091C84798F8003043F08A
S214405280800388F80030237843F010032370CDE085
S214405290524A527812F0020F2BD013F0020F00F051
S2144052A02E814B4C23786FF341032370A27A494BEF
S2144052B0134459783620484B9847A37A0133DBB2DB
S2144052C0A372012B12D0434A92F831209A4207D853
S2144052D000213F4B9972414B5A7861F341025A7014
S2144052E03B4A137843F0100313709FE00021E172AD
S2144052F0E9E73A4A527912F0010F00F0068113F0BE
S214405300020F37D0324C23786FF341032370227E4E
S214405310304B13445878002100910B460222DFF8A8
S214405320D880C047237E0133DBB22376012B12D0D0
S214405330284A92F831209A4207D80021244B197601
S214405340264B5A7961F300025A71214A137843F08A
S214405350100313706AE00021617620494A7842F0D3
S21440536001024A70E4E70021E175A17841F00101AD
S214405370A170E7E003F00303032B57D1144B1A78D0
S2144053806FF341021A70164C22781649895C1971DF
S2144053906020114B984723780133DBB22370124AC2
S2144053A012789A4201D800222270094A137843F0B4
S2144053B0100313703AE0064B1A786FF304121A7013
S2144053C00A4882785A710A4B19780A4B984736E051
S2144053D00C000020E4D1002011AC4100DCD10020BC
S2144053E01F0B00202CC600201E0B00206427012027
S2144053F04CC50020AD444000B1AE41005B4B5879EF
S2144054005B4B98475B4B03EB80004378072B7FF45E
S214405410ADADA8F11303DBB2EB2B7FF6AAAD534A32
S214405420137803F0FD0343F0100313704F4B1B78C3
S21440543013F0100F03D0504B1B78002BBBD000232B
S2144054401A46194628684D4CA04701204C4B9847B1
S2144054503846B04700234FF0FF3219462868494C7B
S214405460A0470028F1D03846B047474B1B78002B62
S214405470E5D13E4B1B7803F00A020A2A3FF459ADA9
S214405480424A127812F0010F3FF4B3AD13F0020F08
S2144054907FF488AD03F08202822A3FF4D9AD334AC6
S2144054A0128802F48171B1F5817F3FF4F8AD40F285
S2144054B0022131EA02023FF419AE03F02202222A08
S2144054C03FF43BAE03F04202422A3FF446AE304A37
S2144054D0127812F0010F03D013F0020F7FF44DAE96
S2144054E012F0040F03D013F0020F7FF488AE12F0D0
S2144054F0400F3FF4CDAE13F0020F7FF4A8AE244A1F
S214405500527912F0010F7FF435AF214A927812F0AB
S214405510080F3FF42FAF13F0020F3FF42BAF134C9E
S21440552023786FF341032370A27D1A4B13445978B6
S2144055303A20194B9847A37D0133DBB2A375012B64
S2144055403FF411AF134A92F831209A4207D800210F
S214405550064B99750E4B9A7861F3C3029A70034ACC
S214405560137843F01003137060E700BF0C00002070
S214405570F9444000ECC500204BC50020EDF7400044
S214405580890041006DF940006A0B0020A4CD002040
S214405590DCD10020E4D1002011AC41002DE9F047D9
S2144055A0234900230C46234E4FF0010903274FF0B2
S2144055B0020E214D9A464FF008084FF0070C0FE0B8
S2144055C006F803E016E014F8232012F0020F11D07C
S2144055D006F803900EE02A5401330431102B25D0F0
S2144055E0184614F8232012F0010FECD112F0020FE7
S2144055F0E6D1F7544A78042AEDD0062A0AD0032A80
S2144056000BD0072A0CD0012A0DD0022A08BF05F875
S21440561000A0E1E705222A54DEE706222A54DBE70B
S21440562005F800C0D8E705F80080D5E7BDE8F08764
S214405630ECC500202CCD00203CCD0020F0B400214D
S214405640104B1970104B1970104D05F110062B4673
S2144056500F48104F04E0825C03F8012BB34208D099
S2144056605A1B845C002CF6D0845C7C540131C9B251
S214405670F1E709B1044B19701022024B1A70F0BCC6
S214405680704700BF1D0B00201E0B0020BCC500202D
S214405690F8C900202CC600200F4B9B7803F060030F
S2144056A0402B00D070470C4B9A786FF386129A7056
S2144056B000230A4902E00133102BF3D001EBC3026A
S2144056C0D27812F0040FF6D001EBC302D0786FF315
S2144056D00410D070EFE700BFDCD100205CD1002082
S2144056E00D4B1B889BB2C34013F0010F11D110B471
S2144056F0012303FA00F1084CD8B234F8132092B2D2
S2144057000A4203D10133082BF6D1FF205DF8044B43
S21440571070470020704700BF6CCD0020084B1A78B9
S2144057206FF300021A705A7842F042025A70002212
S2144057301A75044A937843F020039370704700BF6D
S2144057400C000020DCD10020094B1A7802F0FE0243
S21440575042F080021A7007498A7842F020028A7026
S21440576000221A745A7842F004025A70704700BFFA
S2144057700C000020DCD10020094B1A7802F0FE0213
S21440578042F080021A7007498A7842F020028A70F6
S21440579000221A745A7842F008025A70704700BFC6
S2144057A00C000020DCD10020084B1A786FF3000272
S2144057B01A705A780648817841F02001817000219D
S2144057C0997442F011025A70704700BF0C000020D6
S2144057D0DCD10020084B1A786FF300021A705A7812
S2144057E00648817841F0200181700021997442F08A
S2144057F021025A70704700BF0C000020DCD1002008
S214405800194B03EB80035B78012B03D0072B01D0A9
S21440581000207047154B03EBC003DB78DB091BD138
S214405820124B03EBC0035B7813F0200F16D10F4BDF
S21440583003EBC0039B7813F0010F11D10B4B03EB26
S214405840C0035B7813F0100F0CD1074B13F8200001
S214405850C04300F0010070470020704700207047AA
S2144058600020704700207047ECC500205CD1002027
S2144058702DE9F04F85B000230093019302930393E4
S214405880244B98470446244B984707462046234BCC
S2144058909847064680B300242646DFF88C80DFF81B
S2144058A07CA0DFF888B0DFF8889002E00134102C46
S2144058B021D0E0B238F817309BB2E34013F0010F26
S2144058C0F4D0D0470028F1D0731CDAB204AB1E44A3
S2144058D014F80B3006F8103C19F8043013F0010F9A
S2144058E00EBF43F0010319F804306FF3000309F8C4
S2144058F004301646DAE71EB9304605B0BDE8F08FEC
S214405900074C324669462046064B984784F8306036
S214405910F2E700BFF9444000E1564000015840001D
S214405920E5D1002091D341006CCD0020BCC50020BD
S2144059303CC60020F8B50022114B83F83120114BAD
S2144059401B78E3B114460F4D0F4F104E04E0013460
S214405950E4B22B78A34212D92B195878B84706EBF5
S21440596080004378062BF2D0054B93F83120511C2B
S21440597083F8311013442A1952785A70E7E7F8BD75
S214405980E4D10020E4CD0020F9444000ECC50020DE
S21440599000221A4B83F83120194B1B7863B32DE94C
S2144059A0F0411446164DDFF86080164E04E0013490
S2144059B0E4B22B78A3421DD927462B195878C04706
S2144059C006EB80035B78053BDBB2012BEFD916F87C
S2144059D0203013F0010FEAD113F0020FE7D1074B46
S2144059E093F83120511C83F8311013442F447A78B1
S2144059F05A70DCE7BDE8F081704700BFE4D1002074
S214405A00E4CD0020ECC50020F9444000F8B5002263
S214405A10114B83F83120114B1B78E3B114460F4DE0
S214405A200F4F104E04E00134E4B22B78A34212D953
S214405A302B195878B84706EB80004378062BF2D0EF
S214405A40054B93F83120511C83F8311013442A1922
S214405A5052785A70E7E7F8BDE4D10020E4CD002044
S214405A60F9444000ECC50020F8B50022114B83F8FD
S214405A703120114B1B78E3B114460F4D0F4F104E9B
S214405A8004E00134E4B22B78A34212D92B1958789B
S214405A90B84706EB80004378012BF2D1054B93F8CC
S214405AA03120511C83F8311013442A1952785A7009
S214405AB0E7E7F8BDE4D10020E4CD0020F9444000FB
S214405AC0ECC5002008B5054B9847054B13F8203029
S214405AD0C3F34013034A137008BD00BFF9444000A7
S214405AE0ECC500201C0B00200022014B1A707047AA
S214405AF01C0B002038B504461C4A537943F0020379
S214405B0053711B4B984720461A4B984705461A4BED
S214405B1098471A4B1B7803B938BD194B9847194B11
S214405B2093F8313013B9184B9847F5E7174A535D49
S214405B3043F0010303F0FB036FF3C3035355144DC7
S214405B402B7843F030032B702046124B984728445E
S214405B50002343702046104B984720460F4B9847EB
S214405B600F4A537843F08003537038BDDCD1002091
S214405B7079874000099740001D9C4000E4CD0020F6
S214405B800D5A4000E4D10020B18A40007CCD002070
S214405B9084CD0020F9444000C55A4000B59C4000E2
S214405BA00C000020F0B400254F1E00E03546BD42F4
S214405BB010DA6E1CF6B2B142F8D9334605442A785C
S214405BC0C45CA24284BF2C70C2540133DBB29942FB
S214405BD0F5D1EBE7F0BC7047012934D9F8B500AFF2
S214405BE0024601F1FF3CCB1D23F00703ADEB030D4E
S214405BF06E46BCF1000F28DD00231D4603E001334E
S214405C00DBB29C450ADDD45C02EB030E9EF801E055
S214405C10A645F4D0681C7455C5B2F0E76B1C501806
S214405C2010F8011C715513F0FF000AD0741E013A9B
S214405C30002314F8015F02F8015F0133DBB28342B0
S214405C40F7D3BD46F8BD08467047014411F8013CFD
S214405C508DF800300120E9E770B588B004462B4B3C
S214405C60984708B908B070BD2046294B9847294B3D
S214405C701B5C13F0010F1DD1274B5B7913F0080F07
S214405C8014D0254B5A796FF3C3025A712022002153
S214405C906846224B9847224B93F831506DB92046C0
S214405CA0204B98471E4B93F8314084B900201E4B3A
S214405CB09847D7E71D4B9847D4E75E1C2A4631469F
S214405CC068461B4B9847002386F83030E7E7224665
S214405CD0591C0DEB0500164B98472544EDB21F2D79
S214405CE00AD900BF00BF134C2A4669462046104BCF
S214405CF0984784F83050D9E7294668460E4B98476F
S214405D00294668460D4B98470546ECE771584000D3
S214405D10F94440003CC60020DCD10020C5D44100F8
S214405D20E4D100202D9A4000B59C40001D5740000D
S214405D3091D34100E5D10020A55B4000D95B4000EF
S214405D4038B55D4B1B78012B0ED05C4B1B78012B76
S214405D5049D05B4B1B78012B00F08480594B1B7855
S214405D60012B00F0888038BD574B9B7813F0200FEE
S214405D70EFD1564B1B7813F0200FEAD100224E4B42
S214405D801A70534B93F8A640524B98472046524BB6
S214405D9098470546514B9847514B1B78002BE2D00D
S214405DA0504B9847504B93F83130CBB14F4A535DE8
S214405DB043F0050353554E4D2B7843F004032B70A8
S214405DC020464C4B98472844012343702B7843F099
S214405DD002032B702046484B9847484B984738BD9F
S214405DE0474B984738BD384B9B7813F0200FB0D1BF
S214405DF0364B1B7813F0200FABD13D4B1B7813F07E
S214405E00020FA6D100222D4B1A70314B93F8A640B4
S214405E10304B98472046304B984705462F4B98477F
S214405E202F4B1B78002B9ED0364B98472E4B93F823
S214405E303130A3B12D4A535D43F00A0353552C4AE3
S214405E40137843F0040313701F4AD37843F00103DA
S214405E50D3702046284B98472B4B984738BD284B45
S214405E60984738BD0022164B1A70194B93F8A60077
S214405E70264B984738BD144B9B7813F0200F7FF481
S214405E8072AF124B1B7813F0200F7FF46CAF184B99
S214405E901B7813F0020F7FF466AF0B4BDB7813F0E2
S214405EA0010F7FF460AF0022064B1A70084B93F840
S214405EB0A600174B984756E73BC5002036C500203E
S214405EC03DC500203CC50020DCD10020A4CD0020EC
S214405ED09400002079874000099740001D9C4000B0
S214405EE0E4CD002035594000E4D100207CCD002090
S214405EF084CD0020F9444000C55A40004957400030
S214405F00B18A400091594000D5574000595C400046
S214405F10F55A400030B5EFB07A4B1B78232B6FD044
S214405F20794B1B7843B3794B1B78002B40F00C81A0
S214405F30774B93F8B331822B1AD1764A6B4607CA11
S214405F4003C31A70744B0DF10B0203F1140013F8DF
S214405F50011F02F8011F9842F9D114226F4903A885
S214405F606F4B9847002800F096800022674B1A70C7
S214405F70654B1B78002B41D16A4B1B7833B96A4B73
S214405F801B781BB9694B1B78002B37D0684B2322F4
S214405F901A700A22A3F8B421002159709A7001227F
S214405FA0DA7002221A71574A52795A715D4B1B7841
S214405FB0002B00F0298501225D4B9A7107235C482F
S214405FC02422C254012208215A4B984768B1584BA4
S214405FD0B3F8B4211344584A117803F8031C527896
S214405FE003F8022C242203F8012C0023464A13709F
S214405FF04C4A13704C4A13704C4A13706FB030BD05
S2144060004E4B1D88424C2A463E4920464C4B9847AC
S2144060106278A37843EA0223A4F8B4319D4203D0C1
S2144060200122414B1A707BE7E278022A03D0012214
S2144060303E4B1A7074E72279012A03D001223B4B6B
S2144060401A706DE7617984F8B311581E225C242AD1
S21440605003D00122354B1A7062E7D91E2246645C93
S21440606024255554991E555C15545454B3F5DA7F7F
S21440607003D301222B4B1A7052E7002224482D4BA3
S214406080984700283FF44CAF01221F4B1A7000225D
S2144060902C4B1A6047E701221C4B1A70244B2321D5
S2144060A019701321A3F8B41158709970DA7002224F
S2144060B01A71822203F8052F0DF1FF3202A812F85A
S2144060C0011F03F8011F9042F9D119480023C373FA
S2144060D02423037401221121164B984768B1144BB0
S2144060E0B3F8B4211344144A117803F8031C5278C9
S2144060F003F8022C242203F8012C0022024B1A70CB
S21440610036E700BF24C10020650B0020600B00204E
S21440611008C80020680442000DC8002074044200ED
S2144061205DD74100610B0020630B0020620B00200E
S2144061304CC600203D894100B8C500201EC1002045
S21440614091D34100700B00208B4B1B78DBB2012BA8
S2144061507FF454AF894B93F8B331013B812B00F267
S2144061602D84DFE813F08200C40019015A019E0115
S214406170D40116024E02AB02E1022A032B042B0482
S2144061802B042B042B042B042B042B042B042B0452
S2144061902B042B042B042B042B042B042B042B0442
S2144061A02B042B042B042B042B042B042B042B0432
S2144061B02B042B042B042B042B042B042B042B0422
S2144061C02B042B042B042B042B042B042B042B0412
S2144061D02B042B042B042B042B042B042B042B0402
S2144061E02B042B042B042B042B042B042B042B04F2
S2144061F02B042B042B042B042B042B042B042B04E2
S2144062002B042B042B042B042B042B042B042B04D1
S2144062102B042B042B042B042B042B042B042B04C1
S2144062202B042B042B042B042B042B042B042B04B1
S2144062302B042B042B042B042B042B042B042B04A1
S2144062402B042B042B042B042B042B042B042B0491
S2144062502B042B042B042B042B042B042B042B0481
S2144062602B042B046103A603DD03454C2323237034
S2144062702523A4F8B43100226270A3700123E37092
S2144062800222227104F8053F03A83E4B98470DF1C1
S2144062900B030DF1260113F8012F04F8012F994244
S2144062A0F9D1374B002283F82120242283F822207C
S2144062B0B3F8B411B1F5DA7F03D30022324B1A702B
S2144062C05AE6012202391846304B98470028F4D047
S2144062D02B4BB3F8B42113442D4A117803F8031C12
S2144062E0527803F8022C242203F8012CE5E7244CCC
S2144062F02323237040F2B313A4F8B4310123637010
S214406300B322A270E3700223237104F8053F1B4BAF
S214406310997903A81F4B98470DF10B036DA913F805
S214406320012F04F8012F8B42F9D1154B002283F838
S214406330AF21242283F8B021B3F8B411B1F5DA7F47
S21440634004D300BF0022104B1A7015E60122023912
S21440635018460E4B98470028F4D0094BB3F8B421A2
S21440636013440B4A117803F8031C527803F8022CA6
S214406370242203F8012CE5E7600B002008C8002023
S2144063804CC60020DD704000650B00203D89410072
S214406390B8C50020B1724000BB4B0DF10B0203F2B2
S2144063A0A91013F8011F02F8011F8342F9D19DF886
S2144063B00C1003A8B54B98479DF80C000138C0B2A6
S2144063C0B34B9847B348232303700B22A0F8B4215D
S2144063D00023437082700122C270022101710321A2
S2144063E041719DF80C108171C371242303720921F9
S2144063F0A94B984768B1A74BB3F8B4211344A74AB2
S214406400117803F8031C527803F8022C242203F870
S214406410012C0022A24B1A70AEE59E4C232323701B
S2144064202E23A4F8B43100226270A3700123E370D7
S21440643002232371042304F8053F03A8994B984789
S2144064400DF10B030DF12F0113F8012F04F8012F66
S2144064509942F9D18F4B002283F82A20242283F8D0
S2144064602B20B3F8B411B1F5DA7F04D300BF002275
S2144064708B4B1A7080E5012202391846864B9847A6
S2144064800028F4D0834BB3F8B4211344834A1178E0
S21440649003F8031C527803F8022C242203F8012C3C
S2144064A0E5E7794B0DF10B0203F1240013F8011FC9
S2144064B002F8011F8342F9D103A87B4B98477548E1
S2144064C0232303700A22A0F8B4210023437082706D
S2144064D00122C2700221017105214171837124237A
S2144064E0C37108216C4B984768B16A4BB3F8B42126
S2144064F013446A4A117803F8031C527803F8022CB6
S214406500242203F8012C0022654B1A7034E5614CB6
S214406510232323701E23A4F8B43100226270A37094
S2144065200123E37002232371062304F8053F03A8E2
S2144065305E4B98470DF10B030DF11F0113F8012F29
S21440654004F8012F8B42F9D1524B00229A7624222E
S214406550DA76B3F8B411B1F5DA7F04D300BF00227F
S2144065604F4B1A7008E50122023918464A4B9847A5
S2144065700028F4D0474BB3F8B4211344474A117867
S21440658003F8031C527803F8022C242203F8012C4B
S214406590E5E73D4B0DF10B0203F1140013F8011F24
S2144065A002F8011F8342F9D103A8414B98470122C4
S2144065B0404B1A703748232303700A21A0F8B411C1
S2144065C0002343708170C27002210171072141711E
S2144065D083712423C37108212F4B984768B12D4BF4
S2144065E0B3F8B42113442D4A117803F8031C5278AB
S2144065F003F8022C242203F8012C0022284B1A70A0
S214406600BAE4244C232323701A23A4F8B43100227E
S2144066106270A3700123E370022323710823637121
S21440662003A8254B98470DF10B03A21D0DF11B0047
S21440663013F8011F02F8011B9842F9D1154B0022AE
S2144066409A752422DA75B3F8B411B1F5DA7F04D31B
S21440665000BF0022124B1A708EE4012202391846FF
S2144066600D4B98470028F4D00A4BB3F8B421134496
S2144066700A4A117803F8031C527803F8022C2422A5
S21440668003F8012CE5E700BF0DC800201571400057
S214406690999740004CC600203D894100B8C500206F
S2144066A0650B00208D74400041744000C980400056
S2144066B081804000640B0020C5704000C34B0DF144
S2144066C00B0203F1100013F8011B02F8011F83426E
S2144066D0F9D103A8BE4B9847BE48232303700A222D
S2144066E0A0F8B4210023437082700122C2700221B8
S2144066F001710921417183712423C3710821B64B6E
S214406700984768B1B34BB3F8B4211344B34A1178F1
S21440671003F8031C527803F8022C242203F8012CB9
S2144067200022AF4B1A7027E4AA4C232323708A23F7
S214406730A4F8B43100226270A3700123E3700223F0
S21440674023710A2304F8053F03A8A64B98470DF18A
S2144067500B01062200E01A46531C9BB211F8010FAB
S21440676004F8010F862BF6D19A49002381F886302B
S214406770931C9BB22422CA54B1F8B411B1F5DA7F07
S21440678005D300BF0022964B1A70FFF7F5BB0122D7
S21440679002399048904B98470028F3D08D4BB3F879
S2144067A0B42113448D4A117803F8031C527803F839
S2144067B0022C242203F8012CE4E78B4B0DF10B024C
S2144067C003F1800013F8011F02F8011F8342F9D13C
S2144067D003A8864B98477F48232303700A22A0F8D5
S2144067E0B4210023437082700122C27002210171DD
S2144067F00B21417183712423C3710821764B98473E
S21440680068B1744BB3F8B4211344744A117803F852
S214406810031C527803F8022C242203F8012C002291
S2144068206F4B1A70FFF7A8BB6A4C232323703C2398
S214406830A4F8B43100226270A3700123E3700223EF
S2144068402371802304F8053F03A8694B98470DF150
S2144068500B030DF13D0113F8012F04F8012F994267
S214406860F9D15C4B002283F83820242283F8392063
S214406870B3F8B411B1F5DA7F05D300BF0022584B08
S2144068801A70FFF779BB012202391846524B9847D7
S2144068900028F3D04F4BB3F8B42113444F4A117835
S2144068A003F8031C527803F8022C242203F8012C28
S2144068B0E4E74D4B0DF10B0203F1320013F8011FD4
S2144068C002F8011F9842F9D103A84A4B984741481D
S2144068D0232303700A22A0F8B42100234370827059
S2144068E00122C270022101718121417183712423EA
S2144068F0C3710821384B984768B1364BB3F8B4217A
S2144069001344364A117803F8031C527803F8022CD5
S214406910242203F8012C0022314B1A70FFF72CBBBF
S214406920354A6B4607CA03C31A702F4B0DF10B024C
S21440693003F1140013F8011F02F8011F8342F9D136
S21440694014222E4903A82E4B984700287FF410ABFC
S214406950204B23221A701322A3F8B4210021597029
S2144069609A700122DA7002221A71822203F8052FE9
S2144069700DF1FF3202A812F8011F03F8011F9042E2
S214406980F9D114480023C373242303740122112130
S214406990114B984768B10F4BB3F8B42113440F4AD4
S2144069A0117803F8031C527803F8022C242203F8CB
S2144069B0012C00220A4B1A70FFF7DABA0022084B65
S2144069C01A7001220F4B1A70FFF7D6BA0EC8002075
S2144069D0A57040004CC600203D894100B8C5002047
S2144069E0650B0020458140000DC80020F180400026
S2144069F0096C4000096B4000680442007404420081
S214406A005DD74100620B00200A4B1B782BB1022257
S214406A10094B9A710723FFF7D2BA084B1B782BB164
S214406A200322054B9A710723FFF7C9BA0623FFF7DF
S214406A30C6BA00BF630B00204CC60020620B002085
S214406A4030B400220C4B1A700C4B03F52A601446E7
S214406A50012503E003F5AA73834206D0197C00297A
S214406A60F8D00132D2B22C46F4E70CB930BC7047AD
S214406A70014B1A70FAE700BF04C800201CD2002061
S214406A8038B5194C194B19889A782180A2702E2255
S214406A90E270194631F8040F8978A080A171E2713E
S214406AA0194631F8080F89782081A172E27233F8CE
S214406AB00C2F9B78A281A3730D4B98470D4B1B78E8
S214406AC0E37300240C4DE0B2A8470134082CFAD1F9
S214406AD00A4B98470A4B0B4A1178197651785976E3
S214406AE092789A7638BD00BF34000020C0C9002096
S214406AF03D5640001E0B002099974000416A4000DA
S214406B002C00002004C8002010B403783A4A1370C2
S214406B104378537083789370037913714379537134
S214406B2083799371037A1372437A5372837A93729A
S214406B30037B1373437B5373034613F80E1F917303
S214406B400021D170D171D172D1732C4A00F1130457
S214406B5013F8011F02F8011B9C42F9D1284B027D15
S214406B601A70427D5A70827D9A70027E1A71427EF9
S214406B705A71827E9A71027F1A72427F5A72827F5F
S214406B809A7290F820201A7390F821205A7390F841
S214406B9022209A730022DA70DA71DA72DA73194BAD
S214406BA090F82310197090F82410597090F825101A
S214406BB0997090F82710197190F82810597190F82C
S214406BC02910997190F82B10197290F82C10597260
S214406BD090F82D10997290F82F10197390F8301085
S214406BE0597390F831109973DA70DA71DA72DA7391
S214406BF05DF8044B704700BFC0C90020E0C90020C4
S214406C00D0C90020E8C9002010B43B4B1A78027067
S214406C105A7842709A7882702E22C2701979017121
S214406C205979417199798171C271197A0172597A8B
S214406C304172997A8172C2721A7B02735A7B42738E
S214406C409A7B034603F80E2F2C4A00F1130412F8E1
S214406C50011B03F8011FA342F9D1294B1A7802758C
S214406C605A7842759A7882752E22C27519790176BD
S214406C705979417699798176C276197A0177597A27
S214406C804177997A8177C277197B80F82010597BB3
S214406C9080F821109B7B80F822301A4B197880F8B8
S214406CA02310597880F82410997880F8251080F8B9
S214406CB02620197980F82710597980F82810997974
S214406CC080F8291080F82A20197A80F82B10597AF3
S214406CD080F82C10997A80F82D1080F82E201A7B98
S214406CE080F82F205A7B80F830209B7B80F831300C
S214406CF05DF8044B704700BFC0C90020E0C90020C3
S214406D00D0C90020E8C9002008B54FF480624FF093
S214406D1020510D480D4B984750B901220C4B1A7024
S214406D200C4B1B78DBB2022B08D00A4B1A7005E0DE
S214406D300022074B1A700122074B1A70074B9847E0
S214406D40074B984708BD00BF00100E40FFE64000C6
S214406D506A0B0020660B0020750B0020A543400000
S214406D60A58F400008B50023084A1370084A1370E0
S214406D70084B98470122084B1A704FF48021074869
S214406D80074B9847074A084B1A6008BD6A0B002015
S214406D90600B002099424000750B0020000E0E400C
S214406DA0FBE64000010000A500180E4008B5554D12
S214406DB0554C564E49E02378DBB2012B51D1544B0B
S214406DC01B78002B4DD1534B1A684EF65F239A42E0
S214406DD047DD0022504B1A70504B984741E0012245
S214406DE04F4B1A7000224F4B1A804FF4802130468A
S214406DF04D4B984743E04B4B1B889BB2B3F5FA7F0D
S214406E003DD30023464A1370464A13804FF48021F0
S214406E103046464B984732E04FF480624FF0205160
S214406E204348444B9847002843D00022424B1A70B0
S214406E30394B1B78DBB2012B37D0404B1B78DBB28B
S214406E40012B4FD001203E4B98472B78002BF9D092
S214406E502378002BAFD12F4A1360324A1380012388
S214406E6023702F4B1B782BB92E4B1B889BB2B3F548
S214406E70FA7FB4D22A4B1B78DBB2012BBBD04FF43F
S214406E8080624FF020512A482A4B98470028C3D1A9
S214406E90294B1B78002BBFD10122274B1A700022AA
S214406EA0284B1A601C4B1B78C7E702221A4B1A70F5
S214406EB0C3E7214B1B78DBB2012BBED1214B1A68AE
S214406EC042F20F739A42B8DD00231B4A1370124AEF
S214406ED013700122194B1A704FF480213046124B22
S214406EE09847AAE74FF480624FF020511048114B64
S214406EF098470028A6D00022104B1A70074B984798
S214406F00A0E700BF6A0B0020740B0020000E0E4066
S214406F10650B0020700B0020660B0020656D40005E
S214406F20670B0020680B0020FBE64000F7E64000B9
S214406F3000100E40FFE640006B0B0020760B002052
S214406F40890041006C0B002030B4144A43001C18E2
S214406F5064011519002111556970A9702C46E97015
S214406F6003445D01214605F15000104423460022AB
S214406F7005245A711C719A71DA711A72053383426C
S214406F80F7D1074B2B44002281F8542081F8552036
S214406F9002319942F8D130BC704700BF08CA002081
S214406FA014CA0020064B03F1240100221A705A70BE
S214406FB09A70DA701A715A7106338B42F6D170475E
S214406FC008CD0020064B03F1140100221A705A70B7
S214406FD09A70DA701A7105338B42F7D1704700BF4A
S214406FE058CD0020002303491A46CA540133102BBB
S214406FF0FBD17047F8C9002030B40021094801256C
S214407000002230F811309BB205FA02F423EA04035A
S21440701020F811300132102AF3D101310829EFD17E
S21440702030BC70476CCD002030B4134B134C2068F6
S2144070301860134908685860124A106898601248E9
S2144070400068D860114B124D28681860A888988050
S214407050104B114800681860586098600F480068E8
S214407060D8600F4B206818600868586010689860B1
S214407070D86030BC704700BFC0C900208C044200B6
S214407080900442009404420098044200E0C9002064
S2144070909C044200D0C90020A4044200A804420038
S2144070A0E8C9002030B400F110050346044C1A1A13
S2144070B013F8011BA154AB42F9D130BC704700BF56
S2144070C0F8C90020013800230349CA5C00F8012FA4
S2144070D00133102BF9D17047F8C9002070B505462A
S2144070E00A4C21460A4EB047211D281DB04704F1E0
S2144070F0080105F10800B047E37DEB75237E2B764B
S214407100637E6B76A37EAB7670BD00BF2C000020FE
S214407110A1D541002DE9F0470139CDB2017805EB04
S21440712045035B01614AD1540746024600231E468A
S214407130012402E00133082B08D012F8011F002971
S214407140F8D004FA03F13143CEB2F3E700F1080178
S21440715000231A464FF0010E02E00133082B08D0F8
S21440716011F8014F002CF8D00EFA03F42243D2B2A5
S214407170F3E705EB45034D4901EB43135E709A7008
S21440718000F1100100231A46012602E00133082BC5
S21440719008D011F8014F002CF8D006FA03F4224329
S2144071A0D2B2F3E7414905EB450301EB4313DA70EE
S2144071B09C461E462424012532E001311A46A3424D
S2144071C00BD0531C9BB2825C002AF6D005FA01F223
S2144071D048EA02085FFA88F8EFE704F108091FFA60
S2144071E089F9224600218A4603E001311A4699452C
S2144071F00BD0531C9BB2825C002AF6D005FA01F2F3
S2144072004AEA02025FFA82FAEFE78EF807808EF8C3
S21440721008A0133705361334A4B2B4F5AA7F0CD0B1
S2144072207B7EB6467371BB7E3371A4F1080292B280
S214407230FB7EB37100218846C3E740F2491401261D
S21440724040F2A9172CE00133082B09D0E21892B27D
S214407250825C002AF7D006FA03F21543EDB2F2E755
S21440726004F1080292B21034A4B200218E4603E024
S21440727001311A46A3420BD0531C9BB2825C002AB3
S214407280F6D006FA01F24EEA020E5FFA8EFEEFE7FD
S2144072908CF854508CF855E00CF1020CBC4202D0ED
S2144072A000231D46D2E7BDE8F08700BF08CA00208D
S2144072B02DE9F04F01395FFA81FC64460CEB4C0334
S2144072C05B015E4AD35C014601F8013B00230CEBB0
S2144072D04C025A4D05EB42151F4601266A78DA40A5
S2144072E012F0010F14BF0E700F7001330131082BDE
S2144072F0F4D100F10901002304EB44054F4A02EBA8
S21440730045151F460126AA78DA4012F0010F14BF31
S2144073100E700F7001330131082BF4D100F11101CA
S214407320002304EB4402454C04EB42141E46012560
S214407330E278DA4012F0010F14BF0D700E70013380
S2144073400131082BF4D10CEB4C0C3C4B03EB4C1CA2
S214407350074600F5987866464FF0250E002501242E
S21440736007E0053613370EF1130E1FFA8EFEB845AA
S21440737032D073797B763379BB76B379FB7696F8E1
S21440738007A0317AAEF108039BB2002203F1FF3921
S2144073901FFA89F92AFA02FB1BF0010F14BF00F806
S2144073A0094000F80950013201339BB2082AEDD15A
S2144073B073464FF000095A1E92B221FA09FA1AF0A3
S2144073C0010F14BF8454855409F1010901339BB25F
S2144073D0B9F1080FEFD1C4E740F24914002701265F
S2144073E040F2A91E9CF854809CF855500023E218A1
S2144073F092B228FA03F111F0010F14BF8654875455
S2144074000133082BF3D104F109039BB20022591E25
S21440741089B225FA02F818F0010F14BF46544754B3
S214407420013201339BB2082AF1D11034A4B20CF1D8
S214407430020C7445D6D1BDE8F08F00BF08CA0020C4
S21440744030B400220F4B5A7003460F4A24300D4D7D
S21440745003E006330632834211D0197811705C7807
S21440746054709C789470DC78D4701C7914715C7974
S21440747054710129EDD1697801316970E9E730BC72
S214407480704700BF04C8002008CD0020094A0346C4
S2144074902430117819705178597091789970D17854
S2144074A0D970117919715179597106320633834270
S2144074B0EFD1704708CD002008B5744B1B78002BE1
S2144074C074D0724B1B79002B6ED1704BDB78002B3F
S2144074D032D16E4A5378013B6D49C95CC9B2927845
S2144074E0914219D06B49C95CC9B28A4214D06849E6
S2144074F0C95CC9B28A4259D06649CB5CDBB29A4273
S21440750054D0654B1B7813F0010F4FD0624A137866
S21440751003F0FE03137008BD5F49097811F0010FB0
S214407520E5D15E4A137843F0010313705A4A137844
S21440753043F00103137008BD012B37D1534A5378EB
S214407540013B5349C95CC9B2927891421DD051491A
S214407550C95CC9B28A4218D04D49C95CC9B28A4290
S21440756024D04C49CB5CDBB29A421FD04C4B1B78A4
S21440757013F0010F1AD04A4A137803F0FE03137033
S21440758000210120474B984708BD4549097811F02E
S214407590010FE1D1424A137843F0010313700121F1
S2144075A00846404B984708BD012B00D008BD374BD6
S2144075B0DB78002B32D1354B5A78511E344A525C18
S2144075C0D2B29B789A4219D0324A525CD2B2934297
S2144075D014D02F4A525CD2B29342E7D02D4A525C26
S2144075E0D2B29342E2D02C4B1B7813F0010FDDD081
S2144075F0294A137803F0FE03137008BD264A127812
S21440760012F0010FE5D1254A137843F001031370B9
S214407610214A137843F00103137008BD012BC5D1EE
S2144076201A4A5378013B1A49C95CC9B292789142CA
S2144076301DD01849C95CC9B28A4218D01449C95CE1
S214407640C9B28A42B2D01349CB5CDBB29A42ADD0C3
S214407650134B1B7813F0010FA8D0114A137803F090
S214407660FE031370012108460E4B98479EE70C49CF
S214407670097811F0010FE1D1094A137843F001036C
S214407680137000210120074B984708BD58CD0020B5
S2144076902CCD00203CCD0020780B0020770B00201E
S2144076A07A0B00201190410008B5344B1B79002B13
S2144076B030D1334B1B7813F0010F2DD0314B1B7854
S2144076C013F0010F19D02F4B1B7813F0010F23D066
S2144076D02D4B1B889BB2B3F5FA7F1DD3294A1378EE
S2144076E003F0FE031370264A137803F0FE0313706C
S2144076F000210120254B984708BD0022224B1A80C6
S214407700204A137843F001031370012108461F4BAB
S214407710984708BD012B00D008BD194B1B7813F0C5
S214407720010FF9D0174B1B7813F0010F19D0154BEA
S2144077301B7813F0010FEFD0134B1B889BB2B3F5A9
S214407740FA7FE9D30F4A137803F0FE0313700C4A0E
S214407750137803F0FE031370012108460B4B98473D
S214407760DAE70021084B1980064A137843F00103F4
S21440777013700120054B984708BD00BF58CD002028
S214407780770B0020790B002050CD0020119041004F
S21440779008B5744B5B79002B74D0724B5B7A002B28
S2144077A06ED1704B1B7A002B32D16E4A9379013BD7
S2144077B06D49C95CC9B2D279914219D06B49C95C4E
S2144077C0C9B28A4214D06849C95CC9B28A4259D003
S2144077D06649CB5CDBB29A4254D0654B1B7813F0BB
S2144077E0020F4FD0624A137803F0FD03137008BDB2
S2144077F05F49097811F0020FE5D15E4A137843F0ED
S214407800020313705A4A137843F00203137008BDFC
S214407810012B37D1534A9379013B5349C95CC9B2CE
S214407820D27991421DD05149C95CC9B28A4218D01A
S2144078304D49C95CC9B28A4224D04C49CB5CDBB2C4
S2144078409A421FD04C4B1B7813F0020F1AD04A4A6C
S214407850137803F0FD03137000210220474B98472E
S21440786008BD4549097811F0020FE1D1424A137824
S21440787043F00203137001210220404B984708BD95
S214407880012B00D008BD374B1B7A002B32D1354B2D
S2144078909A79511E344A525CD2B2DB799A4219D058
S2144078A0324A525CD2B2934214D02F4A525CD2B281
S2144078B09342E7D02D4A525CD2B29342E2D02C4B50
S2144078C01B7813F0020FDDD0294A137803F0FD032E
S2144078D0137008BD264A127812F0020FE5D1254AE9
S2144078E0137843F002031370214A137843F00203DF
S2144078F0137008BD012BC5D11A4A9379013B1A492A
S214407900C95CC9B2D27991421DD01849C95CC9B286
S2144079108A4218D01449C95CC9B28A42B2D01349C7
S214407920CB5CDBB29A42ADD0134B1B7813F0020F00
S214407930A8D0114A137803F0FD03137001210220EA
S2144079400E4B98479EE70C49097811F0020FE1D19B
S214407950094A137843F00203137000210220074BB4
S214407960984708BD58CD00202CCD00203CCD0020A7
S214407970780B0020770B00207A0B002011904100F6
S21440798008B5344B5B7A002B30D1334B1B7813F061
S214407990020F2DD0314B1B7813F0020F19D02F4B0E
S2144079A01B7813F0020F23D02D4B5B889BB2B3F5A8
S2144079B0FA7F1DD3294A137803F0FD031370264A35
S2144079C0137803F0FD03137000210220254B9847DF
S2144079D008BD0022224B5A80204A137843F0020307
S2144079E01370012102201F4B984708BD012B00D081
S2144079F008BD194B1B7813F0020FF9D0174B1B78B4
S214407A0013F0020F19D0154B1B7813F0020FEFD06E
S214407A10134B5B889BB2B3F5FA7FE9D30F4A1378D2
S214407A2003F0FD0313700C4A137803F0FD03137044
S214407A30012102200B4B9847DAE70021084B59807A
S214407A40064A137843F0020313700220054B98470A
S214407A5008BD00BF58CD0020770B0020790B0020D2
S214407A6050CD00201190410008B5744B9B7A002BF6
S214407A7074D0724B9B7B002B6ED1704B5B7B002B84
S214407A8032D16E4AD37A013B6D49C95CC9B2127B8A
S214407A90914219D06B49C95CC9B28A4214D0684930
S214407AA0C95CC9B28A4259D06649CB5CDBB29A42BD
S214407AB054D0654B1B7813F0040F4FD0624A1378AE
S214407AC003F0FB03137008BD5F49097811F0040FFB
S214407AD0E5D15E4A137843F0040313705A4A13788C
S214407AE043F00403137008BD012B37D1534AD37AB1
S214407AF0013B5349C95CC9B2127B91421DD05149E2
S214407B00C95CC9B28A4218D04D49C95CC9B28A42DA
S214407B1024D04C49CB5CDBB29A421FD04C4B1B78EE
S214407B2013F0040F1AD04A4A137803F0FB0313707D
S214407B3000210320474B984708BD4549097811F076
S214407B40040FE1D1424A137843F004031370012135
S214407B500320404B984708BD012B00D008BD374B4B
S214407B605B7B002B32D1354BDA7A511E344A525C5D
S214407B70D2B21B7B9A4219D0324A525CD2B293425E
S214407B8014D02F4A525CD2B29342E7D02D4A525C70
S214407B90D2B29342E2D02C4B1B7813F0040FDDD0C8
S214407BA0294A137803F0FB03137008BD264A12785F
S214407BB012F0040FE5D1254A137843F004031370FE
S214407BC0214A137843F00403137008BD012BC5D136
S214407BD01A4AD37A013B1A49C95CC9B2127B914210
S214407BE01DD01849C95CC9B28A4218D01449C95C2C
S214407BF0C9B28A42B2D01349CB5CDBB29A42ADD00E
S214407C00134B1B7813F0040FA8D0114A137803F0D7
S214407C10FB031370012103200E4B98479EE70C4947
S214407C20097811F0040FE1D1094A137843F00403B0
S214407C30137000210320074B984708BD58CD0020FD
S214407C402CCD00203CCD0020780B0020770B002068
S214407C507A0B00201190410008B5344B9B7B002BDB
S214407C6030D1334B1B7813F0040F2DD0314B1B789B
S214407C7013F0040F19D02F4B1B7813F0040F23D0AA
S214407C802D4B9B889BB2B3F5FA7F1DD3294A1378B8
S214407C9003F0FB031370264A137803F0FB031370BC
S214407CA000210320254B984708BD0022224B9A808E
S214407CB0204A137843F004031370012103201F4B1E
S214407CC0984708BD012B00D008BD194B1B7813F010
S214407CD0040FF9D0174B1B7813F0040F19D0154B2F
S214407CE01B7813F0040FEFD0134B9B889BB2B3F571
S214407CF0FA7FE9D30F4A137803F0FB0313700C4A5C
S214407D00137803F0FB031370012103200B4B9847B5
S214407D10DAE70021084B9980064A137843F00403BB
S214407D2013700320054B984708BD00BF58CD002070
S214407D30770B0020790B002050CD00201190410099
S214407D4008B5744BDB7B002B74D0724BDB7C002B6E
S214407D506ED1704B9B7C002B32D16E4A137C013B1C
S214407D606D49C95CC9B2527C914219D06B49C95C15
S214407D70C9B28A4214D06849C95CC9B28A4259D04D
S214407D806649CB5CDBB29A4254D0654B1B7813F005
S214407D90080F4FD0624A137803F0F703137008BDFC
S214407DA05F49097811F0080FE5D15E4A137843F031
S214407DB0080313705A4A137843F00803137008BD3B
S214407DC0012B37D1534A137C013B5349C95CC9B296
S214407DD0527C91421DD05149C95CC9B28A4218D0E2
S214407DE04D49C95CC9B28A4224D04C49CB5CDBB20F
S214407DF09A421FD04C4B1B7813F0080F1AD04A4AB1
S214407E00137803F0F703137000210420474B98477C
S214407E1008BD4549097811F0080FE1D1424A137868
S214407E2043F00803137001210420404B984708BDD7
S214407E30012B00D008BD374B9B7C002B32D1354BF5
S214407E401A7C511E344A525CD2B25B7C9A4219D09C
S214407E50324A525CD2B2934214D02F4A525CD2B2CB
S214407E609342E7D02D4A525CD2B29342E2D02C4B9A
S214407E701B7813F0080FDDD0294A137803F0F70378
S214407E80137008BD264A127812F0080FE5D1254A2D
S214407E90137843F008031370214A137843F008031D
S214407EA0137008BD012BC5D11A4A137C013B1A49F1
S214407EB0C95CC9B2527C91421DD01849C95CC9B24E
S214407EC08A4218D01449C95CC9B28A42B2D0134912
S214407ED0CB5CDBB29A42ADD0134B1B7813F0080F45
S214407EE0A8D0114A137803F0F70313700121042039
S214407EF00E4B98479EE70C49097811F0080FE1D1E0
S214407F00094A137843F00803137000210420074BF6
S214407F10984708BD58CD00202CCD00203CCD0020F1
S214407F20780B0020770B00207A0B00201190410040
S214407F3008B5344BDB7C002B30D1334B1B7813F029
S214407F40080F2DD0314B1B7813F0080F19D02F4B4C
S214407F501B7813F0080F23D02D4BDB889BB2B3F56C
S214407F60FA7F1DD3294A137803F0F7031370264A85
S214407F70137803F0F703137000210420254B98472D
S214407F8008BD0022224BDA80204A137843F00803CB
S214407F901370012104201F4B984708BD012B00D0C9
S214407FA008BD194B1B7813F0080FF9D0174B1B78F8
S214407FB013F0080F19D0154B1B7813F0080FEFD0AD
S214407FC0134BDB889BB2B3F5FA7FE9D30F4A13789D
S214407FD003F0F70313700C4A137803F0F70313709B
S214407FE0012104200B4B9847DAE70021084BD98043
S214407FF0064A137843F0080313700420054B98474D
S21440800008BD00BF58CD0020770B0020790B00201C
S21440801050CD00201190410008B5164B1B78002B20
S21440802027D0154B1B79012B07BF0121084600219D
S2144080300120124B9847104B5B7A012B0CBF012155
S214408040002102200D4B98470B4B9B7B012B0CBF0E
S214408050012100210320094B9847074BDB7C012B6D
S2144080600CBF012100210420044B98470022014BFD
S2144080701A7008BD640B002058CD002011904100B6
S21440808030B400220E4B9A7003460E4A14300C4D04
S21440809003E00533053283420FD0197811705C78BF
S2144080A054709C789470DC78D4701C7914710129D3
S2144080B0EFD1A9780131A970EBE730BC704700BF1B
S2144080C004C8002058CD0020084A034614301178D2
S2144080D019705178597091789970D178D970117912
S2144080E01971053205338342F1D1704758CD0020CF
S2144080F0F0B40021124C01261CE034F8112092B254
S21440810006FA03F722EA070224F811200133102B5F
S2144081100DD0EA18D2B2825C002AEED034F8117044
S21440812006FA03F23A4392B224F81120EEE7013100
S214408130082903D00D01EDB20023EAE7F0BC7047F2
S2144081406CCD0020F0B500240C4EA6460127250134
S214408150EDB20022AB18D9B236F814309BB2D340F9
S21440816013F0010F14BF475400F801E00132102A03
S214408170F0D10134082CEAD1F0BD00BF6CCD002010
S2144081802DE9F04784B000250095019502950395AA
S2144081902C46264EDFF8B490DFF8B48007E0244B38
S2144081A01A5D6FF382021A550134082C2ED0E0B2C5
S2144081B03378E34013F0010FF6D0C84798F8003004
S2144081C0002BF1D01B4B98471B4B93F831A0BAF1CC
S2144081D0000FE9D05246591C0DEB0500174B984747
S2144081E05544EDB2124A135D43F001031355144B48
S2144081F01B78002BD3D0134A137843F00403137034
S2144082000B4A135D43F004031355CDE72DB9281CE4
S21440821018BF012004B0BDE8F0870B4C2A466946DB
S2144082202046064B984784F83050F0E71B0B00205A
S2144082307CCD002035594000E4D1002091D3410048
S214408240B4C5002084CD0020E5D100201D9C400010
S214408250E4CD002008B52C4B1B7803B32B4B1B7882
S21440826013F0010F4BD12A4B9B7813F0200F04D10B
S214408270284B1B7813F0200F02D0234B1B7808BDE9
S214408280254B9847E8B1214A137843F0030313700F
S214408290224B9847224B9847224B984708BD1A4B8B
S2144082A01B7873B9194B1B7813F0010F09D0184B84
S2144082B09B7813F0200F04D1164B1B7813F0200F39
S2144082C000D008BD144B98470028FAD00F4A1378C0
S2144082D003F0FE0343F0020313700D4A537943F054
S2144082E0020353710D4B98470D4B984700200E4B99
S2144082F098470E4A537843F08003537008BD024BAC
S2144083001B78002BD3D0DCE7B4C5002084CD0020FA
S214408310DCD10020A4CD0020818140007987400038
S214408320E95A400049574000B59C40000C000020E8
S214408330044B1B7823B1044B1A786FF300021A7073
S214408340704700BFB4C5002084CD00202DE9F0431F
S21440835085B0002600960196029603963446DFF8CE
S214408360A080214FDFF89C9007E0204B1A5D6FF30A
S21440837082021A550134082C26D0E0B2C0473B781A
S214408380002BF7D0C8471A4B93F83150002DF1D048
S2144083902A46591C0DEB0600164B98473544EEB25C
S2144083A0124A135D43F001031355134B1B7813F029
S2144083B0080FDAD0104A43F0040313700B4A135DDB
S2144083C043F004031355D5E72EB9301C18BF0120DF
S2144083D005B0BDE8F083094C324669462046054B59
S2144083E0984784F83060F0E7E4CD00207CCD00204C
S2144083F0E4D1002091D3410084CD0020E5D1002077
S2144084001D9C4000355940002DE9F04385B00026BC
S21440841000960196029603963446DFF8A080214FD8
S214408420DFF89C9007E0204B1A5D6FF3C3021A55A5
S2144084300134082C26D0E0B2C0473B78002BF7D05A
S214408440C8471A4B93F83150002DF1D02A46591C94
S2144084500DEB0600164B98473544EEB2124A135DB4
S21440846043F002031355134B1B7813F0080FDAD072
S214408470104A43F0040313700B4A135D43F008039D
S2144084801355D5E72EB9301C18BF012005B0BDE8FE
S214408490F083094C324669462046054B984784F897
S2144084A03060F0E7E4CD00207CCD0020E4D1002011
S2144084B091D3410084CD0020E5D100201D9C400092
S2144084C0915940002DE9F04385B00026009601966C
S2144084D0029603963446DFF86880154FDFF86490BE
S2144084E002E00134082C13D0E0B2C0473B78002BA2
S2144084F0F7D0C8470F4B93F83150002DF1D02A469D
S214408500591C0DEB06000C4B98473544EEB2E8E795
S2144085102EB9301C18BF012005B0BDE8F083074CCB
S214408520324669462046044B984784F83060F0E768
S214408530E4CD0020E4D1002091D34100E5D10020D5
S2144085401D9C4000695A40000A2800D07047B1F58B
S214408550806FFBD108B54FF480624FF02051084839
S214408560084B984728B1084B1A786FF300021A70E8
S21440857008BD054A137843F00103137008BD00BFD9
S21440858000100E40FFE6400098CD002070B582B047
S2144085904FF480640F4B1C600A200F4B98470F4DDA
S2144085A00122214628460E4B98470E4B0093402307
S2144085B022460A2128460C4EB047214628460B4BF9
S2144085C098470A2221462846094B9847094B1C6083
S2144085D002B070BD14030E4061EA400000100E4029
S2144085E0A9E7400049854000A5E8400031E8400042
S2144085F0DDE6400000E100E030B58FB0344B1B783C
S21440860003F00303012B14D0022B42D0304B1B78CF
S21440861013F0080F05D013F0100F44D113F0200FBD
S21440862047D12B4B1B7803F04103402B47D00FB06C
S21440863030BD274A137843F00203137013F0080F37
S21440864007D1234B1A7842F004021A7000225A804F
S214408650DCE71446DBB26FF3C30313701D4B984739
S21440866032252A46002101A81B4B984701A81B4BE0
S21440867098472A4601A94FF47260194B98472378C9
S21440868043F0400323704FF480211648164B98471A
S214408690BCE70F4A137803F0FD036FF382031370B1
S2144086A000235380B2E74FF480210E480E4B984784
S2144086B0B7E74FF480210B480C4B9847B1E7044B83
S2144086C01A786FF386121A70094A0A4B1A60AEE798
S2144086D098CD002029704000C5D44100096C400068
S2144086E07D404000000E0E40FBE64000F7E64000AE
S2144086F0010000A500180E4010B5194B9847194ABE
S214408700135C43F001031354174B1B78012B21D005
S214408710144B1A5C6FF341021A540022134B5A70E2
S2144087204FF4AA73124A03FB00231C7C8CB1531EE1
S2144087304FF4AA7202FB00300E4B611E53FA81F1D1
S214408740013110F8012F03F8012B8B42F9D1074B6A
S2144087505C7010BD135C43F002031354DDE700BFAA
S214408760099740009CCD00207B0B0020A4CD002024
S2144087701CD20020A7CD0020F8B5154B154801683F
S214408780426819605A60144B144A146851681C6059
S2144087905960134B134C26686568A168E7681E60ED
S2144087A05D609960DF6026696569A1691E615D61EB
S2144087B09961A18B998300210160416011605160ED
S2144087C01E222046084B984764236383F8BD00BFAB
S2144087D0BCDC0020DCD10020C4DC00205CD10020C2
S2144087E0CCC500200C000020C5D441002DE9F04740
S2144087F084B0002500950195029503952C461F4FA1
S214408800DFF8908008F1010906E0135D43F00203AB
S21440881013550134082C20D0E0B23B78E34013F0E7
S214408820010FF6D0164B984798F800A05246494696
S2144088300DEB0500134B98475544EDB2124A135DB5
S21440884043F001031355114B1B78012BDDD00E4B23
S2144088501A5D6FF341021A55DBE72DB9281C18BF85
S214408860012004B0BDE8F087094C2A4669462046F8
S214408870044B984704F8025CF0E700BF1A0B002050
S2144088801D9C400091D341009CCD00207B0B0020D6
S214408890A7CD0020E4CD0020F8B5554B1B7823B17A
S2144088A0544B9B7813F0200F0BD0534B1B78B3B927
S2144088B0524B1C78012C2ED0514B1B78012B67D085
S2144088C0F8BD00224A4B1A7001224E4B1A704E4B8E
S2144088D098470028F4D04D4B9847032410E00023D7
S2144088E0454A1370474A1370474B98470028E7D0CD
S2144088F0404A537943F002035371444B984704244B
S214408900434A137843F020031370424A137843F0E7
S214408910040313701CE000221A703F4B93F8A60025
S2144089203B4DA8703D4B984728440125C574374BAE
S2144089309847344B1D70364B1A7842F020021A7016
S21440894034490A7842F004020A709878344B9847C3
S21440895004F0FD03012B32D0022C01D0042C33D17D
S2144089602B4C237843F0120323702E4B98476378A2
S21440897053B30024264D294F26462B19D878B8479E
S2144089802844C6740134E4B26B78A342F5D81BE0A1
S21440899000251B4B1D70204B93F8A6001C4CA07066
S2144089A01E4B98472044C574124A537943F002033D
S2144089B05371164B9847134B1D700224BBE7144A5D
S2144089C0137843F001031370174B1A786FF30002C5
S2144089D01A700F490A7842F004020A7005498A78EC
S2144089E042F020028A7000229A7364225A83F8BDAD
S2144089F0150B0020DCD10020160B002039C50020C6
S214408A003AC500207B0B0020ED8740007987400068
S214408A10A4CD002084CD002094000020F9444000DE
S214408A20F9864000E95A40000C0000204FF4AA7333
S214408A301B4A03FB00231B7C8BB370B500244FF40A
S214408A40AA7303FB0025174E285DB047164B03EB71
S214408A50C0035A7802F0EF026FF345125A70DA7884
S214408A606FF3C712DA705A786FF3C7125A7036210E
S214408A700E4A01FB0020002181869A7802F0FE0211
S214408A8061F341029A70DA7802F0BD0261F3C302E4
S214408A90DA700134E4B22B7CA342D5D870BD70475F
S214408AA01CD20020F94440005CD10020F8CD0020C4
S214408AB02DE9F843674B684A1168526819605A6056
S214408AC0664B674A1168526819605A60654B664A39
S214408AD0146850689168D5681C6058609960DD607D
S214408AE01469506991691C6158619961928B9A83A7
S214408AF05E4E00245E4D5F4FDFF8808194E02A5D35
S214408B0012F0010F63D13A5D12F0010F05D12A5DD4
S214408B1012F0020F00F0968006E0EA5C6FF3C302A4
S214408B20EA5412F0010F56D1EA5C02F0FE026FF3EF
S214408B304102EA54FA5C6FF30002FA54454991F850
S214408B4002E0484A00239375D3750EF0F70E63F3A0
S214408B50041E81F802E091F800C09371D37113723D
S214408B60537291F801909372D37292F800E063F3D7
S214408B70C71E82F800E01374537492F801E09374B1
S214408B80D37409F0F90963F3861981F801900CF063
S214408B90800C63F3C71C81F800C0137553750EF044
S214408BA0C00163F386115170C04738E0324B1B78E2
S214408BB013F0040F4BD0304B1A786FF382021A70C2
S214408BC0244A137943F004031371BDE8F8833A5DF1
S214408BD012F0010FA1D1EA5C6FF3C302EA54A3E797
S214408BE03A5D12F0010F08D1EA5C6FF3C302EA5413
S214408BF00AE03A5D12F0010F06D0EA5C6FF3C3025A
S214408C00EA5412F0010FEFD1EA5C02F0FE026FF375
S214408C104102EA54FA5C6FF30002FA54C04701344A
S214408C2006F5AA76082CC1D0E0B22346B27C012ACB
S214408C303FF465AF2A5D12F0010FD1D12A5D12F0E4
S214408C40020FD6D1FA5C12F0010FE8D0D5E7BDE8A6
S214408C50F88300BFDCD10020BCDC00205CD10020C3
S214408C60C4DC00200C000020CCC500201CD2002014
S214408C707CCD00209CCD002084CD00202D8A400055
S214408C802DE9F04383B09A4E4FF47A640025994F0D
S214408C90A946DFF87C8207E03378ABB10135013670
S214408CA00134A4B2082D17D07B5D13F0020FF3D128
S214408CB03378012BF2D186F8009002A901F8019D85
S214408CC001222046C047E9E70122327002A901F896
S214408CD0012D2046C047E1E7874D884E05F1100735
S214408CE040F6A8744FF00009DFF8248206E0337897
S214408CF0BBB101360134A4B2BD421BD015F8013BCE
S214408D00012BF4D0002BF4D13378012BF1D186F827
S214408D1000908DF8079001220DF107012046C047CC
S214408D20E7E7012232708DF807200DF10701204653
S214408D30C047DEE7724C734E04F1100740F6B87534
S214408D404FF00109DFF8C88105E0013404360135EB
S214408D50ADB2BC4209D0737822789A42F5D02370DF
S214408D604A4621462846C047EFE7674B1B7813F034
S214408D70010F0DD0654B1B7873B90122634B1A70F7
S214408D8002A901F8012D40F6C870614B984703E0F0
S214408D905E4B1B78012B12D05B4B1B7813F0020FF7
S214408DA019D05C4B1B78D3B901225A4B1A7002A9D2
S214408DB001F8012D40F6C970554B98470FE0002347
S214408DC0524A137002A901F8013D012240F6C870CC
S214408DD04F4B9847E0E74F4B1B78012B12D04A4B3E
S214408DE01B7813F0040F19D04B4B1B78D3B90122D4
S214408DF0494B1A7002A901F8012D40F6CA70444B3F
S214408E0098470FE00023434A137002A901F8013D3A
S214408E10012240F6C9703E4B9847E0E73E4B1B7830
S214408E20012B12D0384B1B7813F0080F19D03B4B50
S214408E301B78D3B90122394B1A7002A901F8012DCB
S214408E4040F6CB70324B98470FE00023324A1370FF
S214408E5002A901F8013D012240F6CA702C4B984702
S214408E60E0E72E4B1B78012B12D0274B1B7813F0D4
S214408E70100F19D02A4B1B78D3B90122284B1A70F1
S214408E8002A901F8012D40F6CC70214B98470FE01F
S214408E900023224A137002A901F8013D012240F640
S214408EA0CB701B4B9847E0E71D4B1B78012B13D02C
S214408EB0154B1B7813F0200F36D01A4B1B78002B1F
S214408EC036D10122174B1A7002A901F8012D40F63F
S214408ED0CD700F4B98472BE00023114A137002A920
S214408EE001F8013D012240F6CC70094B9847DFE778
S214408EF0C9CD00209CCD002085CD0020D1CD0020BE
S214408F00A00B0020ECC5002058D10020910B00207B
S214408F10FD8E4100920B0020930B0020940B002006
S214408F20950B0020960B00201A4B1B78012B12D075
S214408F30194B1B7813F0010F19D0184B1B78D3B977
S214408F400122164B1A7002A901F8012D40F6CE7088
S214408F50134B98470FE000230E4A137002A901F8FE
S214408F60013D012240F6CD700D4B9847E0E70B4B94
S214408F701B78012B02D003B0BDE8F0830023074ADC
S214408F80137002A901F8013D012240F6CE70044B51
S214408F909847F0E7960B002084CD0020B00B0020C9
S214408FA0FD8E410030B58BB0002408940994082209
S214408FB008A94FF47A601E4DA84704940594069479
S214408FC0079410220DEB020140F6A870A8470DF159
S214408FD00F03184A0DF11F0013F8011F02F8011B7A
S214408FE08342F9D100230093019302930393102206
S214408FF0694640F6B8700E4B98470DF1FF320E4B5F
S2144090000E480DF10F0412F8011F597000F8011FA9
S21440901004339442F7D10622094940F6C870044CFE
S214409020A0470122074940F6CE70A0470BB030BD9E
S214409030958F410085CD0020ECC500209F0B002079
S214409040980B00207C0B0020074B5B7813F0010F39
S21440905000D17047054B1B78012BFAD1044A137890
S21440906043F001031370F4E7902201207C0B0020AC
S21440907084CD0020454B1B78012B14D0434B9B7965
S214409080012B23D0414B1B7B012B32D03F4B9B7C8B
S214409090012B41D03D4B1B7E012B50D03B4B9B7F41
S2144090A0012B5FD07047394B9B78012BE6D1384B6C
S2144090B01B78DBB2022BE1D1364B1B78012BDDD17E
S2144090C0354A137843F001031370D7E72F4B1B7ACA
S2144090D0012BD7D1314B1B78DBB2022BD2D12D4B93
S2144090E05B78012BCED12C4A137843F002031370E1
S2144090F0C8E7264B9B7B012BC8D1294B1B78DBB29C
S214409100022BC3D1234B9B78012BBFD1224A137825
S21440911043F004031370B9E71C4B1B7D012BB9D1F8
S214409120204B1B78DBB2022BB4D11A4BDB78012BD9
S214409130B0D1194A137843F008031370AAE7134BCB
S2144091409B7E012BAAD1184B1B78DBB2022BA5D1F4
S214409150104B1B79012BA1D10F4A137843F0100313
S21440916013709BE7094B93F82030012B9AD10F4B95
S2144091701B78DBB2022B95D1064B5B79012B91D144
S214409180054A137843F0200313708BE708CD002080
S214409190090B0020980B002058D100200B0B002014
S2144091A00D0B00200F0B0020110B0020130B00208E
S2144091B0454B1B78012B14D0434B9B79012B23D076
S2144091C0414B1B7B012B32D03F4B9B7C012B41D02C
S2144091D03D4B1B7E012B50D03B4B9B7F012B5FD0E2
S2144091E07047394B9B78012BE6D0384B5B7813F0B1
S2144091F0040FE1D0364B1B78012BDDD1354A13786E
S21440920043F001031370D7E72F4B1B7A012BD7D0BF
S2144092102E4B5B7813F0080FD2D02D4B5B78012B8A
S214409220CED12C4A137843F002031370C8E7264B7E
S2144092309B7B012BC8D0254B5B7813F0100FC3D017
S214409240234B9B78012BBFD1224A137843F004036B
S2144092501370B9E71C4B1B7D012BB9D01B4B5B78B9
S21440926013F0200FB4D01A4BDB78012BB0D1194A3B
S214409270137843F008031370AAE7134B9B7E012B29
S214409280AAD0124B5B7813F0400FA5D0104B1B7939
S214409290012BA1D10F4A137843F0100313709BE7BC
S2144092A0094B93F82030012B9AD0084B5B78DB09AA
S2144092B096D0074B5B79012B92D1064A137843F040
S2144092C0200313708CE700BF08CD002090220120B9
S2144092D0980B002058D100202DE9F04F89B000248B
S2144092E004940594069407947C4B18787C4B9D78A0
S2144092F005F020057B4A167806F020067A4A92F852
S21440930000E00EF0020E93F803C00CF0010C774B11
S21440931093F800A076492346A04602904FF00109F4
S214409320019400940AE0009C022C18BF0446009466
S214409330013301320431102B00F096800128F7D11A
S214409340002DF5D1002EF3D1BEF1000FF0D1BCF1C7
S214409350000FEDD1039391F801B0BBF1060FE2D0B8
S214409360BBF1050F18D0BBF1010F1BD0614C13F8B1
S21440937004B0BBF1000FDBD0019F07F1010808AC39
S214409380274407F810BCDDF808A05FFA88F401947B
S214409390C84602240094CBE7009C022C18BF044623
S2144093A00094C5E792F801B0BBF1010FDED1504CF6
S2144093B0039F14F827B01BF0040F0FD04C4C039FAC
S2144093C014F827B01BF0040FD0D0019C009FB8F1D2
S2144093D0000F4ED0454B83F800A04AE0019C009F0A
S2144093E00122454B039D5A550022404B1A703E4B76
S2144093F02B445A703A4A537943F0020353713F4B19
S21440940098473C4B585D3E4B984705463D4B9847E2
S2144094103D4B1B78002B2CD03C4B98473C4B93F84D
S2144094203130F3B13B4A535D43F0010303F0FB0395
S2144094306FF3C30353552C4B1A7842F010021A7040
S214409440039E334400225A702A4DA85D324B9847FB
S214409450A85D324B9847324A537843F080035370A6
S21440946007E0304B984704E0019C009FB8F1000F9E
S21440947009D11CB11D4B1B78012B08D0012F26D0DB
S21440948009B0BDE8F08F194B83F800A0F1E7144B04
S2144094909B7813F0200FF1D10025144B1D700F4B15
S2144094A01D700122204B1A70204E224604A93046D9
S2144094B01F4B984786F83040194B1A7865F30002E0
S2144094C01A70074A937843F038039370D8E7194BDD
S2144094D09847194B9847194B9847D1E747000020C3
S2144094E0DCD10020A4CD002084CD00207D0B0020C0
S2144094F0ECC50020BCC50020800B002079874000CA
S214409500099740001D9C4000E4CD00200D5A4000C5
S214409510E4D100207CCD0020C55A4000B59C4000D8
S2144095200C000020B18A4000900B0020E5D10020BE
S21440953091D341004990400075904000B191400061
S2144095402DE9F0413F4F404E404D4CE0404B984750
S214409550404B9847404B9847404B9847404B98471E
S214409560404B9847404B9847404B9847404B98470E
S214409570404B9847404B9847404B9847404B9847FE
S214409580404B9847404B9847404B9847404B9847EE
S214409590404B9847404B9847404B9847404B9847DE
S2144095A0404B9847404B9847404B9847404B9847CE
S2144095B0404B9847404B9847404B9847404B9847BE
S2144095C0404B9847404B9847404B9847404B9847AE
S2144095D0404B9847404B9847404B9847404B98479E
S2144095E00120404B98473846B0472B78002BF7D1A0
S2144095F03D4B1B78012BAFD100243B4B1C706422A3
S2144096003A4B5A833A4B98473A4B83F831403A4B59
S2144096101C7874B1394B3A4A601E591C51FA80F096
S21440962013F8011F02F8011B8342F9D1314B83F82E
S21440963031400024DFF8CC80E0B2C0470134082C2B
S214409640FAD183E750180E40A9EF40006A0B00207D
S21440965041024000E902400085A44000F5A84000D1
S214409660D5AE4000A1B7400061B040000DB6400006
S2144096709988400011024000558240008502400013
S214409680415D40002D0340006D0D4000B117400085
S214409690F5214000392C40007D3640004DBA400050
S2144096A005A54000B974400091774000697A4000B3
S2144096B0417D4000A976400081794000597C4000B9
S2144096C0317F4000198040009D55400089A54000EC
S2144096D0F985400081DA4000818C4000D9924000F4
S2144096E09956400089004100750B00200C00002070
S2144096F03D564000E4D100201E0B00202BC6002023
S214409700E5D1002099974000F0B5104D002426463C
S2144097102F465FFA86FE297C79B1E35D83420AD004
S214409720013954FA81F139442B468B4205D013F85F
S214409730012F8242F9D17046F0BD013605F5AA7573
S21440974004F5AA74082EE4D1F5E700BF1CD2002029
S21440975010B44FF4AA730F4A03FB00231C7CA4B139
S2144097604FF4AA7303FB00F3D35C8B4210D0094B33
S2144097704FF4AA7202FB003300200130C0B2A04270
S21440978003D013F8012F8A42F7D15DF8044B704797
S2144097900020FAE71CD200202DE9F04F83B001905C
S2144097A0420013185B0133495F18503303EB010A3C
S2144097B000974FF0000CDFF8C0904FF4AA7808FBF3
S2144097C000F809EB080B30E0227AA3F1080E42FAC3
S2144097D00EF212F0010F06D04A1C294490F806E01B
S2144097E081F814E0D1B201330530102B0FD0DAB235
S2144097F0072AE9D8E2791A4112F0010FF3D04A1C41
S214409800294490F806E081F814E0D1B2EBE706EB85
S214409810860308EB83034B4483F824100CF1010CB9
S2144098205FFA8CFC0537574519D03C46BB79002B70
S214409830F8D066460BF80C3079790CEB8C0308EBC5
S21440984083034B443A7902EB0122DA8400980023E2
S21440985019460CEB8C0508EB85054D44C7E74FF4DD
S214409860AA72054B019902FB013383F810C003B07E
S214409870BDE8F08F08CA00201CD20020F8B5064686
S214409880234B984705463146224B984704460022CC
S214409890214B83F8312000EB80024FF4AA7303FB80
S2144098A005F303EB82031D4A134493F82470B7B1C3
S2144098B000EB800293004FF4AA7202FB0532184B6D
S2144098C01A44184B781E53FA80F0013012F8011FE4
S2144098D003F8011B8342F9D10F4B83F831703046B1
S2144098E0114B98473623114A03FB002004EB8404AF
S2144098F04FF4AA7303FB05F505EB8404074D2C448F
S214409900E38CC3EB431203EB8203DB004386F8BDD4
S2144099100997400051974000E4D100201CD2002017
S2144099202FD20020E5D10020F9444000F8CD002099
S214409930114B03EBC0035B78DB0900D1704736223E
S2144099400E4B02FB0032938E01339BB29386528EAF
S2144099509A42F3D83623094A03FB002300229A860C
S214409960054B03EBC000437862F3C713437083781C
S21440997043F002038370E1E75CD10020F8CD00207D
S21440998010B50020104CA0470120A0470220A04759
S2144099900320A0470420A0470520A0470620A04754
S2144099A00720A0470820A0470920A0470A20A04734
S2144099B00B20A0470C20A0470D20A0470E20A04714
S2144099C00F20A04710BD00BF319940002DE9F0415F
S2144099D0134B93F83160EEB1002426461D46DFF85F
S2144099E04880104F0BE0731C2A1952782E44727030
S2144099F0DEB20134E4B295F83130A3420AD92B19CD
S214409A005878C04707EB8000437803F0FD03012BEE
S214409A10EFD1E8E7024B83F83160BDE8F08100BF44
S214409A20E4D10020ECC50020F94440002DE9F04F79
S214409A3085B06C4B00221A605A609A60DA600290D9
S214409A4000BB6948A0F12104027CA0F12001674BCD
S214409A50984794F831300393002B77D0DFF888810D
S214409A60039B013B58FA83F3013300930023019391
S214409A701F465F4E06F110095E4DDFF87CB1DFF8F9
S214409A807CA14CE05C4B98475C4B98475648A0F10D
S214409A902104027CA0F12001544B984794F83130C1
S214409AA00393002BDAD142E00134A14500F08280D6
S214409AB0A31B05EBC302927812F0010F10D105EB01
S214409AC0C302527812F0200F0AD105EBC302527837
S214409AD012F0100F04D105EBC303DB78DB09E3D0AB
S214409AE02078D847D047464B93F831100029DBD032
S214409AF098F800005B78834209D0424B013953FA0C
S214409B0081F18B42D0D013F8012B8242F9D1012F3C
S214409B1018BF022708F10108009B984501D034463B
S214409B20C6E7022F15D0012F2AD0029B73B1364AC2
S214409B30137943F020031371314B93F83120511CB5
S214409B4083F8311013449DF808205A7005B0BDE8DC
S214409B50F08F029951B12C4A137943F020031371C8
S214409B60274B5970012283F83120EFE7274C039AA0
S214409B7000212046264B9847002384F83030E5E7FE
S214409B80224C019D2A4604F110012046174B984767
S214409B9084F8305002990029D8D01B4A137943F0F4
S214409BA020031371631E2A46013283F831202B446A
S214409BB05970CBE798F80000164B9847164B03EBC6
S214409BC080035B7803F0FD03012BA3D10198421C70
S214409BD098F800100A4B03445974D3B201930127F6
S214409BE098E700BFF5D1002005D2002091D3410070
S214409BF0BCC500205CD100207D984000CD99400037
S214409C00E4D10020E6D10020DCD10020E5D10020C0
S214409C10C5D44100F9444000ECC5002010B40022F1
S214409C200E4B1A704FF4AA730D4A03FB00231C7C9C
S214409C308CB1531E4FF4AA7202FB0030094B611ED2
S214409C4053FA81F1013110F8012F03F8012B8B42B2
S214409C50F9D1024B1C705DF8044B7047E4CD0020F0
S214409C601CD20020E5CD002008B50E4A13786FF3CD
S214409C70000313700C4B597841F0060159700021CF
S214409C8091729A7842F020029A7000B908BD074B4C
S214409C9098474FF4AA73064A03FB002001238374B7
S214409CA0F4E700BF0C000020DCD1002009974000FC
S214409CB01CD2002010B50D4A13786FF300031370C2
S214409CC00B498B780024947543F038038B7000B9A9
S214409CD010BD084B1878084B98474FF4AA73074AAC
S214409CE003FB002001238374F2E700BF0C00002032
S214409CF0DCD10020E4D10020099740001CD200208F
S214409D000D4B9B7813F0200F10D10C4B1B7813F0A3
S214409D10200F0DD10A4B1B7813F0020F0AD1064BC9
S214409D20D87880F0010000F00100704700207047AE
S214409D300020704700207047DCD10020A4CD0020D2
S214409D4084CD002008B5074B1B7813F0010F06D1D1
S214409D50054B9847012814BF0020012008BD00206D
S214409D6008BD00BF58D10020019D400008B5074BF4
S214409D701B7813F0010F06D0054B9847012814BFF7
S214409D800020012008BD002008BD00BF58D100209B
S214409D90019D400008B5074B1B7813F0020F06D113
S214409DA0054B9847012814BF0020012008BD00201D
S214409DB008BD00BF58D10020019D400008B5074BA4
S214409DC01B7813F0020F06D0054B9847012814BFA6
S214409DD00020012008BD002008BD00BF58D100204B
S214409DE0019D400008B5074B1B7813F0040F06D1C1
S214409DF0054B9847012814BF0020012008BD0020CD
S214409E0008BD00BF58D10020019D400008B5074B53
S214409E101B7813F0040F06D0054B9847012814BF53
S214409E200020012008BD002008BD00BF58D10020FA
S214409E30019D400008B5074B1B7813F0080F06D16C
S214409E40054B9847012814BF0020012008BD00207C
S214409E5008BD00BF58D10020019D400008B5074B03
S214409E601B7813F0080F06D0054B9847012814BFFF
S214409E700020012008BD002008BD00BF58D10020AA
S214409E80019D400008B5074B1B7813F0100F06D114
S214409E90054B9847012814BF0020012008BD00202C
S214409EA008BD00BF58D10020019D400008B5074BB3
S214409EB01B7813F0100F06D0054B9847012814BFA7
S214409EC00020012008BD002008BD00BF58D100205A
S214409ED0019D400008B5074B1B7813F0200F06D1B4
S214409EE0054B9847012814BF0020012008BD0020DC
S214409EF008BD00BF58D10020019D400008B5074B63
S214409F001B7813F0200F06D0054B9847012814BF46
S214409F100020012008BD002008BD00BF58D1002009
S214409F20019D4000394B1B78012B14D0374B9B7951
S214409F30012B1FD0354B1B7B012B2AD0334B9B7CF0
S214409F40012B35D0314B1B7E012B40D02F4B9B7FB6
S214409F50012B4BD070472D4B9B78012BE6D12C4BD9
S214409F601B78DBB2012BE1D12A4B1A786FF3000243
S214409F701A70DBE7254B1B7A012BDBD1264B1B786F
S214409F80DBB2012BD6D1234B1A786FF341021A70FD
S214409F90D0E71E4B9B7B012BD0D1204B1B78DBB2EE
S214409FA0012BCBD11B4B1A786FF382021A70C5E790
S214409FB0164B1B7D012BC5D1194B1B78DBB2012BF1
S214409FC0C0D1144B1A786FF3C3021A70BAE70F4B1E
S214409FD09B7E012BBAD1134B1B78DBB2012BB5D13C
S214409FE00C4B1A786FF304121A70AFE7074B93F8CE
S214409FF02030012BAED10C4B1B78DBB2012BA9D104
S21440A000044B1A786FF345121A70A3E708CD002068
S21440A010090B002058D100200B0B00200D0B002010
S21440A0200F0B0020110B0020130B00207D4B1B78DC
S21440A030012B17D07B4B9B79012B4AD0794B1B7B4E
S21440A040012B7DD0774B9B7C012B00F0B280754B6B
S21440A0501B7E012B00F0F280724B9B7F012B00F0A1
S21440A060268170476F4B9B78012BE3D06E4B1B7855
S21440A070DBB2032B27D06C4B1B78DBB2042B22D0F1
S21440A080694B1B78DBB2052B1DD0674B1B78DBB2C8
S21440A090062B18D0644B1B78DBB2072B13D0624BD1
S21440A0A01B78DBB2082B0ED05F4B1B78DBB2092B3C
S21440A0B009D05D4B1B78DBB20A2B04D05A4B1B7879
S21440A0C0DBB20B2BB6D1594B1A786FF300021A70DD
S21440A0D0B0E7544B1B7A012BB0D0554B1B78DBB204
S21440A0E0032B27D0524B1B78DBB2042B22D0504B8D
S21440A0F01B78DBB2052B1DD04D4B1B78DBB2062BF5
S21440A10018D04B4B1B78DBB2072B13D0484B1B7831
S21440A110DBB2082B0ED0464B1B78DBB2092B09D09E
S21440A120434B1B78DBB20A2B04D0414B1B78DBB287
S21440A1300B2B83D13D4B1A786FF341021A707DE7A3
S21440A140384B9B7B012B3FF47DAF3A4B1B78DBB201
S21440A150032B28D0374B1B78DBB2042B23D0354B50
S21440A1601B78DBB2052B1ED0324B1B78DBB2062B9E
S21440A17019D0304B1B78DBB2072B14D02D4B1B78F5
S21440A180DBB2082B0FD02B4B1B78DBB2092B0AD047
S21440A190284B1B78DBB20A2B05D0264B1B78DBB24C
S21440A1A00B2B7FF44FAF214B1A786FF382021A7055
S21440A1B048E71C4B1B7D012B3FF449AF1E4B1B78D9
S21440A1C0DBB2032B28D01C4B1B78DBB2042B23D0EE
S21440A1D0194B1B78DBB2052B1ED0174B1B78DBB216
S21440A1E0062B19D0144B1B78DBB2072B14D0124B1E
S21440A1F01B78DBB2082B0FD00F4B1B78DBB2092B3A
S21440A2000AD00D4B1B78DBB20A2B05D00A4B1B78C5
S21440A210DBB20B2B7FF41BAF044B1A786FF3C302F1
S21440A2201A7014E708CD0020090B002058D10020F2
S21440A2300B0B00200D0B00200F0B0020394B9B7E94
S21440A240012B3FF409AF384B1B78DBB2032B28D0E9
S21440A250354B1B78DBB2042B23D0334B1B78DBB259
S21440A260052B1ED0304B1B78DBB2062B19D02E4B5D
S21440A2701B78DBB2072B14D02B4B1B78DBB2082B9A
S21440A2800FD0294B1B78DBB2092B0AD0264B1B7804
S21440A290DBB20A2B05D0244B1B78DBB20B2B7FF4AA
S21440A2A0DBAE224B1A786FF304121A70D4E61D4BBD
S21440A2B093F82030012B3FF4D4AE1D4B1B78DBB215
S21440A2C0032B28D01A4B1B78DBB2042B23D0184B19
S21440A2D01B78DBB2052B1ED0154B1B78DBB2062B4A
S21440A2E019D0134B1B78DBB2072B14D0104B1B78BE
S21440A2F0DBB2082B0FD00E4B1B78DBB2092B0AD0F3
S21440A3000B4B1B78DBB20A2B05D0094B1B78DBB214
S21440A3100B2B7FF4A6AE054B1A786FF345121A70D6
S21440A3209FE600BF08CD0020110B002058D100202A
S21440A330130B00200023054800EBC302D1786FF3CF
S21440A340C301D1700133102BF6D170475CD1002089
S21440A350F8B5394B1B78002B2CD00024364D374FA0
S21440A360374E2B195878B84706EB80004378062BB3
S21440A3700AD10134E4B22B78A342F2D80220F8BDC9
S21440A380002355E00120F8BD2B4B1B783BB300243F
S21440A390294D2A4F2A4E2B195878B84706EB80008D
S21440A3A04378052B06D10134E4B22B78A342F2D889
S21440A3B00320F8BD204B1B782BB300241E4D1F4FA7
S21440A3C01F4E2B195878B84706EB80004078042873
S21440A3D005D10134E4B22B78A342F2D8F8BD164B2F
S21440A3E01B782BB30024144D144F154E2B19587858
S21440A3F0B84706EB80004378032BC3D00134E4B261
S21440A4002B78A342F2D80C4B1B788BB100240A4D14
S21440A4100A4F0B4E2B195878B84706EB8000437806
S21440A420012BADD10134E4B22B78A342F2D80123FC
S21440A430013BD8B2F8BD00BFE4CD0020F94440004F
S21440A440ECC500202DE9F0410A4D00240A4F0B4E82
S21440A450DFF82C8004E0013405F5AA75082C07D0F7
S21440A460E0B2B8473378002BF5D0C0476874F2E7BF
S21440A470BDE8F0811CD200201D9C4000E4CD0020A9
S21440A48051A34000084A13786FF300031370074B3C
S21440A490197841F003011970002191719A7842F0C1
S21440A4A020029A70704700BF0C000020DCD10020CC
S21440A4B0084A13786FF300031370074B197841F07E
S21440A4C00C011970002111729A7842F020029A709D
S21440A4D0704700BF0C000020DCD10020074B1A78E4
S21440A4E06FF300021A70064B1A7842F040021A7058
S21440A4F09A7842F020029A70704700BF0C00002005
S21440A500DCD1002038B51A4B1B7913F0040F14D059
S21440A510174B9A7812F0200F0FD119461B796FF31C
S21440A52082030B7113F0200F10D00B4609796FF39E
S21440A5304511197112F0800F00D138BD1A469B782C
S21440A54003F07F0343F04003937038BD084A137905
S21440A55043F008031371074B1D78074C2A460749FA
S21440A5602046074B984784F83050064B9847E4E718
S21440A570DCD100201E0B0020E5D100202CC6002098
S21440A58091D3410085A44000F8B5A44B1B79062B17
S21440A59009D0A34B1B78002B00F034810024A14D3A
S21440A5A0A14EA24F5EE09D4BB3F87C21A2F6B83395
S21440A5B09BB20F2BEDD8994B9879D97901EB0021B6
S21440A5C002F14803DBB29A4A52F823209142E0D087
S21440A5D0974A42F8231029B99649CA5C42F00102CC
S21440A5E0CA54D6E74A1E012A0BD903290FD004299C
S21440A5F013D00529CDD18F49CA5C42F01002CA5407
S21440A600C7E78C49CA5C42F00202CA54C1E789498E
S21440A610CA5C42F00402CA54BBE78649CA5C42F0B0
S21440A6200802CA54B5E7834B1A5D6FF3C3021A5546
S21440A630814B1B5DF3700123737032787F4B197822
S21440A6406FF30001197042F009023270AA7842F0A6
S21440A6502002AA7000229A730134E4B2704B197833
S21440A660A1427BD9AB7813F0200FF5D1337813F0A5
S21440A670200FF1D13B7813F0020FEDD1EB7813F0B9
S21440A680010FE9D16B4A125D12F0080FCBD1694A2F
S21440A690125D12F0020F1ED1664A125D12F0040FD0
S21440A6A02ED1644A125D12F0100F40D1614A125DFD
S21440A6B012F0010FD0D05F4A115D6FF300011155C3
S21440A6C05F4A5D490B5D5370012382F831300020AC
S21440A6D05C4B9847C0E7574A115D6FF341011155EF
S21440A6E0594A02EB84025278062AB5D0544A524957
S21440A6F00B5D5370012382F83130544B9847ABE7DB
S21440A7004C4A115D6FF3820111554F4A02EB8402A9
S21440A7105278053AD2B2012A9ED9494A46490B5D3B
S21440A7205370012382F83130494B984794E7414AA9
S21440A730115D6FF304111155434A02EB84025278BF
S21440A740053AD2B2012A87D93D4A3B490B5D537040
S21440A750012382F831303F4B98477DE73E4B1B78CC
S21440A76013F0010F59D03C4B1A786FF300021A7061
S21440A7704D0069B100231A46384C3748034493F8D5
S21440A7800631A3540132D2B25300DBB2AB42F5DB02
S21440A790002942D0324C334D0139C9B20131002232
S21440A7A0244F0DE05E1EF6B2012E16D9032B19D0AB
S21440A7B0042B1CD0052B1FD0013201348A4220D0F6
S21440A7C015F8013F26789E42F6D02370002BE9D13B
S21440A7D0BB5C43F00103BB54EEE7BB5C43F00203B3
S21440A7E0BB54E9E7BB5C43F00403BB54E4E7BB5C03
S21440A7F043F00803BB54DFE7BB5C43F01003BB5495
S21440A800DAE7F8BD144B1B7813F0010F05D0124B56
S21440A8101A786FF300021A70F8BDF8BD14240120B0
S21440A8201D0B0020DCD10020A4CD002084CD0020CC
S21440A830D40B002044DD0020BCC500200C000020C6
S21440A840E4D10020B59C4000ECC50020795740007C
S21440A850A95740001D57400094250120B40B002006
S21440A860C40B0020B30B002070B50446174B984726
S21440A870174B03EB80035B78012B00D070BD154B64
S21440A8809B7813F0200FF9D1134D05EBC005EB78FC
S21440A89043F08003EB70114E34702046104B9847BF
S21440A8A0104B9847EB7843F04003EB700E4B9847BD
S21440A8B030780E4B98474FF4AA730D4A03FB00209E
S21440A8C001238374034AD371D8E700BFF94440009C
S21440A8D0ECC50020DCD100205CD10020E4D1002073
S21440A8E07D984000CD99400085A4400009974000DF
S21440A8F01CD200202DE9F0478A4B1B78012B4AD00A
S21440A900894B1B78012B4FD0884B1B78012B54D09A
S21440A910874B1B7813F0100F58D1854B1B7813F0DC
S21440A920200F00F05D81824B1A786FF345121A7043
S21440A93093F90230002B6ADB7E4B1B78012B6ED0DE
S21440A9407B4B1B7913F0400F0ED17B4B1A786FF37D
S21440A95045121A70794B1A786FF341021A70744B8D
S21440A960DA786FF30002DA70754B1878754B9847B3
S21440A9708046754B03EBC0031B7913F0010F54D18F
S21440A9806F4B93F83130002B00F0F88000246C4D6C
S21440A9906C4F6E4E93E00022624B1A706C4B93F8ED
S21440A9A0A6006C4B9847B3E700225F4B1A70684B83
S21440A9B093F8A600674B9847AAE700225B4B1A70AD
S21440A9C0634B93F8A600634B9847A1E7584C23780F
S21440A9D06FF304132370604B9847237913F0400FAE
S21440A9E09BD113F0080F06D0237903F0F70343F00A
S21440A9F01003237191E7524B1878584B98474FF401
S21440AA00AA73574A03FB002301229A7485E7484AF3
S21440AA10937803F07F0343F0400393708CE7002263
S21440AA20444B1A704F4B98478AE7484B13F82030F0
S21440AA3013F0010F05D1454B13F8203013F0020FE9
S21440AA409ED03D4B1B7813F0100F04D13B4B1B7828
S21440AA5013F0200F0BD0384B1A786FF304121A708D
S21440AA60364B1A786FF345121A703F4B9847364B61
S21440AA7003EBC8031B7913F0010F2BD12C4B1B792A
S21440AA8013F0100F39D113F0400F00F0A980284B77
S21440AA901A796FF386121A719A786FF345129A7084
S21440AAA09EE016F8203013F0010FCAD113F0020FC3
S21440AAB0C7D10134E4B295F83130A3425ED92B19A0
S21440AAC05878B84706EB80035B7803F0FD03012B0C
S21440AAD0EFD1E6E71C4B03EBC8031A796FF300028D
S21440AAE01A715A7842F080025A7036231F4A03FB86
S21440AAF008280023A8F8343072E00D4C23796FF311
S21440AB00041323711A4B9847637913F0020F02D14E
S21440AB10184B984764E062796FF341026271164BB6
S21440AB209847F5E737C5002038C5002049C50020BE
S21440AB30DCD10020900B0020A4CD002084CD002046
S21440AB40E4D10020F94440005CD10020ECC5002050
S21440AB509400002069A84000B1A440000997400036
S21440AB601CD20020C98C410031834000F8CD002023
S21440AB70259F400035A340002DA04000714B1B7818
S21440AB8013F0100F04D1704B1B7813F0200F0BD02E
S21440AB906C4B1A786FF304121A706B4B1A786FF37B
S21440ABA045121A70694B9847694B1B78012B31D078
S21440ABB0684B03EBC8039B7813F0040F30D1664B09
S21440ABC01B7913F0100F55D113F0400F67D0624B2E
S21440ABD01A796FF386121A719A786FF345129A7043
S21440ABE05C4BDB78DB0940F0AA800123594901EB36
S21440ABF0C302D278D20940F0A2800133102BF6D19E
S21440AC00564E06F110083446524FDFF84C91DFF8A6
S21440AC1054A154E000224E4B1A70514B9847DFE740
S21440AC204C4B03EBC80898F802306FF3820388F861
S21440AC30023098F804306FF3000388F8043000229E
S21440AC4088F8062098F8023062F3000388F802304D
S21440AC5098F8043043F0020388F80430414C2078DA
S21440AC60414B984794F83130002BB9D020783F4B71
S21440AC709847B5E7384C23796FF3041323713C4B60
S21440AC809847637913F0020F02D13A4B9847A7E7EB
S21440AC9062796FF341026271374B9847F5E7314C62
S21440ACA02078364B98472B4B03EBC00301229A7112
S21440ACB02078334B984793E7013444453DD0A31B57
S21440ACC007EBC302927812F0020FF5D099F80220F3
S21440ACD012F0200FF0D107EBC305AB7803F0FD036D
S21440ACE043F00403AB7020788AF80000254B984761
S21440ACF0254B98472B7943F001032B71234D2B7836
S21440AD006FF300032B7099F8003043F0030389F883
S21440AD10003099F8023043F0200389F802309AF860
S21440AD2000001B4B98474FF4AA731A4A03FB0020B7
S21440AD30012383740023AB71BEE7BDE8F087BDE80E
S21440AD40F08700BFA4CD002084CD00203183400092
S21440AD500A0000205CD10020DCD10020BCC50020C9
S21440AD6045A44000E4D100202D9A4000B59C400008
S21440AD70259F400035A340002DA04000F9444000E8
S21440AD80699C40007D984000CD9940000C00002012
S21440AD90099740001CD20020204B03EB80035B78D1
S21440ADA0012B03D0042B01D0002070471C4B03EB33
S21440ADB0C003DB78DB0925D1194B03EBC0035B7876
S21440ADC013F0100F20D1164B03EBC0035B7813F043
S21440ADD0200F1BD1124B03EBC000837813F0010FFA
S21440ADE016D1104B5B5C13F0040F13D10E4B5B5C1B
S21440ADF013F0020F10D10D4B187980F04000C0F3CD
S21440AE008010704700207047002070470020704731
S21440AE10002070470020704700207047ECC5002097
S21440AE205CD100207CCD00209CCD0020DCD10020D1
S21440AE30234B03EB80035B78012B01D00020704747
S21440AE40204B03EBC003DB78DB092AD11D4B03EB19
S21440AE50C0035B7813F0100F25D11A4B03EBC003E9
S21440AE605B7813F0200F20D1164B03EBC00083789D
S21440AE7013F0010F1BD1144B5B5C13F0040F18D179
S21440AE80124B5B5C13F0020F15D10F4B5B5C13F05B
S21440AE90080F12D10E4B187980F04000C0F3801096
S21440AEA07047002070470020704700207047002001
S21440AEB0704700207047002070470020704700BF52
S21440AEC0ECC500205CD100207CCD00209CCD00202D
S21440AED0DCD100202DE9F84F1B4D0024DFF87090A0
S21440AEE01A4EDFF870A0DFF870B008E00146404622
S21440AEF0D047012818D000BF0134102C22D05FFA6A
S21440AF0084F8274615F8010FC84716F8243013F082
S21440AF10010FEBD113F0020FE8D101464046D0476F
S21440AF20012808D000BFE7E70BEBC707FB7843F0E4
S21440AF300203FB70E0E70BEBC407FB786FF34103BB
S21440AF40FB70D9E7BDE8F88FBBC50020ECC50020F4
S21440AF500997400031AE40005CD100201E4B03EB09
S21440AF6080035B7803F0FD03012B01D0002070477F
S21440AF701A4B03EBC003DB78DB0922D1174B03EBFC
S21440AF80C0035B7813F0200F1DD1144B03EBC003B6
S21440AF909B7813F0010F18D1104B03EBC0035B787E
S21440AFA013F0100F13D10C4B13F8203013F0010F91
S21440AFB00FD1094B13F8200080F00200C0F3400088
S21440AFC070470020704700207047002070470020E0
S21440AFD070470020704700BFECC500205CD10020C1
S21440AFE02DE9F041194B93F831104A1CD2B283F840
S21440AFF031200B445870FAB100242646134DDFF832
S21440B0005C80134F05E00134E4B295F83120A2424B
S21440B0100CD92B195878C047B8470128F3D1731C70
S21440B0202A1952782E447270DEB2ECE726B1074BEE
S21440B03083F83160BDE8F081064C00212046064B7F
S21440B0409847002384F83030BDE8F081E4D10020F2
S21440B0505DAF4000E5D10020C5D44100F944400032
S21440B0602DE9F8432B4E06F1100734462A4DDFF8FB
S21440B070C080DFF8C0900DE005EBC302D27812F036
S21440B080080F04D198F8022012F0200F25D0013482
S21440B090BC423DD0A31B05EBC302D27812F0020F90
S21440B0A0EAD105EBC302D27812F0080FEFD098F839
S21440B0B0022012F0200FEAD105EBC303DA786FF3D3
S21440B0C0C302DA702078C847144B93F83130002B0F
S21440B0D0DDD02078124B9847D9E705EBC303DA78E2
S21440B0E042F00802DA7020780E4B984720780E4BD4
S21440B0F098470A4B93F83130002BC8D098F8033065
S21440B10043F0200388F803302078084B9847BEE782
S21440B110BDE8F883BCC500205CD10020E4D1002007
S21440B120B59C40007D984000E1AF4000699C4000DF
S21440B130DCD100202D9A40002DE9F04F83B001234A
S21440B140834001931C4F07EB40090026DFF87480CC
S21440B150DFF86CB0DFF870A018E00134102C0FD088
S21440B160E0B225FA04F313F0010FF6D0C0470128E9
S21440B170F3D1731C5E4414F80A207270DEB2ECE71A
S21440B180603709F160090D4B9F420BD0FB78019A5E
S21440B1901342F5D099F8553099F8545045EA0325AE
S21440B1A00024DDE736B1064B83F83160012003B05A
S21440B1B0BDE8F08F0020FAE708CA002008CD00203E
S21440B1C0E4D100205DAF4000BCC5002008B5064B6A
S21440B1D0984700B908BD054A537843F008035370B2
S21440B1E00020034B9847F5E739B14000DCD10020FA
S21440B1F0699C400008B5084B984700B908BD002038
S21440B200064B9847064B93F83130002BF6D000207B
S21440B210044B9847F2E700BF39B140002D9A4000F2
S21440B220E4D10020B59C400010B504460D4B5B5C55
S21440B23013F0080F0CD10C4B185C0C4B98470C4B7A
S21440B24093F831306BB1084B185D0A4B984710BDE8
S21440B250074B054A125C5A70012283F83120064B90
S21440B260984710BD7CCD0020BCC500202D9A4000DC
S21440B270E4D10020B59C4000D55740002DE9F04170
S21440B2800646984B1F5C3846974B9847974B03EBC0
S21440B29086035B78062B1AD00446052B21D0042B58
S21440B2A06FD0072B73D0A0464FF4AA73904A03FB87
S21440B2B004235B7CFF2B78D038468E4B98478E4BCA
S21440B2C093F83130002B40F00681BDE8F081012232
S21440B2D08A4B1A708A4B83F8A6708A4B9847BDE80B
S21440B2E0F081894B33445B78012B1CD0874B1B5C29
S21440B2F013F0040F25D1854B1B5C13F0080F34D197
S21440B300834B1B5C13F0020FCDD13846794B9847E0
S21440B310794B93F83130002BD7D0724B985D7D4BEC
S21440B3209847BDE8F081714B13F8263013F0040FB0
S21440B33002D000BFBDE8F0813846774B9847BDE85D
S21440B340F081724B1B5C13F0080F0ED1704B1B5CE8
S21440B35013F0020F40F00481674B5F70012283F8C0
S21440B36031206E4B9847BDE8F081604B03EB860278
S21440B3700121517013F826206FF3410203F826206E
S21440B38091E701463046664B9847BDE8F081654AEE
S21440B390537943F0080353713846564B9847514B00
S21440B3A0985D614B9847BDE8F081594B1B5D13F0A3
S21440B3B0020F40F0DF80554B1B5D13F0040F13D196
S21440B3C0524B1B5D13F0080F19D14FF4AA73484A2D
S21440B3D003FB0424237C83B100244FF4AA75444B1A
S21440B3E005FB0835514E63E0434B5F70012283F8FE
S21440B3F031204F4B9847BDE8F081BDE8F0812046AC
S21440B4004C4B98474C484D4B98474D4B1B78002B20
S21440B4103FF45BAF0025DFF84481484F484E404636
S21440B420B84773195878474B98470135EDB233788B
S21440B430AB42F4D8002B3FF448AF434B98474348C1
S21440B4403E4B98472C4B93F83130002B3FF43DAFA2
S21440B4500025DFF80881394F274E4046B847731914
S21440B4605878384B98470135EDB296F83130AB42B4
S21440B470F3D8002B3FF429AF244A135D43F0020370
S21440B4806FF3C3031355204A137843F00403137035
S21440B4902F4B98472F4B9847224AD37843F00103C7
S21440B4A0D370BDE8F0810134E4B22B7CA34210D9BE
S21440B4B0285DB047284B1844C37C012BF3D10122AA
S21440B4C00E4B1A702A5D0E4B83F8A6200D4B9847FC
S21440B4D0E9E7BDE8F081034B985D0E4B9847BDE821
S21440B4E0F08100BFBCC5002009974000ECC5002095
S21440B4F01CD200202D9A4000E4D1002039C50020FF
S21440B500940000209988400084CD00207CCD002007
S21440B5109CCD0020B59C4000F55A4000495740005D
S21440B52029B24000DCD10020595C4000F94440007C
S21440B530795740001D9C4000AC04420029974100CA
S21440B540E4CD00205197410091594000C404420088
S21440B55079874000D5574000A4CD0020C004420063
S21440B56080464FF4AA731F4A03FB00235B7CFF2BE5
S21440B5707FF4A2AE1C4B1B7823FA08F313F0010F9E
S21440B5803FF4A3AE2046194B9847194B1C78002C25
S21440B5903FF49BAE174D2246591C2846164B9847FB
S21440B5A005F8024C154A12F8083043F0030302F837
S21440B5B00830134B984715F8032C124B19786FF345
S21440B5C00001197042F0050205F8032C0E498A78EE
S21440B5D042F020028A7000229A7364225A83BDE8A1
S21440B5E0F08100BF1CD200201A0B00201D9C40009A
S21440B5F0E4CD0020A7CD002091D341009CCD002073
S21440B600798740000C000020DCD1002038B5234B61
S21440B6109D7805F020050023214909E001EBC3028F
S21440B620D27812F0100F00D1E5B10133102B2BD099
S21440B630D8B21C4601EBC302D27812F0040FEDD10B
S21440B64001EBC302D27812F0100FEED0002DECD1F1
S21440B650134B03EBC404E3786FF30413E370114B0E
S21440B660984738BD0E4B03EBC403DA7842F010021D
S21440B670DA700D4D285D0D4B9847285D0C4B98476A
S21440B6800C4B93F8313003B938BD044AD37843F0B5
S21440B6902003D370285D084B984738BDDCD1002086
S21440B6A05CD100207DB24000BCC500207D984000A3
S21440B6B0E1AF4000E4D10020699C400070B50446EC
S21440B6C0274B1E5C3046274B98470546264B03EBD8
S21440B6D084035B78042B10D04FF4AA73234A03FBF1
S21440B6E000235B7CFF2B0DD03046214B9847214BE7
S21440B6F093F83130002B2DD170BD014620461E4BAD
S21440B700984770BD1D4B1B5C13F0080F01D100BF5E
S21440B71070BD1B4B98471B4B1B78002BECD01A4B2D
S21440B7209847144B93F83130002BE5D0134A535DBD
S21440B73043F00A035355154A137843F00403137035
S21440B740134B9847134B9847134AD37843F001035B
S21440B750D37070BD024B185D104B9847CCE700BFC6
S21440B760BCC5002009974000ECC500201CD2002034
S21440B7702D9A4000E4D1002029B240007CCD002024
S21440B7801D9C4000E4CD00209159400084CD00200F
S21440B79079874000D5574000DCD10020B59C40005A
S21440B7A02DE9F047214D0024DFF89090204EDFF839
S21440B7B090A007E001463846D047012823D0013400
S21440B7C0102C31D0E7B2A04615F8010FC84716F83E
S21440B7D0243013F0010FEDD113F0020FEAD1154BD0
S21440B7E003EBC4035B7913F0040FE8D0114B03EB73
S21440B7F0C40898F805306FF3820388F80530384659
S21440B8000D4B9847DBE70B4B03EBC8035B7913F014
S21440B810040FD4D1074B03EBC80898F8053043F023
S21440B820040388F80530CAE7BDE8F087BBC50020AA
S21440B830ECC500205CD10020BDB640000997400012
S21440B84099AD400010B50446144B9847144B1B78EE
S21440B85003B910BD134B9847134B93F83130002B68
S21440B860F7D012490A781248035D43F001036FF39C
S21440B870820303550F48437943F00203437142F075
S21440B88022030B700C4B984700200C4B98470C4AF1
S21440B890537843F080035370DBE700BF1D9C4000A5
S21440B8A0E4CD002035594000E4D1002084CD00206E
S21440B8B07CCD0020DCD1002079874000B59C40003C
S21440B8C00C00002010B50446134B9847134B1B78CA
S21440B8D003B910BD124B9847124B93F83130002BEA
S21440B8E0F7D0114A135D43F001036FF3C3031355BA
S21440B8F00E4C637943F0020363710D4B984700206A
S21440B9000C4B98470C4A537843F080035370E378C7
S21440B91043F00103E370DCE71D9C4000E4CD0020CB
S21440B92091594000E4D100207CCD0020DCD100209D
S21440B93079874000B59C40000C00002010B50446B6
S21440B9400D4B98470D4B1B7803B910BD0C4B9847D1
S21440B9500C4B93F83130002BF7D00B4802780B494C
S21440B9600B5D42F00602027043F005030B55084B90
S21440B9709847084B9847E8E71D9C4000E4CD0020D8
S21440B98035594000E4D1002084CD00207CCD0020F5
S21440B990798740004957400010B50446104B9847F9
S21440B9A0104B1B7803B910BD0F4B98470F4B93F8BD
S21440B9B03130002BF7D00E4A135D43F00A0313557F
S21440B9C00C4A137843F0040313700B4B98470B4B09
S21440B9D098470B4AD37843F00103D370E3E700BFA0
S21440B9E01D9C4000E4CD002091594000E4D1002049
S21440B9F07CCD002084CD002079874000D55740007C
S21440BA00DCD1002008B50C4B03EB80035B78053B8C
S21440BA10DBB2012B0ED9094B094A125C5A7001223F
S21440BA2083F83120074A537943F0020353710020CC
S21440BA30054B984708BD00BFECC50020E4D1002068
S21440BA40BCC50020DCD10020B59C400010B5914B11
S21440BA501B78013B252B2BD8DFE813F0260061002E
S21440BA60460178019A016E00B300D500E001070256
S21440BA704D0267018901B8018B00C400F300FC0148
S21440BA8035026D02460178019A016E00B300D5007A
S21440BA90E00107024D0267018901B8018B00C4002E
S21440BAA0F300FC0135026D027B4B984701282DD0F0
S21440BAB07A4B1B78013B252B00F27C82DFE813F0A3
S21440BAC07602B0026A039C03ED03BC020103230323
S21440BAD033045A04A0048B03DC030B04D90212037C
S21440BAE041034F048804C0046A039C03ED03BC0270
S21440BAF00103230333045A04A0048B03DC030B0422
S21440BB00D902120341034F048804C004644A1378E0
S21440BB1043F0010313700020624B9847C8E7624B1E
S21440BB2098470128C4D15E4B1A786FF300021A700A
S21440BB3000205E4B9847BBE7574B98470128B7D144
S21440BB40574A137843F001031370594B5B78013B17
S21440BB50DBB2584A02EB83025278062AA8D0564AED
S21440BB605649CB5C5370012382F83130544B98478A
S21440BB709EE74D4B984701289AD1494B1A786FF368
S21440BB8000021A704A4B5B78013BDBB2494A02EB33
S21440BB9083025278062A8BD0474A4849CB5C53707A
S21440BBA0012382F83130474A537943F002035371F8
S21440BBB0454A137843F0200313700020434B9847C0
S21440BBC076E7354B984701287FF472AF344A1378AE
S21440BBD043F001031370364B58781138C0B23C4BD3
S21440BBE0984765E7304B984701287FF461AF2C4B68
S21440BBF01A786FF300021A702D4B58781138C0B27D
S21440BC00344B984754E7244B984701287FF450AF6D
S21440BC10234A137843F0010313702B4A137843F0FA
S21440BC20080313702C4B984700283FF441AF264A30
S21440BC30137843F002031370284B9847284B9847D5
S21440BC4036E7194B984701287FF432AF144B1A78E1
S21440BC506FF300021A701C4B1A786FF3C3021A7007
S21440BC601D4B984700283FF423AF17490B781548DB
S21440BC70427942F00202427143F022030B70174BA6
S21440BC8098470020114B9847164A537843F0800354
S21440BC9053700DE7090B0020459D40000B0B00201C
S21440BCA058D10020CDB140006D9D4000F5B1400018
S21440BCB008CD0020ECC50020E4D10020BCC5002003
S21440BCC079574000DCD1002084CD0020B59C400050
S21440BCD03DB9400045B840004D834000798740005C
S21440BCE0495740000C000020994B984701287FF4A4
S21440BCF0DFAE984A137843F001031370964B5B7897
S21440BD00013BDBB2954A02EB83025278053AD2B247
S21440BD10012A7FF6CDAE924A9249CB5C53700123FE
S21440BD2082F83130904B9847C2E6904B98470128AE
S21440BD307FF4BEAE874B1A786FF300021A70864BBC
S21440BD4058780138C0B28A4B9847B1E6804B98473E
S21440BD5001287FF4ADAE7F4A137843F00103137099
S21440BD607D4B58781138C0B2824B9847A0E67F4B3F
S21440BD70984701287FF49CAE764B1A786FF3000202
S21440BD801A70754B58781138C0B27B4B98478FE67F
S21440BD906F4B984701287FF48BAE6E4A137843F07A
S21440BDA001031370754A137843F008031370744BFD
S21440BDB0984700283FF47CAE724B9847724B9847A2
S21440BDC0724AD37843F00103D37071E6674B9847C5
S21440BDD001287FF46DAE5F4B1A786FF300021A703D
S21440BDE0664B1A786FF3C3021A70654B9847002863
S21440BDF03FF45EAE654C637943F002036371614B7A
S21440BE0098470020624B9847624A537843F0800335
S21440BE105370E37843F00103E37049E64C4B984790
S21440BE2001287FF445AE4B4A137843F00103137064
S21440BE30494B5B78013BDBB2484A02EB83025278BF
S21440BE40012A7FF435AE474AD25C454B1A70524BB6
S21440BE5098472DE6454B984701287FF429AE3D4B41
S21440BE601A786FF300021A7022E6394B9847012879
S21440BE707FF41EAE374A137843F001031370364BF7
S21440BE8058781138C0B2454B9847454B1B78002B25
S21440BE903FF40EAE434B9847314B93F83130002B6E
S21440BEA03FF406AE3B4A13786FF300031370374BEC
S21440BEB0597941F001015971997841F02001997002
S21440BEC000231376F4E5294B984701287FF4F0AD1C
S21440BED0204B1A786FF300021A701F4B58781138AF
S21440BEE0C0B22E4B98472E4B1B78002B3FF4E0AD4C
S21440BEF02C4B9847DCE5164B984701287FF4D8AD85
S21440BF00144A137843F001031370274B98470028D0
S21440BF103FF4CEAD1F4A13786FF3000313701B4BEC
S21440BF20597941F001015971997841F02001997091
S21440BF3000231376BCE50D4B984701287FF4B8AD37
S21440BF40044B1A786FF300021A70174B9847AFE508
S21440BF50459D400058D1002008CD0020ECC500206B
S21440BF60E4D10020BCC50020A95740006D9D40008C
S21440BF7005BA400099B94000C5B8400084CD0020BD
S21440BF800984400079874000D5574000DCD1002026
S21440BF90B59C40000C000020DDA440001D9C4000E5
S21440BFA0E4CD0020695A4000C58440009B4B98472A
S21440BFB001282DD09A4B1B78013B252B00F251824D
S21440BFC0DFE813F04B0286027703A903CB03C602D1
S21440BFD00E03300340046704AD049803BA03E90334
S21440BFE0E4021F034E035C049504CD047703A903C3
S21440BFF0CB03C6020E03300340046704AD04980327
S21440C000BA03E903E4021F034E035C049504CD041F
S21440C010844A137843F002031370834B9847C9E76A
S21440C020824B98470128C5D17E4B1A786FF3410260
S21440C0301A707F4B9847BDE7784B98470128B9D18F
S21440C040784A137843F0020313707A4BDB79013B4E
S21440C050DBB2794A02EB83025278062AAAD0774AA4
S21440C0607749CB5C5370012382F83130754B984743
S21440C070A0E76E4B984701289CD16A4B1A786FF31D
S21440C08041021A706B4BDB79013BDBB26A4A02EB2A
S21440C09083025278062A8DD0684A6949CB5C537031
S21440C0A0012382F83130684A537943F002035371D2
S21440C0B0664A137843F0200313700020644B984779
S21440C0C078E7564B984701287FF474AF554A137863
S21440C0D043F002031370574BD8791138C0B25D4B0A
S21440C0E0984767E7514B984701287FF463AF4D4B1D
S21440C0F01A786FF341021A704E4BD8791138C0B295
S21440C100554B984756E7454B984701287FF452AF22
S21440C110444A137843F0020313704C4A137843F0B2
S21440C120080313704D4B984700283FF443AF474AE7
S21440C130137843F002031370494B9847494B98478E
S21440C14038E73A4B984701287FF434AF354B1A7896
S21440C1506FF341021A703D4B1A786FF3C3021A70A0
S21440C1603E4B984700283FF425AF38490B78364871
S21440C170427942F00202427143F022030B70384B80
S21440C18098470020324B9847374A537843F080030D
S21440C19053700FE7214B984701287FF40BAF214A95
S21440C1A0137843F002031370224BDB79013BDBB27A
S21440C1B0214A02EB83025278053AD2B2012A7FF630
S21440C1C0F9AE1E4A1E49CB5C5370012382F83130CB
S21440C1D0264B9847EEE6154B984701287FF4EAAE83
S21440C1E0104B1A786FF341021A70124BD879013807
S21440C1F0C0B21F4B9847DDE6084B984701287FF4AE
S21440C200D9AE084A137843F002031370094BD87925
S21440C2101138C0B2174B9847CCE600BF959D4000FA
S21440C2200D0B002058D10020CDB14000BD9D4000F0
S21440C230F5B1400008CD0020ECC50020E4D1002038
S21440C240BCC5002079574000DCD1002084CD0020BA
S21440C250B59C40003DB9400045B840004D83400085
S21440C26079874000495740000C000020A9574000FD
S21440C27005BA400099B940009C4B984701287FF486
S21440C28099AE9B4B1A786FF341021A70994BD87946
S21440C2901138C0B2984B98478CE6984B984701287F
S21440C2A07FF488AE924A137843F002031370944AA0
S21440C2B0137843F008031370924B984700283FF4D6
S21440C2C079AE914B9847914B9847914AD37843F033
S21440C2D00103D3706EE6854B984701287FF46AAE1B
S21440C2E0834B1A786FF341021A70854B1A786FF3B6
S21440C2F0C3021A70834B984700283FF45BAE844CC9
S21440C300637943F0020363717F4B98470020814B6B
S21440C3109847814A537843F080035370E37843F05C
S21440C3200103E37046E6754B984701287FF442AE1A
S21440C3306F4A137843F0020313706E4BDB79013B70
S21440C340DBB2764A02EB83025278012A7FF432AEA1
S21440C350734AD25C734B1A70734B98472AE6634B0A
S21440C360984701287FF426AE614B1A786FF3410256
S21440C3701A701FE6614B984701287FF41BAE5C4A53
S21440C380137843F0020313705A4BD8791138C0B271
S21440C390664B9847664B1B78002B3FF40BAE654BBD
S21440C3A09847604B93F83130002B3FF403AE5A4A1F
S21440C3B013786FF300031370554B597941F0010120
S21440C3C05971997841F02001997000231376F1E570
S21440C3D0464B984701287FF4EDAD454B1A786FF3EE
S21440C3E041021A70434BD8791138C0B24F4B984728
S21440C3F04F4B1B78002B3FF4DDAD4E4B9847D9E5AD
S21440C4003E4B984701287FF4D5AD394A137843F020
S21440C41002031370484B984700283FF4CBAD3E4A82
S21440C42013786FF300031370394B597941F00101CB
S21440C4305971997841F02001997000231376B9E537
S21440C4402A4B984701287FF4B5AD294B1A786FF3ED
S21440C45041021A70384B9847ACE5384B984701284C
S21440C4602DD0374B1B78013B252B00F28982DFE825
S21440C47013F08302BE02A703D903FB03CB021003CB
S21440C480600341046804E104C803EA031904E802AF
S21440C4904F037E035D04C9040105A703D903FB03CC
S21440C4A0CB021003600341046804E104C803EA03B6
S21440C4B01904E8024F037E035D04C90401050C4AD3
S21440C4C0137843F00403137002201E4B9847C8E7C6
S21440C4D01D4B98470128C4D1054B1A786FF382024A
S21440C4E01A700220194B9847BBE700BFBD9D40001D
S21440C4F058D1002008CD0020C5B84000959D40008A
S21440C50084CD00200984400079874000D5574000FC
S21440C510DCD10020B59C40000C000020ECC500207B
S21440C520BCC50020E4D10020DDA440001D9C400096
S21440C530E4CD0020695A4000C5844000E59D400097
S21440C5400F0B0020CDB140000D9E4000F5B14000DD
S21440C550A54B9847012884D1A44A137843F0040396
S21440C5601370A34B5B7B013BDBB2A24A02EB830218
S21440C5705278062A3FF475AF9F4AA049CB5C537069
S21440C580012382F831309E4B98476AE79D4B984787
S21440C59001287FF466AF954B1A786FF382021A70C3
S21440C5A0934B5B7B013BDBB2924A02EB83025278B1
S21440C5B0062A3FF456AF904A9049CB5C537001230D
S21440C5C082F83130904A537943F0020353718F4AD0
S21440C5D0137843F02003137000208D4B984740E7B4
S21440C5E0814B984701287FF43CAF804A137843F04C
S21440C5F0040313707E4B587B1138C0B2854B984766
S21440C6002FE7804B984701287FF42BAF774B1A785B
S21440C6106FF382021A70764B587B1138C0B27E4B4D
S21440C62098471EE7704B984701287FF41AAF6F4A29
S21440C630137843F004031370744A137843F00803E6
S21440C6401370764B984700283FF40BAF6F4A137829
S21440C65043F002031370724B9847724B984700E7BB
S21440C660684B984701287FF4FCAE604B1A786FF30E
S21440C67082021A70654B1A786FF3C3021A70674BC2
S21440C680984700283FF4EDAE60490B785E48427903
S21440C69042F00202427143F022030B70604B98470F
S21440C6A000205B4B9847604A537843F080035370B2
S21440C6B0D7E64D4B984701287FF4D3AE4B4A1378C4
S21440C6C043F0040313704A4B5B7B013BDBB2494AA1
S21440C6D002EB83025278053AD2B2012A7FF6C1AE07
S21440C6E0454A4649CB5C5370012382F831304F4B64
S21440C6F09847B6E6434B984701287FF4B2AE3B4B8B
S21440C7001A786FF382021A70394B587B0138C0B2E0
S21440C710474B9847A5E6344B984701287FF4A1AE8F
S21440C720324A137843F004031370314B587B113868
S21440C730C0B2404B984794E6324B984701287FF466
S21440C74090AE2A4B1A786FF382021A70284B587BA9
S21440C7501138C0B2384B984783E6234B9847012898
S21440C7607FF47FAE214A137843F004031370274AC0
S21440C770137843F008031370304B984700283FF473
S21440C78070AE274B98472E4B98471F4AD37843F0B6
S21440C7900103D37065E61B4B984701287FF461AED2
S21440C7A0124B1A786FF382021A70184B1A786FF38E
S21440C7B0C3021A70214B984700283FF452AE124CE1
S21440C7C0637943F002036371154B98470020104B82
S21440C7D09847154A537843F080035370E37843F004
S21440C7E00103E3703DE600BFE59D400058D10020C0
S21440C7F008CD0020ECC50020E4D10020BCC50020B8
S21440C800795740000D9E4000DCD1002084CD0020AA
S21440C810B59C40003DB9400045B840004D834000BF
S21440C82079874000495740000C000020A957400037
S21440C83005BA400099B94000C5B840000984400098
S21440C840D55740009B4B984701287FF40AAE9A4A3A
S21440C850137843F004031370984B5B7B013BDBB2C9
S21440C860974A02EB83025278012A7FF4FAAD954A42
S21440C870D25C954B1A70954B9847F2E5944B984787
S21440C88001287FF4EEAD8C4B1A786FF382021A7053
S21440C890E7E5884B984701287FF4E3AD864A13784E
S21440C8A043F004031370854B587B1138C0B2894B54
S21440C8B09847894B1B78002B3FF4D3AD874B98475E
S21440C8C0814B93F83130002B3FF4CBAD844A13783C
S21440C8D06FF300031370834B597941F0010159718E
S21440C8E0997841F02001997000231376B9E5784B8A
S21440C8F0984701287FF4B5AD6F4B1A786FF38202E4
S21440C9001A706E4B587B1138C0B2724B9847724BB8
S21440C9101B78002B3FF4A5AD704B9847A1E5654BBF
S21440C920984701287FF49DAD634A137843F004038B
S21440C93013706D4B984700283FF493AD684A1378C0
S21440C9406FF300031370674B597941F00101597139
S21440C950997841F0200199700023137681E55C4B6D
S21440C960984701287FF47DAD534B1A786FF38202C7
S21440C9701A705D4B984774E55C4B984701282DD05C
S21440C9805B4B1B78013B252B00F28582DFE813F0DA
S21440C9907F02BA02AA03DC03FE03C7020C032E037F
S21440C9A044046B04B104CB03ED031C04E4021D03F2
S21440C9B04C0360049904D104AA03DC03FE03C702B7
S21440C9C00C032E0344046B04B104CB03ED031C0498
S21440C9D0E4021D034C0360049904D104364A1378DC
S21440C9E043F0080313700320424B9847C8E7424B76
S21440C9F098470128C4D1304B1A786FF3C3021A7097
S21440CA0003203E4B9847BBE7384B98470128B7D1A1
S21440CA10294A137843F008031370284BDB7C013B0C
S21440CA20DBB2274A02EB83025278062AA8D0264A6F
S21440CA302449CB5C5370012382F83130304B984701
S21440CA409EE72D4B984701289AD11B4B1A786FF3D7
S21440CA50C3021A70194BDB7C013BDBB2184A02EB6F
S21440CA6083025278062A8BD0174A1649CB5C5370FD
S21440CA70012382F831301B4A537943F00203537145
S21440CA80204A137843F02003137000201E4B98472B
S21440CA9076E7164B984701287FF472AF064A13781C
S21440CAA043F008031370054BD87C1138C0B2174BBF
S21440CAB0984765E7E59D400058D1002008CD002006
S21440CAC0ECC50020BCC50020E4D10020DDA4400019
S21440CAD00D9E40001D9C4000E4CD0020695A400059
S21440CAE00C000020DCD10020C5844000359E40006C
S21440CAF0110B0020CDB140005D9E4000F5B14000D6
S21440CB007957400084CD0020B59C40003DB9400098
S21440CB10A34B984701287FF433AFA24B1A786FF3A4
S21440CB20C3021A70A04BD87C1138C0B29F4B9847AE
S21440CB3026E79F4B984701287FF422AF994A1378FF
S21440CB4043F0080313709B4A137843F008031370AE
S21440CB50994B984700283FF413AF964A137843F012
S21440CB6002031370954B9847954B984708E78C4BB4
S21440CB70984701287FF404AF8A4B1A786FF3C302B4
S21440CB801A708C4B1A786FF3C3021A708A4B984708
S21440CB9000283FF4F5AE87490B788A48427942F040
S21440CBA00202427143F022030B70844B98470020E8
S21440CBB0854B9847854A537843F080035370DFE6A9
S21440CBC07B4B984701287FF4DBAE764A137843F0D8
S21440CBD008031370744BDB7C013BDBB27C4A02EBF0
S21440CBE083025278053AD2B2012A7FF6C9AE794A14
S21440CBF07949CB5C5370012382F83130774B9847A4
S21440CC00BEE6674B984701287FF4BAAE654B1A7864
S21440CC106FF3C3021A70644BD87C0138C0B2704BB5
S21440CC209847ADE6624B984701287FF4A9AE5D4A27
S21440CC30137843F0080313705B4BD87C1138C0B2AE
S21440CC40684B98479CE6564B984701287FF498AE29
S21440CC50544B1A786FF3C3021A70534BD87C113872
S21440CC60C0B2614B98478BE6514B984701287FF4FA
S21440CC7087AE4C4A137843F0080313704D4A137836
S21440CC8043F008031370594B984700283FF478AE9A
S21440CC904A4B9847564B98474A4AD37843F0010345
S21440CCA0D3706DE63E4B984701287FF469AE3D4B06
S21440CCB01A786FF3C3021A703E4B1A786FF3C302AA
S21440CCC01A704A4B984700283FF45AAE3D4C637959
S21440CCD043F002036371394B984700203A4B98471C
S21440CCE03A4A537843F080035370E37843F00103A5
S21440CCF0E37045E62E4B984701287FF441AE294A1B
S21440CD00137843F008031370274BDB7C013BDBB200
S21440CD102F4A02EB83025278012A7FF431AE2E4A24
S21440CD20D25C2C4B1A70334B984729E61C4B9847DD
S21440CD3001287FF425AE1B4B1A786FF3C3021A7096
S21440CD401EE61B4B984701287FF41AAE154A137807
S21440CD5043F008031370144BD87C1138C0B2264BEE
S21440CD609847264B1B78002B3FF40AAE244B984737
S21440CD70184B93F83130002B3FF402AE134A137829
S21440CD806FF3000313700F4B597941F0010159714D
S21440CD90997841F02001997000231376F0E500BFA2
S21440CDA05D9E400058D1002008CD002045B8400088
S21440CDB0359E400084CD00204D834000798740005A
S21440CDC049574000DCD10020B59C40000C000020B4
S21440CDD0ECC50020E4D10020BCC50020A957400087
S21440CDE005BA400099B94000C5B8400009844000E3
S21440CDF0D5574000DDA440001D9C4000E4CD0020F7
S21440CE00695A40009D4B984701287FF4B9AD9C4B2A
S21440CE101A786FF3C3021A709A4BD87C1138C0B296
S21440CE20994B9847994B1B78002B3FF4A9AD984BEC
S21440CE309847A5E5974B984701287FF4A1AD904ABF
S21440CE40137843F008031370934B984700283FF439
S21440CE5097AD924A13786FF300031370904B59794D
S21440CE6041F001015971997841F0200199700023F1
S21440CE70137685E5814B984701287FF481AD804B3A
S21440CE801A786FF3C3021A70834B984778E5854B40
S21440CE90984701282DD0844B1B78013B252B00F268
S21440CEA05982DFE813F0530293024E038003A20335
S21440CEB0A002E50207031904400486046F039103A9
S21440CEC0F103BD02F602250335046E04A6044E03A4
S21440CED08003A203A002E502070319044004860467
S21440CEE06F039103F103BD02F602250335046E0479
S21440CEF0A604634A137843F01003137004206B4B68
S21440CF009847C8E76A4B98470128C4D15C4B1A78C3
S21440CF106FF304121A700420664B9847BBE7614BC8
S21440CF2098470128B7D1564A137843F01003137038
S21440CF30544B5B7E013BDBB25F4A02EB8302527886
S21440CF40062AA8D05D4A5E49CB5C5370012382F81E
S21440CF5031305C4B98479EE7554B984701289AD10D
S21440CF60474B1A786FF304121A70464B5B7E013BB0
S21440CF70DBB2514A02EB83025278062A8BD04F4AE4
S21440CF804F49CB5C5370012382F83130444A537981
S21440CF9043F0020353714C4A137843F02003137056
S21440CFA000204A4B984776E73E4B984701287FF447
S21440CFB072AF334A137843F010031370314B587EE8
S21440CFC01138C0B2424B984765E7394B984701281D
S21440CFD07FF461AF2A4B1A786FF304121A70294B0C
S21440CFE0587E1138C0B23B4B984754E72D4B984774
S21440CFF001287FF450AF224A137843F01003137091
S21440D000314A137843F008031370334B984700288F
S21440D0103FF441AF2C4A137843F0020313702F4B72
S21440D02098472F4B984736E7214B984701287FF47F
S21440D03032AF134B1A786FF304121A70224B1A78D9
S21440D0406FF3C3021A70244B984700283FF423AF6F
S21440D0501D490B781248427942F00202427143F071
S21440D06022030B701D4B98470020184B98470B4ADD
S21440D070537843F0800353700DE700BF5D9E400039
S21440D08058D1002008CD00201D9C4000E4CD002053
S21440D090695A4000359E4000C58440000C00002080
S21440D0A0DCD10020859E4000130B0020CDB140000F
S21440D0B0AD9E4000F5B14000ECC50020E4D1002014
S21440D0C0BCC500207957400084CD0020B59C400068
S21440D0D03DB9400045B840004D8340007987400048
S21440D0E049574000A04B984701287FF4D4AE9F4A4A
S21440D0F0137843F0100313709D4B5B7E013BDBB20D
S21440D1009C4A02EB83025278053AD2B2012A7FF655
S21440D110C2AE994A9949CB5C5370012382F83130AC
S21440D120974B9847B7E6974B984701287FF4B3AE9E
S21440D1308E4B1A786FF304121A708D4B587E013856
S21440D140C0B2914B9847A6E6874B984701287FF494
S21440D150A2AE864A137843F010031370844B587E71
S21440D1601138C0B2894B984795E6864B98470128B8
S21440D1707FF491AE7D4B1A786FF304121A707C4B95
S21440D180587E1138C0B2824B984784E6764B984713
S21440D19001287FF480AE754A137843F0100313706D
S21440D1A07C4A137843F0080313707B4B984700285B
S21440D1B03FF471AE794B9847794B9847794AD37884
S21440D1C043F00103D37066E66E4B984701287FF420
S21440D1D062AE664B1A786FF304121A706D4B1A786B
S21440D1E06FF3C3021A706C4B984700283FF453AE57
S21440D1F06C4C637943F002036371684B9847002098
S21440D200694B9847694A537843F080035370E378F4
S21440D21043F00103E3703EE6534B984701287FF402
S21440D2203AAE524A137843F010031370504B5B7E6D
S21440D230013BDBB24F4A02EB83025278012A7FF46D
S21440D2402AAE4E4AD25C4C4B1A70594B984722E64F
S21440D2504C4B984701287FF41EAE444B1A786FF328
S21440D26004121A7017E6404B984701287FF413AE15
S21440D2703E4A137843F0100313703D4B587E1138E6
S21440D280C0B24C4B98474C4B1B78002B3FF403AE38
S21440D2904A4B9847384B93F83130002B3FF4FBAD60
S21440D2A0424A13786FF3000313703E4B597941F0AE
S21440D2B001015971997841F0200199700023137645
S21440D2C0E9E5304B984701287FF4E5AD274B1A78BF
S21440D2D06FF304121A70264B587E1138C0B2354B85
S21440D2E09847354B1B78002B3FF4D5AD334B9847CA
S21440D2F0D1E51D4B984701287FF4CDAD1B4A1378E6
S21440D30043F0100313702E4B984700283FF4C3ADEC
S21440D310264A13786FF300031370224B597941F075
S21440D32001015971997841F02001997000231376D4
S21440D330B1E5144B984701287FF4ADAD0B4B1A78F6
S21440D3406FF304121A701E4B9847A4E51D4B98477E
S21440D350012800D010BD054A137843F0200313700F
S21440D3600520194B984710BD859E400058D1002097
S21440D37008CD0020ECC50020E4D10020BCC500202C
S21440D380A9574000AD9E400005BA400099B94000FC
S21440D390C5B8400084CD002009844000798740000D
S21440D3A0D5574000DCD10020B59C40000C00002042
S21440D3B0DDA440001D9C4000E4CD0020695A40009A
S21440D3C0C5844000D59E4000CDB14000964B98475E
S21440D3D00128BFD1954B1A786FF345121A70052075
S21440D3E0934B984710BD934B98470128B2D18F4A2C
S21440D3F0137843F0200313708F4BDB7F013BDBB287
S21440D4008E4A02EB83025278062AA3D08C4A8D4974
S21440D410CB5C5370012382F831308B4B984710BD5C
S21440D420814B9847012895D1804B1A786FF3451267
S21440D4301A70814BDB7F013BDBB2804A02EB8302F2
S21440D4405278062A86D07E4A7E49CB5C53700123AA
S21440D45082F831307D4A537943F0020353717C4A57
S21440D460137843F02003137000207A4B984710BD82
S21440D470704B984701287FF46DAF6C4A137843F0A1
S21440D480200313706C4BD87F1138C0B2724B98474C
S21440D49010BD654B984701287FF45CAF634B1A7804
S21440D4A06FF345121A70644BD87F1138C0B26B4B7D
S21440D4B0984710BD5F4B984701287FF44BAF5B4AB7
S21440D4C0137843F020031370614A137843F008033F
S21440D4D01370634B984700283FF43CAF5C4A137880
S21440D4E043F0020313705F4B98475F4B984710BD5D
S21440D4F04D4B984701287FF42DAF4C4B1A786FF36D
S21440D50045121A70524B1A786FF3C3021A70544B76
S21440D510984700283FF41EAF4D490B784B48427958
S21440D52042F00202427143F022030B704D4B984783
S21440D5300020484B98474D4A537843F08003537039
S21440D54010BD3C4B984701287FF404AF374A137808
S21440D55043F020031370384BDB7F013BDBB2374A86
S21440D56002EB83025278053AD2B2012A7FF6F2AE37
S21440D570334A3449CB5C5370012382F831303C4BFC
S21440D580984710BD284B984701287FF4E3AE274BB9
S21440D5901A786FF345121A70274BD87F0138C0B2FD
S21440D5A0344B984710BD234B984701287FF4D2AEA2
S21440D5B01E4A137843F0200313701F4BD87F113850
S21440D5C0C0B22D4B984710BD174B984701287FF4A3
S21440D5D0C1AE164B1A786FF345121A70164BD87FA9
S21440D5E01138C0B2254B984710BD124B98470128BA
S21440D5F07FF4B0AE0D4A137843F020031370144AFC
S21440D600137843F0080313701D4B984700283FF4E7
S21440D610A1AE144B98471B4B98470C4AD37843F01F
S21440D6200103D37010BD00BFFD9E400058D10020BE
S21440D630F5B14000D59E400008CD0020ECC5002046
S21440D640E4D10020BCC5002079574000DCD1002042
S21440D65084CD0020B59C40003DB9400045B8400010
S21440D6604D83400079874000495740000C00002019
S21440D670A957400005BA400099B94000C5B84000D7
S21440D68009844000D5574000604B984701287FF4F6
S21440D69061AE5F4B1A786FF345121A705D4B1A787D
S21440D6A06FF3C3021A705C4B984700283FF452AEA3
S21440D6B05A4C637943F002036371594B98470020F4
S21440D6C0584B9847584A537843F080035370E37852
S21440D6D043F00103E37010BD544B984701287FF494
S21440D6E039AE4B4A137843F020031370504BDB7F20
S21440D6F0013BDBB24F4A02EB83025278012A7FF4A9
S21440D70029AE4D4AD25C4D4B1A704D4B984710BDD2
S21440D7103E4B984701287FF41DAE3D4B1A786FF379
S21440D72045121A7010BD414B984701287FF412AE3F
S21440D730374A137843F0200313703D4BD87F113897
S21440D740C0B2404B9847404B1B78002B3FF402AE8C
S21440D7503E4B9847394B93F83130002B3FF4FAADA7
S21440D760314A13786FF3000313702C4B597941F00C
S21440D77001015971997841F0200199700023137680
S21440D78010BD224B984701287FF4E4AD204B1A7811
S21440D7906FF345121A70264BD87F1138C0B2294B0A
S21440D7A09847294B1B78002B3FF4D4AD274B98471E
S21440D7B010BD1E4B984701287FF4CCAD144A137811
S21440D7C043F020031370224B984700283FF4C2AD25
S21440D7D0154A13786FF300031370104B597941F0D4
S21440D7E001015971997841F0200199700023137610
S21440D7F010BD064B984701287FF4ACAD044B1A7811
S21440D8006FF345121A70124B9847A3E5FD9E4000F1
S21440D81058D1002084CD002009844000DCD100206F
S21440D82079874000B59C40000C000020D59E400003
S21440D83008CD0020ECC50020BCC50020E4D1002067
S21440D840DDA440001D9C4000E4CD0020695A400005
S21440D850C5844000F0B583B00920114EB047114F43
S21440D8600124009400231A464FF4802138460E4D7A
S21440D870A8470920B0470094002322464FF40021D1
S21440D8803846A8474FF40067084B1F600A20B04749
S21440D89000940023224639460548A84703B0F0BD09
S21440D8A061EA4000000E0E40DBE7400014030E40E5
S21440D8B000100E40F8B54700FFB26B4B13F820300F
S21440D8C003F00103694A12F8202002F001029A424E
S21440D8D000F0B180654911F8202063F3000201F89A
S21440D8E02020614B13F82030C3F34003C2F34002BC
S21440D8F09A4206D05D4A12F8201063F3410102F8BE
S21440D90020105A4B13F8203013F0010F16D1574B06
S21440D91013F8203013F0020F08D1554B3B44002239
S21440D92083F82521022283F8262191E0504B3B4480
S21440D930002283F8252183F8262189E04B4B13F8F3
S21440D940203013F0020F08D1494B3B44002283F8A5
S21440D9502521032283F826217AE0454B3B440022CA
S21440D96083F82521012283F8262171E0023103F550
S21440D970AA73B3420CD013F80E205C5D9442F5D0E7
S21440D9805A55042A9CBF81F845C181F84621EDE7E7
S21440D9908100354B0B449B78344A0A4492789A422D
S21440D9A031D0032B1ED82BB9304A02EB800200211F
S21440D9B091701CE0012B09D0022B0DD0032B16D101
S21440D9C02A4A02EB80020121917010E0274A02EBBE
S21440D9D08002032191700AE0244A02EB8002022171
S21440D9E0917004E0214A02EB8002002191702049A8
S21440D9F03944002281F855211C4A02EB8002947873
S21440DA0081F8564193708100174A0A445278174B62
S21440DA100B445B78934225D0144B03EB8000427056
S21440DA201046144B9847124B1F44002387F8053185
S21440DA3087F80601F8BD0C4B13F82030C3F34003BB
S21440DA400A4A12F82020C2F340029A427FF452AFAC
S21440DA5007491123DFF824E0074D4FF0000C40F64D
S21440DA60B12688E7F8BD00BFECC50020200B00209B
S21440DA7094250120C544400054DD00201CD20020DF
S21440DA801F4B1B78012B00D07047F0B400211C4A76
S21440DA9011701C4A1278042A03D0072A18D0F0BC0A
S21440DAA0F2E7194A1578194A194E171D0C4612F80E
S21440DAB0010B16F8011B884208BF1D46884208BF66
S21440DAC00124BA42F3D1002CE9D00F4B1D70E6E793
S21440DAD00D4A15780F4A104ED71D002412F8010F34
S21440DAE016F8011F884208BF1D46884208BF012419
S21440DAF0BA42F3D1002CD2D0034B1D70CFE700BF03
S21440DB0048C5002047C5002049C5002040C5002024
S21440DB10480000203FC500204B00002010B50E48AE
S21440DB200E4B98473E2100200D4B98470D4CA04782
S21440DB300028FCD00C4B98470C4A0D4B9A620D4C73
S21440DB40A0470028FCD010200B4B98470B4B98471B
S21440DB500148024B984710BD000E270799F1400038
S21440DB60DDE9400031EA400041EA4000013F132031
S21440DB7000040E4051EA400079E940008DF0400034
S21440DB802DE9F04180B90C469046002A0FDD8F18EB
S21440DB90084E094D306821462B6898470134BC42F0
S21440DBA0F8D14046BDE8F0814FF0FF38F9E78046AF
S21440DBB0F7E700BFFCE70020F4E700200138022822
S21440DBC015D82DE9F0410E4614469AB10D46DFF8B9
S21440DBD038800C4FD8F8000015F8011B3B68984772
S21440DBE000280ADBA81B013CF4D1BDE8F0814FF0C9
S21440DBF0FF3070471046BDE8F0814FF0FF30BDE87B
S21440DC00F08100BFF8E70020FCE700202DE9F04F48
S21440DC1083B0BE4B4FF400425A600920BC4CA0472C
S21440DC200A20A0470B20A0470C20A0470D20A04765
S21440DC30B8494FF4C0630B66C1F890304B654B62F1
S21440DC40C1F880300A6F22F4C0620A674A6F22F435
S21440DC50C0624A674B604FF480364E61C1F8A060A0
S21440DC604E66C1F890604E654E62C1F880600B6F9C
S21440DC7023F480330B674B6F23F480334B674FF4AA
S21440DC8000334B61C1F8A0304B66C1F890304B650D
S21440DC904B62C1F880300B6F23F400330B674B6F39
S21440DCA023F400334B674FF480530B66C1F8903033
S21440DCB04B654B62C1F880300B6F23F480530B6783
S21440DCC04B6F23F480534B674FF480534B604FF4B5
S21440DCD000530B66C1F890304B654B62C1F88030FC
S21440DCE00B6F23F400530B674B6F23F400534B67C3
S21440DCF04FF400534B604FF48049C1F86090C1F830
S21440DD009090C1F85490C1F82490C1F880900B6F61
S21440DD1023F480430B674B6F23F480434B67C1F873
S21440DD2004904FF400640C66C1F890404C654C6219
S21440DD30C1F880400B6F23F400630B674B6F23F4EE
S21440DD4000634B674C60744A4FF00108C2F8648029
S21440DD50C2F89080C2F85480C2F82480C2F880800E
S21440DD60136F23F001031367536F23F001035367C8
S21440DD70C2F804804FF0020CC2F864C0C2F890C0EB
S21440DD80C2F854C0C2F824C0C2F880C0136F23F053
S21440DD9002031367536F23F002035367C2F804C0AD
S21440DDA004235366C2F8903053655362C2F88030FD
S21440DDB0136F23F004031367536F23F00403536772
S21440DDC00423536008255566C2F890505565556241
S21440DDD0C2F88050136F23F008031367536F23F085
S21440DDE008035367556010205066C2F8900050658F
S21440DDF05062C2F88000136F23F010031367536F0E
S21440DE0023F010035367506020235366C2F89030C7
S21440DE1053655362C2F88030136F23F020031367B4
S21440DE20536F23F020035367202353604FF0400E78
S21440DE30C2F864E0C2F890E0C2F854E0C2F824E0C9
S21440DE40C2F880E0136F23F040031367536F23F04C
S21440DE5040035367C2F804E080235366C2F890300C
S21440DE6053655362C2F88030136F23F08003136704
S21440DE70536F23F080035367802353605466C2F881
S21440DE80904054655462C2F88040136F23F4006398
S21440DE901367536F23F40063536754604FF48073E3
S21440DEA05366C2F8903053655362C2F88030D2F859
S21440DEB070A02AF4807AC2F870A0D2F874A02AF42F
S21440DEC0807AC2F874A05360144B4FF4802AC3F88B
S21440DED064A0C3F890A0C3F854A0C3F824A0C3F825
S21440DEE080A0D3F870B02BF4802BC3F870B0D3F872
S21440DEF074B02BF4802BC3F874B0C3F804A04FF46E
S21440DF00002AC2F864A0C2F890A009E050180E405B
S21440DF1061EA4000000E0E4000120E4000140E4013
S21440DF20C2F854A0C2F824A0C2F880A0D2F870B0BC
S21440DF302BF4002BC2F870B0D2F874B02BF4002B40
S21440DF40C2F874B0C2F804A04FF400571761C2F884
S21440DF50A0700D66C1F890504D654D62C1F8805076
S21440DF600A6F22F008020A674A6F22F008024A67E0
S21440DF704D600866C1F8900048654862C1F8800068
S21440DF800A6F22F010020A674A6F22F010024A67B0
S21440DF904860C3F86090C3F89090C3F85490C3F8B4
S21440DFA02490C3F880901A6F22F480421A675A6F02
S21440DFB022F480425A67C3F80490C3F86080C3F8DE
S21440DFC09080C3F85480C3F82480C3F880801A6FCA
S21440DFD022F001021A675A6F22F001025A67C3F80C
S21440DFE00480C3F860C0C3F890C0C3F854C0C3F8F8
S21440DFF024C0C3F880C01A6F22F002021A675A6F14
S21440E00022F002025A67C3F804C01E66C3F8906046
S21440E0105E655E62C3F880601A6F22F480321A67CB
S21440E0205A6F22F480325A675E604FF400421A6696
S21440E030C3F890205A655A62C3F880201A6F22F4BB
S21440E04000421A675A6F22F400425A674FF4004261
S21440E0505A601D66C3F890505D655D62C3F8805097
S21440E0601A6F22F008021A675A6F22F008025A679F
S21440E0705D6004221A66C3F890205A655A62C3F857
S21440E08080201A6F22F004021A675A6F22F00402A8
S21440E0905A6704225A604FF480521A66C3F890209A
S21440E0A05A655A62C3F880201A6F22F480521A6763
S21440E0B05A6F22F480525A674FF480525A601C6658
S21440E0C0C3F890405C655C62C3F880401A6F22F4E7
S21440E0D000621A675A6F22F400625A675C60C3F89F
S21440E0E060E0C3F890E0C3F854E0C3F824E0C3F817
S21440E0F080E01A6F22F040021A675A6F22F0400200
S21440E1005A67C3F804E020221A66C3F890205A657E
S21440E1105A62C3F880201A6F22F020021A675A6F9C
S21440E12022F020025A6720225A6080221A66C3F8DC
S21440E13090205A655A62C3F880201A6F22F08002F7
S21440E1401A675A6F22F080025A6780225A60186611
S21440E150C3F8900058655862C3F880001A6F22F0E2
S21440E16010021A675A6F22F010025A6758604FF42E
S21440E17080621A66C3F890205A655A62C3F88020B7
S21440E1801A6F22F480621A675A6F22F480625A67C6
S21440E1904FF480625A601F66C3F890705F655F6296
S21440E1A0C3F88070196F21F400511967596F21F434
S21440E1B0005159675F604FF480721A66C3F890202A
S21440E1C05A655A62C3F88020196F21F48071196726
S21440E1D0596F21F4807159675A604FF400721A667D
S21440E1E0C3F890205A655A62C3F88020196F21F40C
S21440E1F000711967596F21F4007159675A600920F8
S21440E200064B98474146CDF80080002342460448D6
S21440E210044CA04703B0BDE8F08F00BF61EA400061
S21440E220000E0E40DBE74000F0B583B004460F46D4
S21440E2301646036843F01003036001AB0122364DD7
S21440E240A84758B9019B13F0040F0DD1236823F05B
S21440E25010032360FF23184603B0F0BD0346226830
S21440E26022F010022260F6E72EB9236823F010034E
S21440E27023603346EFE76B461E2239462046264D3E
S21440E280A847034650B9019A12F4805F0BD0009914
S21440E29011F0050F0CBF0121002105E0226822F095
S21440E2A010022260D7E7012112F4005F03D00098E5
S21440E2B010F0020F27D112F4006F03D0009A12F02C
S21440E2C0010F11D191B10122616841F001016160F5
S21440E2D0A2B1626842F002026260226822F0100236
S21440E2E02260B8E71A46EFE71A4600E00122616866
S21440E2F021F001016160EBE71A46F8E7626822F018
S21440E30002026260E9E712F4006FEBD0009A12F066
S21440E310010FF1D11A46D7E729E640002DE9F04132
S21440E32082B004460D46036843F01003036001AB19
S21440E33000225D4EB04740B10346226822F01002EC
S21440E3402260184602B0BDE8F081019B23F4B0433A
S21440E35043F480630193002229462046534EB0473B
S21440E360034620B1226822F010022260E9E740F21C
S21440E370E1130422294620464C4EB047034620B1BE
S21440E380226822F010022260DBE701AB0022294619
S21440E3902046454EB047034620B1226822F0100280
S21440E3A02260CEE7019B43F4445301930022294662
S21440E3B020463E4EB047034620B1226822F0100267
S21440E3C02260BEE7019B23F4806343F4007301930D
S21440E3D0002229462046354EB0470346B0B9344E53
S21440E3E04FF00108304F01AB424629462046B84719
S21440E3F0034680B9019B13F0200F11D1013EF2D1A4
S21440E400236823F01003236001239AE7226822F052
S21440E4101002226095E7226822F01002226090E700
S21440E4206B460522294620461F4DA847034680B91D
S21440E430009A12F4807F13D112F0400F2CD112F0C4
S21440E440800F08BF024609D1616821F00101616072
S21440E4500BE0226822F01002226072E7024600E0DB
S21440E4600122616841F001016160BAB1626842F020
S21440E47002026260E26842F00102E2600D4A116800
S21440E48041F008011160116841F0040111602268F2
S21440E49022F01002226054E70122D5E7626822F09B
S21440E4A002026260E6E700BF29E6400089E64000D7
S21440E4B040420F00004003402DE9F04383B005463C
S21440E4C08946036843F0100303604FF4004302AEEE
S21440E4D046F8043D00220E4CA0470A244FF00008A0
S21440E4E00C4F3346424649462846B847013C019BB6
S21440E4F013F4004F01D0002CF3D12B6823F0100307
S21440E5002B60201C18BF012003B0BDE8F08300BF7D
S21440E51089E6400029E640002DE9F04383B00646F0
S21440E520894614463748384B9847384B9C425DD806
S21440E530374B9C420FD8374B9C423ED8364B9C427A
S21440E5403ED8364B9C423ED8354B9C428CBF4FF40F
S21440E5508023002301E04FF4A013726822F4E012F7
S21440E560726074681C43746002AB002243F8042D4A
S21440E570326842F010023260022249463046294C48
S21440E580A047019B052B35D04C4620254FF002086E
S21440E590244F013404F01F0401AB42462146304666
S21440E5A0B847019B222B11D06B1E13F0FF05F0D10C
S21440E5B0336823F01003336018E04FF48013CCE741
S21440E5C04FF44023C9E74FF40023C6E7336823F0EF
S21440E5D010033360214601AB01223046114DA84757
S21440E5E0A14503D049463046074B9847002003B024
S21440E5F0BDE8F083336823F01003336049460024B7
S21440E600E9E700BF00400340B9E44000001C4E0E5E
S21440E61000688909000E270700B4C404005A620245
S21440E620002D310129E6400010B483B0846814F010
S21440E630040FFBD0920402F4F80242F0C04242F4C7
S21440E6400032C90501F078610A4342630022019214
S21440E6500C49826812F0040F07D1019A01320192E8
S21440E660019A8A42F5D9012007E0826812F0040F29
S21440E670FBD0426B92B21A60002003B05DF8044BA8
S21440E680704700BF3F420F0010B483B0846814F058
S21440E690040FFBD0920402F4F80242F0A04242F487
S21440E6A00032C90501F078610A439BB21A434263BF
S21440E6B000230193084A836813F0040F07D1019B97
S21440E6C001330193019B9342F5D9012000E00020DD
S21440E6D003B05DF8044B70473F420F00C0F884100B
S21440E6E053004FF40042B2FBF3F2013AC2F30D027C
S21440E6F0C0F88C207047016370474163704721F033
S21440E7000061B1F1405F0CBF836BC36B134214BF13
S21440E7100120002070474264B1F1C05F3AD013D860
S21440E720B1F1006F25D0B1F1805F0AD1036F13437A
S21440E7300367436F416F0B4023EA0203436742601F
S21440E74070470029FBD17047B1F1205F21D009D82E
S21440E750B1F1005FF3D1036F13430367436F134375
S21440E7604367ECE7B1F1405F13D0B1F1605F10D082
S21440E770E5E710B4016F046FD34321401C461940AF
S21440E7800167436F416F0B402340436742605DF82B
S21440E790044B7047036F016F0B4023EA0203036785
S21440E7A0436F13434367CAE7416412F0010F14BF37
S21440E7B04166016612F00A0F14BF0162416212F010
S21440E7C0020F07D112F0080F18BFC0F8841041613D
S21440E7D001607047C0F88010F9E710B4019C4164AE
S21440E7E04CB901664BB101654AB9416301610160AC
S21440E7F05DF8044B70474166F4E74165F4E7016312
S21440E800F4E712F0100F10D0C0F8B01012F0200F3E
S21440E81014BFC0F8D410C0F8D01012F0400F14BF88
S21440E820C0F8C010C0F8C4107047C0F8B4107047A5
S21440E83001647047C06C7047806C70472DE9F843A0
S21440E84081460F46124B984705464846114B984717
S21440E850054013D0104C04F1800603E0B4420DD0BE
S21440E86010345DB12068B842F8D161682942F5D0CD
S21440E870E3689847636825EA0305EFE7074B1B689C
S21440E88023B1074B1B680BB148469847BDE8F88351
S21440E89035E8400039E84000140C002000E800202D
S21440E8A0A80C0020F8B5184C2668082E29D84FF03A
S21440E8B0000C6446154F04E00134E4B2A446A64278
S21440E8C009D3A64625017D598D42F5D107EB04159F
S21440E8D06D689542F0D10D4D4FEA0E1E05EB0E04C5
S21440E8E045F80E106260A3600699E1600136664501
S21440E8F004BF05490E6011461A46054B984700204E
S21440E900F8BD0120F8BD00BFA40C0020140C002068
S21440E91003E8400008B509210148024B984708BD66
S21440E920000E0E403DE8400008B50A210148024B63
S21440E930984708BD00100E403DE8400008B50B2142
S21440E9400148024B984708BD00120E403DE8400083
S21440E95008B50C210148024B984708BD00140E40EC
S21440E9603DE8400008B50D210148024B984708BDD8
S21440E97000160E403DE84000174A136B23F0700324
S21440E98018431063936E13F0080F0AD14FF40063D8
S21440E99011498A6E12F0080F03D1013BF9D10120CC
S21440E9A070470D4A136B23F0030343F002031363CF
S21440E9B0936E13F0080F0AD14FF4006306498A6E2F
S21440E9C012F0080F05D1013BF9D101207047002015
S21440E9D070470020704700BF00040E40C8B9114A77
S21440E9E0136A090289B223F45C1323F0030343F449
S21440E9F05C1343F001030B431362936E13F0010F55
S21440EA00FBD0084A136A43F09B7343F48033136287
S21440EA10704704490B6A044A1A40044B13430B627E
S21440EA20704700BF00040E40FCFFC8FE02003701DE
S21440EA30024B986E00F48030704700BF00040E40D2
S21440EA404FF00052014B9A62704700BF00040E40E0
S21440EA50024B986E00F00200704700BF00040E4064
S21440EA602F281ED81F280CD8114B9A6901238340A3
S21440EA70934318D0012303FA00F00D4B1861002091
S21440EA80704720380A4BD3F808210123834093432C
S21440EA900BD0012303FA00F0054BC3F80001002019
S21440EAA0704701207047002070470020704700BF25
S21440EAB000040E4010B489014318022444504FF01D
S21440EAC0FF319962196A5A605DF8044B70478901B4
S21440EAD005234350704700EB8111CA61704700EB35
S21440EAE081114A62704700EB8111086A7047F0B4A2
S21440EAF086B002240194082402942024039480249F
S21440EB0004940A9CE40B0594B0EB510F14D84C0CBB
S21440EB10A04217D2012501AF57F82540B1FBF4F4C7
S21440EB20260C84420AD386420DD90135052DF3D1F1
S21440EB30002006B0F0BC70470020FAE70020F8E757
S21440EB400120F6E700252AB106A901EB850151F818
S21440EB50141C1160002BF3D01D600120E9E7000073
S21440EB602A4B99424AD8A3F57A5399422CD910B4E5
S21440EB70274CA4FB0234A40B043C264B0B449B00BE
S21440EB80B2FBF3F2043AFF2C3AD900210131640873
S21440EB90FF2C0ED90729F9D113029BB2090401F4C0
S21440EBA0E0210B43E4B22343036100205DF8044BAD
S21440EBB07047FF2AF0D90629EED801315208FF2ABD
S21440EBC0EAD90629F9D9E7E74900B2FBF1F2043A57
S21440EBD0FF2A11D9002301335208FF2A01D9072BF7
S21440EBE0F9D1110289B21B0403F4E0230B43D2B2DD
S21440EBF01A430261002070470023F2E70120704765
S21440EC00FF2A88BF0021D8D80021C5E7801A060011
S21440EC10F11976050012FD3F38B504460D464FF013
S21440EC20FF338362036A80230360036B0823036019
S21440EC3020230360042303600A684968054B98470D
S21440EC40012814BF002001206B7A012B04BF40230B
S21440EC50236038BD61EB40000A4659B1037801296C
S21440EC60C4BF417841EA0323022A04DD827842EA9F
S21440EC70032300E00023184670470000F8B5CC6830
S21440EC80002C4FD00B4605468E68002068604A68C8
S21440EC90120202F4407242F48052097C090401F4E4
S21440ECA0FE010A436A60E86059681846224B984756
S21440ECB0E860012C0FD001232B6000202B6A13F450
S21440ECC0807F36D147F22F5147F230574FF0010E32
S21440ECD04FF0020C19E003232B600120EEE70A46B2
S21440ECE070460CE008B9C5F800C013F0020FF6D025
S21440ECF070462B6B3370013C01363A4664B12B6A42
S21440ED0013F4807F11D1511E8AB1012CEAD013F042
S21440ED10020FEED10A46F1E72B6A13F0010FFBD043
S21440ED202B6A00E001242046F8BD0524FBE70924B1
S21440ED30F9E70524F7E700BF59EC400070B5CD6809
S21440ED40002D35D00B4604468E68002060600A7C55
S21440ED50120402F4FE024968090201F440710A43B3
S21440ED606260E06059681846154B9847E060236A31
S21440ED7013F4807F06D005251BE05DB1236A13F4AB
S21440ED80807F18D113F0040FF7D033786363013DCA
S21440ED900136F2E7236A13F4807F0ED113F0040F96
S21440EDA0F8D002232360236A13F0010FFBD000E063
S21440EDB00125284670BD0525FBE70525F9E700BF78
S21440EDC059EC400010B4AC2303600B684A68B3FBB0
S21440EDD0F2F31B095C1E4FF6FE7294420CD8036297
S21440EDE08B68436040F20223C0F820315023036012
S21440EDF000205DF8044B70470120FAE7402303608B
S21440EE00704710230360704781607047C160704749
S21440EE1040697047436913F0020F1ABFC161002072
S21440EE2001207047436913F0010F1DBF83690B70C3
S21440EE3000200120704710B40B01934214D9C9003A
S21440EE404B0803EBC202B2FBF1F2D3085C1E4FF64E
S21440EE50FE718C4201D9012017E0416841F400213F
S21440EE6041600CE0012010E0590801EBC202B2FB01
S21440EE70F3F2D3085C1E4FF6FE718C42F2D81204B1
S21440EE8002F4E0221A43026200205DF8044B704709
S21440EE900A4BC0F8E4300023436043628362882311
S21440EEA00360242303604FF4807303604FF4002311
S21440EEB003604FF400330360704700BF0041535572
S21440EEC070B505460C4616460F4B984700220F4B2A
S21440EED01A60A4B13246216828460D4B9847024630
S21440EEE078B96368A1680B4321690B43E1680B431B
S21440EEF006490B6069680B436B60104670BD012283
S21440EF00FBE70122F9E700BF91EE4000AC0C002081
S21440EF1037EE40004023036070471023036070477D
S21440EF2081607047C160704740697047436913F01D
S21440EF30020F1DBFC1F30801C161002001207047C8
S21440EF40436913F0010F05D08369C3F308030B60D0
S21440EF500020704701207047094BB3FBF1F1814216
S21440EF6002D94FF6FF707047C1EB0133834202D29D
S21440EF704FF6FF707047B0FBF1F0C0F30B007047E0
S21440EF800020A10710B4054C04EA0343C2F30B0269
S21440EF9013430B4343605DF8044B70470000FF0F7C
S21440EFA04FF4004343607047024B984204BF024A06
S21440EFB01A60704750180E40010000A580687047E0
S21440EFC0FEE7000000B583B0254B264A9A4210D093
S21440EFD0254B234A9A420CD2013B9B1A23F003034B
S21440EFE0043313441F4951F8040B42F8040B9A4269
S21440EFF0F9D11E4B1E4A9A420AD2013B9B1A23F075
S21440F000030304331344002142F8041B9342FBD10C
S21440F010184A194B23F07F039360EFF31083B3FA3B
S21440F02083F35B09019372B6BFF35F8F0022134BE5
S21440F0301A700199124A136843F470031360BFF3C1
S21440F0404F8FBFF36F8F29B101220C4B1A70BFF35D
S21440F0505F8F62B60B4B98470B4B9847FEE700BF57
S21440F06000000020BC0A4200E80A00209C2801203C
S21440F070E80A002000ED00E00000400053000020B9
S21440F08088ED00E0B9D24100759941003B4B1B6BBF
S21440F09003F00303012B1DD083B1022B36D0374B30
S21440F0A01B6B03F07003702B5FD0344B1A6B3449E4
S21440F0B0C2F302120B68D3400B607047314B5B695A
S21440F0C013F0800F14BF4FF400424FF4FA422C4B1B
S21440F0D01A60E4E7294B1B6A13F0807F03D02A4A64
S21440F0E0274B1A60DBE7294A254B1A60234B1B6ADD
S21440F0F003F07003102B05D0202BD0D1224A204B92
S21440F1001A60CCE7224A1E4B1A60C8E71B4B1B6AA4
S21440F11013F0807F16D01C4A194B1A60174B1B6B96
S21440F12003F00303022BBAD1144A916A926A144838
S21440F130C1F30A41036801FB0333D2B2B3FBF2F3D7
S21440F1400360ACE7114A0E4B1A600C4B1B6A03F087
S21440F1507003102B05D0202BE0D10B4A084B1A60C9
S21440F160DCE70B4A064B1A60D8E7054A136809499C
S21440F170A1FB03135B081360704700BF00040E40FA
S21440F1805400002010180E40001BB70000093D0038
S21440F19000127A00ABAAAAAA124B984211D9124B77
S21440F1A0984213D9114B984214D9114B984215D90D
S21440F1B0104B984294BF4FF004220F4A0F4B1A60F0
S21440F1C070474FF080620D4B1A6070470C4A0B4BED
S21440F1D01A6070470B4A094B1A6070470A4A074B39
S21440F1E01A607047FF2C3101FF596202FF86930375
S21440F1F0FFB3C404FFE0F50500050004000A0E4016
S21440F2000001000400020004000300040A4B1B68CF
S21440F21053B1094B1B681A180849914208DB10463F
S21440F220054A106018467047054A034B1A60F0E7D7
S21440F2304FF0FF30704700BFB00C0020FCFF0120AD
S21440F240A05801204FF0FF3070474FF400534B60FA
S21440F25000207047012070470020704700F10803E7
S21440F26043604FF0FF328260C36003610023036057
S21440F270704700230361704743685A684A60426893
S21440F2808A605A689160596041600861036801333A
S21440F2900360704710B40C68B4F1FF3F16D000F11D
S21440F2A00803C2681268944204D35B685A681268BE
S21440F2B09442FAD25A684A6091608B6059600861FD
S21440F2C00368013303605DF8044B70470369F1E758
S21440F2D0436882689A60836842685A6003695A68DD
S21440F2E0904204BF82685A60002202611A68013A5E
S21440F2F01A6018687047000003480068006880F38A
S21440F300088862B600DF00BF08ED00E0DFF80C00BA
S21440F310016841F4700101607047000088ED00E02C
S21440F3204FF0807340F8043C40F8081C002340F837
S21440F3300C3C40F8202C6FF0020340F8243C443844
S21440F34070470000054B19680868B0E8F04F80F336
S21440F35009884FF0000080F311887047C05C002099
S21440F3604FF08052014B1A60704700BF04ED00E03A
S21440F370EFF311804FF0A00181F311887047002011
S21440F38008B5034B9847034A13680133136008BD1A
S21440F39071F340005800002080F311887047000049
S21440F3A008B5054A1368013B136003B108BD002049
S21440F3B0024B9847FAE700BF5800002099F34000F8
S21440F3C0EFF30980114B1A681EF0100F08BF20EDAE
S21440F3D0108A20E9F04F10602DE908404FF0A00059
S21440F3E080F3118800F0C8FE4FF0000080F31188CB
S21440F3F0BDE8084019680868B0E8F04F1EF0100FE6
S21440F40008BFB0EC108A80F309887047C05C0020C3
S21440F41008B54FF08052054B1A60054B9847054B90
S21440F42098470020044B984708BD00BF04ED00E015
S21440F43071F3400071FE400099F34000034A044BCC
S21440F4401A600722043B1A60704700BFBFD4010011
S21440F45014E000E010B50C4B1A6842F470021A60D3
S21440F4601A6842F070421A60084B98470024084BCE
S21440F4701C60084B9847084A136843F040431360A3
S21440F480064B9847204610BD20ED00E03DF4400076
S21440F490580000200DF3400034EF00E0F9F2400041
S21440F4A010B4134A00E01A4613688342FBD35168EF
S21440F4B05418A0420AD041684418A3420BD00360B7
S21440F4C0904218BF10605DF8044B70474068014496
S21440F4D051601046EFE7074C2468A34206D05B68AD
S21440F4E01944416013681B680360E9E70360E7E777
S21440F4F0B85C0020B40C002038B504462C4B984726
S21440F5002C4B1B688BB1002C4BD004F1100212F030
S21440F510070F1CBF22F007020832511E44F6FE7346
S21440F52099423BD824490C6816E0234A234B136083
S21440F5300021516044F6F07298181E4D286044F63B
S21440F540F475595199505A6018601D4A1368103B1B
S21440F5501360D8E721461C4663689A4202D923685E
S21440F560002BF7D1134B1B689C4217D00D68103503
S21440F57023680B6063689B1A202B09D8104A1368CF
S21440F58061685B1A13600F4B984765B1284638BDD3
S21440F590A018436062600C4B9847EFE7094B9847CA
S21440F5A001E0084B9847094B98470025EEE700BF17
S21440F5B041FE4000B40C0020B85C0020B80C00208F
S21440F5C05C00002099FF4000A1F4400009B74100CC
S21440F5D080B110B50446084B9847084A54F80C3C8E
S21440F5E011680B441360A4F11000054B9847054B77
S21440F5F0984710BD704700BF41FE40005C000020A9
S21440F600A1F4400099FF400010B50446036C5BB976
S21440F61003681BB1A36B0133A36310BD4068124B54
S21440F620984700236360F5E76AB91A4680680F4B2F
S21440F6309847A368226C1344A36062689342E9D358
S21440F6402368A360E6E71A46C068084B9847226CD2
S21440F6505242E3681344E36021688B42DAD263681F
S21440F6601A44E260D6E700BF4104410091D341000E
S21440F67038B50346006858B11A6CDC681444DC6040
S21440F6805D68AC4228BFD8600846D968014B9847A9
S21440F69038BD00BF91D34100F8B504461F4B98478C
S21440F6A0A36C002B14DD636A93B104F124061C4D51
S21440F6B01C4F07E0A36C013BA364A36C002B07DD43
S21440F6C0636A2BB13046A8470028F3D0B847F1E725
S21440F6D04FF0FF33A364144B9847104B9847636C26
S21440F6E0002B14DD236993B104F110060C4D0D4F29
S21440F6F007E0636C013B6364636C002B07DD2369A2
S21440F7002BB13046A8470028F3D0B847F1E74FF072
S21440F710FF336364044B9847F8BD00BF81F3400055
S21440F7209902410089034100A1F3400038B50446E0
S21440F7300D46154B98472268216CE36B03FB01F39B
S21440F740D01860600020A063A2605B1A1344E36098
S21440F7504FF0FF336364A36475B923691BB90B4B41
S21440F7609847012038BD04F11000094B98470128FE
S21440F770F5D1084B9847F2E704F11000064DA8472C
S21440F78004F12400A847EAE781F34000A1F34000D3
S21440F7909902410061F340005DF2400070B5D0B17F
S21440F7A006460D464C200E4B98470446A8B105FB2E
S21440F7B006F001300A4B9847206038B1E66325646E
S21440F7C001212046074B9847204670BD2046064BF1
S21440F7D098470024F8E70024F6E70024F4E700BF43
S21440F7E0F9F440002DF74000D1F540002DE9F04FE8
S21440F7F085B00446894601929A460027324DDFF886
S21440F800F080324E22E0524649462046304B9847DA
S21440F810636A2BB92D4B9847012005B0BDE8F08FA1
S21440F82004F124002B4B98470128F3D12A4B9847E4
S21440F830F0E7264B98470020EFE702A8C0470FE0C6
S21440F8402046264B9847264B98470127A847A26B49
S21440F850E36B9A42D7D3019B002BEAD0002FECD023
S21440F860B047204B9847A847636CB3F1FF3F04BFAF
S21440F87000236364A36CB3F1FF3F04BF0023A3647B
S21440F880B04701A902A8184B9847A8B9A847D4F88A
S21440F89038B0E76BB047BB45D2D1019904F11000B0
S21440F8A0124B984720460D4B98470D4B98470028DB
S21440F8B0CBD1094B9847C8E72046084B9847084B9A
S21440F8C098470020A9E700BF81F34000A1F340001D
S21440F8D009F640009902410061F3400099F6400065
S21440F8E099FF400041FE4000250341004902410087
S21440F8F00D0341002DE9F04104460E461746984652
S21440F900164B98470546A26BE36B9A4206D30024F3
S21440F9102846134B98472046BDE8F081424631467C
S21440F9202046104B9847A36CB3F1FF3F04D0A36C1E
S21440F9300133A3640124EBE7636A0BB90124E7E7CC
S21440F94004F12400084B984718B127B101243C60C5
S21440F950DEE70124DCE70124DAE700BF71F340006C
S21440F96099F3400009F64000990241002DE9F0471E
S21440F97084B004468A46019299460027414DDFF8F6
S21440F9803481414E41E0E568514620463F4B98471A
S21440F990B9F1000F19D1A36B013BA36323683BB1B8
S21440F9A023694BB9384B9847012004B0BDE8F0872F
S21440F9B0374B98476060F3E704F11000354B9847A3
S21440F9C00128EFD1344B9847ECE7E560636A002B9B
S21440F9D0E8D004F124002F4B98470028E2D02E4B65
S21440F9E09847DFE7284B98470020DEE702A8C04745
S21440F9F014E0A8476068294B9847B0472CE020465B
S21440FA00274B9847274B98470127A847A36B002BBF
S21440FA10B9D1019B002BE5D0002FE7D0B047224B51
S21440FA209847A847636CB3F1FF3F04BF0023636465
S21440FA30A36CB3F1FF3F04BF0023A364B04701A902
S21440FA4002A81A4B9847B0B9A847A76BB047002FF3
S21440FA50D5D12368002BCCD0019904F12400144B57
S21440FA60984720460E4B98470E4B98470028CBD1D8
S21440FA70094B9847C8E72046094B9847094B984793
S21440FA80002092E781F34000A1F3400071F6400069
S21440FA90950341009902410061F34000A1034100F3
S21440FAA099F6400099FF400041FE40002503410082
S21440FAB0490241000D03410038B504460C4B5B68D3
S21440FAC098420ED00A4B0122D9688C420AD00132A5
S21440FAD00833082AF8D12068064DA8472046A8478C
S21440FAE038BD00220021024B43F83210F3E700BF36
S21440FAF004E80020D1F5400010B50F4B1B68586055
S21440FB000E4B1B6898420ED304460D4B18680A4BA2
S21440FB10196804310B4B98470B4B1B689C423CBF03
S21440FB20094B1C6010BD094B1868034B196804311B
S21440FB30044B984710BD00BFC05C0020AC5D002061
S21440FB40C45C002095F2400060000020C85C0020A5
S21440FB502DE9F04F83B000900E4615460193DDF830
S21440FB6030B0DDF834A00E9F48205A4B9847002806
S21440FB707ED00446002F71D00763AA00A5213846E0
S21440FB80554B984705F18042013A256B05EB8205B7
S21440FB9025F007050A22314604F134004F4B9847BA
S21440FBA04FF0000884F83D805E46042E28BF0426A9
S21440FBB0E6622664271D3846DFF87091C84704F190
S21440FBC01800C8472461C6F10506A6616462C4F8F9
S21440FBD04480019A00992846414B98472060BAF1E4
S21440FBE0000F01D0CAF800403E4B98473E4A136883
S21440FBF0013313603D4B1B68002B3CD03C4B1B68CD
S21440FC0033B93A4B1B68DB6A9B4524BF374B1C60B5
S21440FC10E06A384B1B68984284BF364B1860364AB9
S21440FC20136801331360354A1168012383400B4340
S21440FC30136000EB80003946314B03EB8000314BBC
S21440FC409847314B98472A4B1B68002B3DD0274B93
S21440FC501B68DB6A9B4534D8012037E0A8001D4B63
S21440FC60984707462063002887D12046274B984769
S21440FC704FF0FF302AE01D4B1C601368012BC7D1A4
S21440FC801F4E3046224DA84706F11400A84706F1FD
S21440FC902800A84706F13C00A84706F15000A847B0
S21440FCA0DFF88C804046A8471A4E3046A8471A4888
S21440FCB0A8471A48A8471A4BC3F80080194B1E603D
S21440FCC0A6E7194B9847012000E0012003B0BDE8A5
S21440FCD0F08F00BFF9F44000C5D4410001D8410080
S21440FCE021F3400081F34000345D0020C05C0020DA
S21440FCF0945D00204C5D0020405D0020485D002063
S21440FD00CC5C002079F24000A1F34000D1F54000E1
S21440FD105DF24000645D0020805D0020985D00201C
S21440FD20C45C0020C85C002061F3400073F24000D1
S21440FD30505D002070B504461E4B98471E4B1B680E
S21440FD40A3422FD02546002C2CD02E1D30461B4BD0
S21440FD50984770B9EA6A02EB82039B001849CB5871
S21440FD603BB918480368012101FA02F223EA02026D
S21440FD700260AB6A1BB105F11800104B984731463C
S21440FD801148124B9847124A136801331360114AC0
S21440FD90136801331360104B9847104B1B6803B130
S21440FDA024B170BD044B1D680024CEE70C4B984729
S21440FDB0F7E700BF81F34000C05C0020D1F240006E
S21440FDC0CC5C0020485D0020985D002079F2400021
S21440FDD0445D0020405D0020A1F34000945D00207B
S21440FDE061F3400010B584B000230393029301935F
S21440FDF0009382220A490B480B4CA047012801D0A9
S21440FE0004B010BD094B98470122094B1A600022E6
S21440FE10084B1A60084B9847084B9847F0E700BFD6
S21440FE20F4044200F100410051FB400071F34000F1
S21440FE30945D0020AC5D0020F5B7410055F44000CD
S21440FE40024A136801331360704700BF3C5D0020D0
S21440FE5010B5044B9847044B1C68044B9847204603
S21440FE6010BD00BF81F34000AC5D0020A1F3400010
S21440FE703E4B1B68002B6ED13D4B1A6801321A6010
S21440FE801B6883B93B4B19683B4A10681860116081
S21440FE903A490A6801320A601B681B68FBB94FF092
S21440FEA0FF32374B1A60324B1A68354B1B689A4202
S21440FEB05AD3304B1B681B68002B51D02DE9F041BC
S21440FEC02C4B1B68DB68D3F80C80D8F80430284AE3
S21440FED01268934211D82B4E2B4D2C4F32E0254BB7
S21440FEE01B68DB68DB685A68254B1A60DBE74FF017
S21440FEF0FF32234B1A60BDE8F081214A1360BDE80B
S21440FF00F08108F11800B047D8F82C002A68012381
S21440FF10834013432B6000EB8000214607EB8000B4
S21440FF201B4B9847134B1B681B68002BDFD0114BAD
S21440FF301B68DB68D3F80C80D8F804300C4A12688B
S21440FF409342DAD808F104042046B047D8F828305F
S21440FF50002BD6D1D8E70F4A136801331360704799
S21440FF604FF0FF32064B1A60704700BF3C5D0020E2
S21440FF70AC5D0020C45C0020C85C00207C5D002096
S21440FF8060000020D1F24000485D0020CC5C00209C
S21440FF9079F24000385D00202DE9F8432C4B984715
S21440FFA02C4B1A68013A1A601B68002B4AD12A4B20
S21440FFB01B6833B10026294FDFF8C490DFF8C480B1
S21440FFC020E000263FE0FB68DC6804F11800C847E4
S21440FFD0251D2846C847E06AD8F8002001238340FC
S21440FFE01343C8F8003000EB800029461C4B03EB57
S21440FFF080001C4B98471C4B1B68E26ADB6A9A429F
S21441000028BF01263B68002BDDD1184B1B6893B1F6
S214410010164B1B6843B1164D144CA8472368013B49
S21441002023602368002BF8D10022124B1A60124B32
S2144100309847012607E0012EF6D00E4B1B68012B90
S21441004001D1F1E700260D4B98473046BDE8F883CD
S21441005081F340003C5D0020345D0020805D00203F
S214410060CC5C002079F24000C05C0020385D002066
S21441007071FE4000785D002061F34000A1F340002E
S214410080D1F24000485D002010B510B9104B98479A
S21441009010BD04460F4B98470F4B1B681C440F4B33
S2144100A0186804300E4B984748B90C4B1A680D49EE
S2144100B00B68D06A0122824023EA02030B60204685
S2144100C0094B9847094B98470028E1D1DEE700BF26
S2144100D061F3400041FE4000AC5D0020C05C002062
S2144100E0D1F24000485D0020F9FA400099FF4000F7
S2144100F080B5164DDFF87880154E24E0154B1B6809
S214410100012B1ED82B68002BF8D0C0473468B8475F
S214410110002CF7D0104B9847F368DC68201D0F4B36
S21441012098470F4A1368013B13602B68013B2B60CD
S2144101300C4B9847206BDFF83C90C8472046C84791
S214410140E0E7094B9847094FDCE700BF445D0020D4
S214410150985D0020CC5C002081F34000D1F2400045
S214410160345D0020A1F3400061F3400099FF400058
S21441017041FE4000D1F5400038B5294B1B681BB104
S2144101800122284B1A6038BD274B9847274A1468E6
S2144101902749636C0D685B1B034463640860116800
S2144101A013680A681B6B9A4225D9204B1B68142298
S2144101B02049186B204B984720BB204B1B68B3FA4D
S2144101C083F3DBB2C3F11F031D4A9900C81802EB43
S2144101D08000446864684460194402460832944288
S2144101E017D003EB8303164A02EB83035B68DA6896
S2144101F00E4B1A6038BD0D4B186819683431114BD7
S2144102009847D2E7094B1868196834310D4B98471F
S214410210D3E760680A460A4901EB82025060E0E78C
S2144102203C5D0020785D002035B84100C05C002070
S214410230305D0020E004420031D34100485D00209B
S214410240CC5C002015B7410038B50D460C4C2168F2
S21441025018310C4B9847206804300B4B984740B9EF
S21441026022680A490B68D06A0122824023EA0203C7
S2144102700B60074B18682844064B984738BD00BFAB
S214410280C05C002095F24000D1F24000485D00205D
S214410290AC5D0020F9FA400038B5C368DC6804F16B
S2144102A018052846124B9847124B1B68DBB9251D8B
S2144102B028460F4B9847E06A0F4A1168012383404E
S2144102C00B43136000EB800029460C4B03EB800088
S2144102D00B4B98470B4B1B68E06ADB6A984234BF6E
S2144102E00020012038BD29460748054B9847F1E7CD
S2144102F0D1F240003C5D0020485D0020CC5C0020EF
S21441030079F24000C05C0020805D0020034B1B68F2
S2144103100360034B1B684360704700BF7C5D002051
S214410320AC5D002038B504460D46124B9847124B3B
S2144103301B6822689A4204D0104B1B6862689A4236
S21441034015D90E4B1B6861682A685B1A934204D321
S21441035001240B4B9847204638BD084B1B68591A59
S214410360521A2A602046074B98470024F1E7012499
S214410370EFE700BF81F340007C5D0020AC5D0020CC
S214410380A1F340000D0341000122014B1A60704762
S214410390785D0020014B1868704700BFC05C0020A4
S2144103A0002841D038B50446C36A20490968C96A5D
S2144103B08B4211D21D490968C96AC1F105018161A3
S2144103C003EB83031A4901EB83034169994204D045
S2144103D0164B1B68DB6AC36238BD051D2846154BA4
S2144103E0984770B9E26A02EB82039B001049CB58EA
S2144103F03BB911480368012101FA02F223EA0203DC
S21441040003600A4B1B68D86AE0620B4A11680123F5
S21441041083400B43136000EB80002946044B03EBFB
S2144104208000064B984738BD704700BFC05C00202F
S214410430CC5C0020D1F24000485D002079F24000BB
S21441044000282DD038B50446C16A026C914226D0A8
S214410450051D2846134B984770B9E26A02EB8203A2
S2144104609B001149CB583BB910480368012101FA5A
S21441047002F223EA02020260236CE362C3F1050240
S214410480A2610A49086801229A4002430A6003EBC6
S21441049083032946044800EB8300054B984738BD43
S2144104A0704700BFD1F24000CC5C0020485D002080
S2144104B079F24000C0B130B587B004460B4B00938B
S2144104C001908DF80C106846094B98470546094B34
S2144104D0984794F9083013F1090FA8BF2572064BC7
S2144104E09847284607B030BDFEE700BF5913410084
S2144104F0A5154100218941003189410070B588B078
S2144105000023079359B10D4600230B6040B10446C2
S21441051000F110063046284B984710B9FEE7FEE733
S214410520FEE794F9080010F1090F01DA08B070BD32
S214410530002207A93046214B98472378102B36D105
S214410540237E13F0080F07D0079B33BB1C4B019348
S21441055002940123049307E0194B01930294079BED
S214410560002BF6D01B89049301A8164B9847079B8E
S2144105709BB9636A1BB10022012120469847124B62
S214410580984794F9083013F1090FA4BFF423237256
S2144105900E4B98476FF00B00C8E71A89636A13B190
S2144105A0012120469847079B2B600020BEE7079B0A
S2144105B01B681A89F2E700BFE18841004188410083
S2144105C0B5124100A51541002189410031894100FC
S2144105D030B587B00D4611460E4B9847044640B19C
S2144105E00D4B00938DF80C50019068460B4B984785
S2144105F010B9204607B030BD04F10C00084B9847AF
S21441060004F11000074B984721460720064B9847B0
S2144106100024EEE7850E4100FD0D4100A515410081
S214410620D1864100C5874100853E410070B110B575
S21441063086B00446064B009301906846054B9847A2
S2144106402046054B9847002006B010BD0020704755
S214410650E1104100A5154100110F4100C8B130B568
S21441066087B004460B4B009301900391ADF81020E0
S2144106706846094B98470546084B984794F9083011
S21441068013F1090FA8BF2572054B9847284607B0B6
S21441069030BDFEE781114100A51541002189410089
S2144106A031894100B0B130B587B004460A4B00935A
S2144106B001906846094B98470546094B984794F977
S2144106C0083013F1090FA8BF2572064B98472846F4
S2144106D007B030BDFEE700BFD9114100A515410066
S2144106E0218941003189410069B170B582B00E4619
S2144106F000220A6040B1044600F114052846154B15
S214410700984710B9FEE7FEE7FEE794F9080010F1B6
S214410710090F01DA02B070BD002201A928460E4B2E
S2144107209847636A1BB10022012120469847019BE6
S2144107306BB90A4B984794F9083013F1090FA4BFD7
S214410740F6232372064B98476FF00900E2E73360C1
S2144107500020DFE7E18841004188410021894100CE
S2144107603189410059B170B582B00E4600230B6005
S21441077030B1044610301D4B984710B9FEE7FEE7EE
S214410780FEE72378102B07D031462046184B984772
S2144107900446204602B070BD002301930620154B47
S2144107A09847054668B9144B984794F9083013F1B1
S2144107B0090FA4BFFF232372104B98474FF0FF3415
S2144107C0E7E701A920460A4B9847044620B1294647
S2144107D006200B4B9847DCE7019B2B60019B6B6027
S2144107E00023AB81AB603560D3E700BFE1884100B1
S2144107F0FD0441001D3E41002189410031894100EF
S214410800853E4100F0B587B00C9E20B10446007885
S214410810102801D0FEE7FEE742B315460A46217E80
S21441082011F0020F02D113F0040F03D006BB6FF094
S214410830050716E016490091019403928DF814308D
S21441084004956846134B9847074600B966B9124B5C
S214410850984794F9083013F1090FA8BF27720F4B38
S2144108609847384607B0F0BD3560F0E70027F8E70F
S21441087007490091019403928DF814300495684617
S214410880044B984707460028E1D1049B3360DEE7D6
S21441089001134100A51541002189410031894100DC
S2144108A008B50321014B984708BD00BFB504410078
S2144108B02DE9F041144638B19846054600F1100638
S2144108C03046194B984720B92046184B9847BDE803
S2144108D0F0810620164B98470746C0B10460446035
S2144108E0B8F1000F18D0D8F80030BB60BDF818300A
S2144108F0BB812489394630460E4B984770B96B6A9E
S2144109001BB12246002128469847BDE8F081204683
S214410910064B9847BDE8F0810023E6E73846064B8C
S2144109209847BDE8F08100BFE1884100A9414100F8
S2144109301D3E410015884100BD13410010B50146DA
S21441094044682046094B984709492046094B984731
S21441095009492046094B9847042209492046094B34
S214410960984709492046094B984710BD0D48410014
S214410970650D4100114841000D0D410017484100E9
S214410980B50C410025484100910941001B484100F2
S214410990F8B504460F4600264660234B9847277213
S2144109A0224B984765786670636A7BB1324604216C
S2144109B020469847636A4BB13246314620469847AF
S2144109C0636A1BB1324602212046984704F110065D
S2144109D03046174B984798B904F114063046144BE5
S2144109E0984790B9012D03D0033DEDB2012D06D8AD
S2144109F0237E23F00402227613F0040F0AD0F8BDBA
S214410A00002130460B4B9847E6E700213046094B1C
S214410A109847E7E7236A1F710023236204F10C001D
S214410A20054B9847EBE700BF2189410031894100DA
S214410A30E188410015884100F98641002DE9F041E1
S214410A400446037E13F0020F03BF036A1F7CC7F3FD
S214410A5080070127026A137CC06991680144D56802
S214410A602D1AB5F5803F26BF43F002034FF6FF75BA
S214410A70ADB26068B0F86660B5422CD977B1002E49
S214410A8069D032463D4DA8478046431CDBB2012B18
S214410A900ED8236ADB689E4239D328E043F002032E
S214410AA03246364DA8478046431CDBB2012B1ED941
S214410AB0B8F1000F36D1E3691E44E661236ADA686D
S214410AC0964201D0002F54D0DE600023E361606877
S214410AD02B4B98472CE02A46284EB0478046431C6D
S214410AE0DBB2012B01D92E46E2E72E465FB9636899
S214410AF0B3F8661040F66732914232D9B3F868309F
S214410B00042BD5D92DE02E46C3E76FF00608636A5D
S214410B101BB13246032120469847237E43F01003FB
S214410B202376C5E7B8F1FF3F0FD0236A0022DA608B
S214410B30236A83F8048000232362637004F10C0067
S214410B40104B98470020BDE8F081002FEDD160683A
S214410B500B4B9847F6E7236ADB68002BD5D16FF03D
S214410B600608636A002BA3D03246032120469847E5
S214410B709EE76068024B9847E4E700BFD5684100AE
S214410B80916E4100F9864100F8B50446036A1D7A24
S214410B9005F0010705F00206032D20D04068037ECC
S214410BA0012B6AD01FBB002E29D1324639466068D8
S214410BB0344B984700284AD1226A00231371236296
S214410BC06370002F3BD12EB1636A1BB10022022114
S214410BD02046984704F10C002B4B9847F8BD00215E
S214410BE040682A4B98476068037E012B41D000211C
S214410BF0274B984700216068264B98471EB1002135
S214410C006068254B9847032DCFD1042200216068A8
S214410C10224B984700216068214B98476068214BDA
S214410C209847A0B9226A00231371236263706360F8
S214410C30636A002BCED00022042120469847636A7F
S214410C40002BC7D00022114620469847BBE71649DD
S214410C506068114B98470422144960680F4B9847C7
S214410C60134960680E4B984721466068074B984782
S214410C70F8BD0021074B9847D0E70021054B984720
S214410C8093E700BF8D4F4100F98641000D48410072
S214410C90114841002148410017484100254841007C
S214410CA01B484100294E41000D0D4100B50C410045
S214410CB09109410010B504464378012B1CD0042B02
S214410CC01DD0237E13F0100F14D0626892B1B2F893
S214410CD0660040F6673188420CD9B2F86820042A8B
S214410CE008D823F010032376636A1BB10022022141
S214410CF020469847002010BD024B9847E1E7024B3B
S214410D009847DEE73D0A4100890B410038B5044665
S214410D1015464378012B1AD0042B1BD0ACB163681F
S214410D209BB1B3F8661040F6673291420DD9B3F8DD
S214410D306830042B09D8237E23F010032376636A98
S214410D401BB12A46022120469847002038BD034B56
S214410D509847E3E7024B9847E0E700BF3D0A41006A
S214410D60890B41002DE9F041002832D007469846CC
S214410D7014460D4600F1100630461A4B984758B9AE
S214410D8054B321892846184B98472046174B984715
S214410D9000242046BDE8F081154B984797F9083066
S214410DA013F1090FA8BF87F80880124B984774B112
S214410DB0258921463046104B9847044670B97B6AD0
S214410DC0002BE6D02A46002138469847E1E7002521
S214410DD0EFE76FF00504DCE70024DAE74FF0FF3475
S214410DE0D7E700BFE18841005D474100A941410086
S214410DF021894100318941001588410038B50446B2
S214410E000023037105686B6823B120680C30174BCB
S214410E10984738BD2B7803F0F003102B16D0202BC3
S214410E2020D1134B9847686023685A685AB11B789B
S214410E30222B04BF0123137423681A460D495868B0
S214410E400D4B9847E1E7FF232371DEE70B4B9847AD
S214410E5068602068436813B1094B9847D5E7FF237C
S214410E602371D2E7FA230371CFE700BFF986410029
S214410E70F1784100B1084100AD784100F951410097
S214410E803D094100F8B505460E4607201A4B9847DE
S214410E90044670B1002303720570436005F0F00507
S214410EA0102D08D0202D20D021460720134B9847DF
S214410EB000242046F8BD102704F10C0500212846E1
S214410EC00F4B98470028EFD1394604F110000D4BDF
S214410ED0984760B904F114000B4B984700236370A0
S214410EE066622362E3612376E3E70027E4E7284668
S214410EF0064B9847D8E700BF1D3E4100853E41005E
S214410F00458641007D874100E5884100D186410004
S214410F1038B5044600F10C052846054B9847284647
S214410F20044B984721460720034B984738BD00BFDE
S214410F30D186410075874100853E41002DE9F04349
S214410F4083B0044600F110052846264B984700BB5F
S214410F5004F114052846234B984700283FD0224EDB
S214410F60DFF89880214F23E0019E36B1606810B1CA
S214410F7031891F4B98473046C84701A92846B8478C
S214410F80B0F1FF3F0BD02378102BEDD00198C0472E
S214410F90F3E7154FDFF86880DFF86890EDE72846FD
S214410FA0144B98472846144B9847D1E72046B847F4
S214410FB001A92846B047B0F1FF3F0AD0019C204620
S214410FC0FFF7BCFF60680028F0D0C047002363608D
S214410FD0ECE72846074B98472846074B984703B007
S214410FE0BDE8F083E1884100B1884100110F41001E
S214410FF05D474100C5874100E58841009150410069
S214411000BD134100A94141002DE9F04104468846FF
S214411010174600F114063046254B9847002840D025
S214411020616A2078234B9847054600283CD0C0F893
S2144110300480214B98472F72294630461F4B9847CC
S214411040064640B9636A1BB10022114620469847BE
S2144110503046BDE8F0816C6800212046184B984721
S21441106000212046174B984700212046164B9847AB
S214411070042200212046154B984700212046144B58
S214411080984700236B6005F110042046114B9847A2
S2144110902046114B98472846104B98474FF0FF364D
S2144110A0D6E76FF00506D3E74FF0FF36D0E700BF2F
S2144110B0E1884100850E41003D0941001588410007
S2144110C00D4841001148410017484100254841005C
S2144110D01B484100C5874100E5884100110F41008A
S2144110E010B504460068437863B1023BDBB2012B7E
S2144110F008D9FB23237120680C301C4B98470028E5
S2144111002ED110BD1A4B98472268516879B1137891
S21441111003F0F003102B19D0202B05D10023CB610F
S21441112023685868134B9847236800225A60206802
S214411130436A002BDFD00022114698472068436A55
S214411140002BD8D0002202219847D4E704235370BD
S2144111500323237223681C622068074B984710BDFF
S21441116020680C30054B9847CBE700BF718741009C
S2144111703D0F4100B5784100890B4100F986410099
S21441118010B50446036893F9082012F1090F10DBE5
S214411190FA220271586868B11B7803F0F003102BED
S2144111A00DD0202B06D1A289A168084B9847207103
S2144111B000E0027120680C30054B984710BDA289AB
S2144111C0A168044B98472071F4E700BF617641005F
S2144111D0F9864100D145410038B50446036893F984
S2144111E0082012F1090F0DDBF3220271586820B175
S2144111F01A78102A08D0F223237120680C30234B2A
S214411200984738BD0271F8E75B78002BF5D1FF218E
S2144112101F4B98470546F0B1206810301D4B984744
S214411220E0B900232371206814301A4B9847F0B177
S21441123094F9043013BB236802225A7023685D6018
S214411240236819465868144B9847236813495868C9
S214411250134B9847D1E7FF232371CEE72068103020
S214411260104B9847206810300F4B9847D9E72068B5
S214411270102114300D4B98472071D9E728460C4B66
S2144112809847236800225A60B7E700BFF9864100B5
S21441129065464100E18841000D4841000910410082
S2144112A021484100C5874100E58841007D874100CE
S2144112B0294E41002DE9F04106460023037103689B
S2144112C05A6812B11B78102B05D030680C300A4B87
S2144112D09847BDE8F08185684FF6FF78074F2C4662
S2144112E0454528BF4446A4B2336821465868B847A6
S2144112F02D1BF4D1E9E700BFF98641005D47410067
S21441130008B5036893F9082012F1090F05DA02714E
S21441131003F10C000E4B984708BD1A78102A02D0EC
S214411320FA220271F4E75A7812B1FB220271EFE712
S2144113305A6852B101225A70036818620368002243
S214411340DA610068034B984708BDF3220271DFE774
S214411350F98641003D0A410010B5044600684378CD
S21441136013F0FD0F02D0FB23237106E0426812B151
S2144113700278102A05D0FA2323710C300C4B98477B
S21441138010BD227A032A10D0022B0BD012F0010F87
S2144113900BD1236804225A7023681C622068054BCF
S2144113A0984710BDF3232371E7E7034B9847F0E7CF
S2144113B0F9864100890B41003D0F410068B110B5E7
S2144113C00446006820B1054B9847002363602360BC
S2144113D021460620024B984710BD7047A94141005F
S2144113E0853E4100034650B151B152B1406848B1C3
S2144113F0406808605B685B89138000207047FEE7A1
S214411400FEE7FEE76FF001007047000000B583B0CD
S214411410264B1B6813B1264A10689847254D264C23
S214411420264E03E0986803680430984701A9284689
S214411430A047019B1A78052AF8D801A151F822F055
S2144114402514410059144100751441008714410088
S21441145097144100A5144100D96891F8312012F043
S214411460600F986814BF164B164B98470199092090
S214411470B047DBE71A69D9689868134B98470199D2
S2144114800820B047D2E71969D868104B98470199A8
S2144114900820B047CAE79A68D8689047019908205B
S2144114A0B047C3E79A68D8689047BFE7B45D002065
S2144114B0B85D0020B05D002035394100853E4100D1
S2144114C0C17E4100752B41001D374100E138410086
S2144114D070B506460D461148114B9847B8B10920DC
S2144114E0104B98470446A8B1012303708660C56037
S2144114F001460A480C4B9847034608B9184670BD42
S21441150021460920094B98474FF0FF33F6E76FF025
S2144115100503F3E74FF0FF33F0E700BFB05D00206F
S214411520E18841001D3E410015884100853E41004D
S214411530F8B507460E4615461448154B9847F0B180
S2144115400820144B98470446E0B104230370876093
S214411550C6603DB901460D480F4B9847034638B91A
S2144115601846F8BD014609480C4B98470023F7E753
S214411570214608200A4B98474FF0FF33F0E76FF0BB
S2144115800503EDE74FF0FF33EAE700BFB05D00200B
S214411590E18841001D3E410015884100ED8741002C
S2144115A0853E410030B587B004460C480C4B984701
S2144115B080B100258DF80450039401A90748094BD2
S2144115C09847606829460C30074B984794F90800BD
S2144115D007B030BD6FF00500FAE700BFB05D0020F0
S2144115E0E1884100ED8741001187410030B583B065
S2144115F005460C460A4B98470A4B1D600A4B1C6031
S21441160010210A480A4B9847052300934FF48073EC
S214411610002208490848094CA04703B030BD00BF26
S214411620D9364100B45D0020B85D0020B05D002091
S2144116307D8741000D144100FC044200ED884100C5
S214411640030A43EA002080B27047030A43EA0020B7
S21441165080B27047030E43EA0063020202F47F023F
S2144116601343000A00F47F401843704708B5014B06
S214411670984708BD55164100037B8B4203D0017342
S214411680002343734383704730B44369048B651C1E
S2144116900583234483F8F0104369018B4C1C048373
S2144116A00B4483F8F02030BC704710B44369028B7A
S2144116B0541C0483134483F8F0105DF8044B7047C0
S2144116C010B44369028B541C048313440A0A83F8FA
S2144116D0F0204369028B541C0483134483F8F010B2
S2144116E05DF8044B704710B44369028B541C048365
S2144116F013440A0E83F8F0204369028B541C04837A
S21441170013440A0C83F8F0204369028B541C04836B
S21441171013440A0A83F8F0204369028B541C04835D
S214411720134483F8F0105DF8044B704758B110B479
S21441173001464369028B501C08831344FF2283F8F9
S214411740F020002406E0FEE74A69581C088313444B
S21441175083F8F0400B8B432BF6D95DF8044B70476A
S214411760002800F095802DE9F0410746002900F059
S214411770908015460C4600224FF49A7110464C4B09
S21441178098472061002800F08E80637B1BB9494A48
S214411790136801331360474B1B68236042686261DC
S2144117A00123137062695370636997F82A209A700F
S2144117B063690026DE70D4F8148020683E4B984753
S2144117C0C8F8040063691E725E7263699E72DE72B7
S2144117D063691E735E739E73DE73082D5FD0042D9E
S2144117E05DD0032D56D062690023137453749374ED
S2144117F0D3746269137553759375D375626913769D
S21441180053769376D37607F12B019C46626997F817
S2144118102AE09EB2B6458CBF0E7866461A441677C5
S21441182001330131102BF1D10023194662691A4464
S21441183082F82C100133402BF8D1002319466269F7
S2144118401A4482F86C100133802BF8D16269002368
S214411850632182F8EC106FF07D0082F8ED00532092
S21441186082F8EE0082F8EF10238362691A4482F808
S214411870F0300133442BF8D10122352120460F4B5D
S2144118809847294620460E4B98470020BDE8F081F0
S214411890FEE7FEE7237B043BDBB2012BA3D863695B
S2144118A07A68DA609FE74FF0FF30BDE8F08100BF0D
S2144118B02942410064000020551641008916410026
S2144118C0AB16410048B110B50446006908B1034B58
S2144118D0984700232361636110BDFEE7A94141009B
S2144118E070B582B00646446A04212046204B98478C
S2144118F00322214630461F4B98470546B8B1637BC5
S2144119000133DBB26373092B2ED8C3EB431203EBCF
S2144119108203DB009BB203F2F313174A82FB0312E6
S214411920DB17C3EB62136383284602B070BD022205
S21441193039212046114B9847318D2046104B984708
S2144119402046104B9847218BF03189B220690E4BC7
S214411950984721696068009643230C4A0C4EB0476D
S21441196020460C4B9847CAE742F21073D3E700BFB4
S2144119707916410061174100D34D62108916410026
S214411980C11641002D1741006D434100100542002C
S2144119903D774100C5184100F0B583B00646446A1C
S2144119A00023636206212046274B984701222146A1
S2144119B03046264B98470546B8B1637B0133DAB2C9
S2144119C06273052A9ABF4FF47A7393404EF66023AA
S2144119D09BB203F2F3131E4A82FB0312DB17C3EBDF
S2144119E062136383284603B0F0BD022239212046A4
S2144119F0184FB847318D2046174B98470422372158
S214411A002046B84701212046144FB84703212046B7
S214411A10B8471C212046B84706212046B8472046ED
S214411A200F4B9847218BF03189B220690D4B98476F
S214411A3021696068009643230B4A0C4EB047204606
S214411A400B4B9847B9E700BF791641006117410033
S214411A50D34D621089164100C1164100AB164100B4
S214411A602D1741006D434100100542003D7741006E
S214411A70C51841002DE9F04383B00646446A01216A
S214411A802046334B9847032221463046314B9847F0
S214411A900546C0B1637B0133DAB26273052A9ABF49
S214411AA04FF47A7393404EF660239BB203F2F313DE
S214411AB0294A82FB0312DB17C3EB62136383284672
S214411AC003B0BDE8F083022239212046234FB847B0
S214411AD0318D2046224B9847042232212046B84772
S214411AE0606ADFF89890C84701462046DFF8908044
S214411AF0C047042236212046B847206AC8470146D7
S214411B002046C047042237212046B84701212046B7
S214411B10144FB84703212046B8471C212046B847F2
S214411B2006212046B84720460F4B9847218BF03177
S214411B3089B220690D4B9847216960680096432316
S214411B400B4A0C4EB04720460B4B9847A2E700BFC6
S214411B507916410061174100D34D62108916410044
S214411B60C1164100AB1641002D1741006D4341009F
S214411B70100542003D774100C51841006D164100F1
S214411B80E7164100F0B583B00646446A0321204675
S214411B90264B9847032221463046254B9847054613
S214411BA0B8B1637B0133DBB26373092B3AD8C3EB1D
S214411BB0431203EB8203DB009BB203F2F3131D4A8D
S214411BC082FB0312DB17C3EB62136383284603B021
S214411BD0F0BD022239212046174FB8474FF4107105
S214411BE02046164B9847042232212046B847606A61
S214411BF0134B984701462046124B98472046124BB6
S214411C009847218BF03189B22069104B984721695A
S214411C106068009643230E4A0E4EB04720460E4B50
S214411C209847BEE742F21073C7E700BF79164100F6
S214411C3061174100D34D621089164100C11641001B
S214411C406D164100E71641002D1741006D434100D6
S214411C50100542003D774100C518410038B505469C
S214411C60446A08212046074B9847002204F1240184
S214411C702846054B9847637B01336373012363838F
S214411C8038BD00BF79164100117C4100002852D072
S214411C9030B583B00546446A002C4DD0636BB3F132
S214411CA0FF3F0DD01E333449A1FB03235B094FF69A
S214411CB0FF718B4228BF0B469BB2002B3DD0A383BE
S214411CC0A36BB3F1FF3F3BD01E332B49A1FB03234C
S214411CD05B094FF6FF718B4228BF0B469BB2002B28
S214411CE047D10123E383A18BE38B99422ED2A37B79
S214411CF0002B2ED0A36A0193E36A00932BB9636A43
S214411D0001990B4043F08073009304F12401284667
S214411D101A4B984701A92846194B984769462846C1
S214411D20184B98472846184B98470A212046174B88
S214411D30984703B030BDFEE7FEE70123A383BFE724
S214411D40E38BA18B9942D2D3002BD0D00023A3831F
S214411D50CDE794F8243013F0800F02D1FF2301938E
S214411D60CAE7BF2B8CBF6FF07F434FF6FF730193DB
S214411D70C2E7E383B7E700BF89888888C93E410048
S214411D80B53F4100A93F4100CD3F41007916410092
S214411D902DE9F04F89B09346D0F824A053892B2BD8
S214411DA004D9814655682B78022B08D00023CAF8FF
S214411DB008305846C74B984709B0BDE8F08F90F8B1
S214411DC02A10A9B190F82B202B7F9A42EED100F130
S214411DD02C0305F11D020139C9B22C3101448B4255
S214411DE006D013F8014B12F8010B8442F7D0DDE719
S214411DF06868B94B9847DAF800309842D6D1B74B65
S214411E0000221A605A601A81BBF80A302B2BCDD9B2
S214411E10DBF80430CAF80830BBF808800192F0239A
S214411E20CDF810A0CDF81490CDF800B00099002957
S214411E3000F029824A899342C0F02F829B1A9BB2B6
S214411E40A8EB02081FFA88F80968002900F02082EA
S214411E504A899A42F2D98B46DBF80420114602920F
S214411E601A46C95CFF2900F06081984540F25D81C1
S214411E705F4671E0002301934FF06C082C23D5E7B1
S214411E80002301934FF06C082C23CFE73A68002AD1
S214411E9000F00B825268127865E001339BB23CE059
S214411EA0042A40F0DF8015460626991C12FA81F274
S214411EB092B2039200220792884A925D62BB023335
S214411EC09CB2864B06EB0309854B03EB860AAAF1C7
S214411ED0040ADFF814B2032D94BF2A46042223468F
S214411EE092B207A93846D847042D40F2078115F02B
S214411EF0030F40F00281012389F800300798794B9F
S214411F0098474AF8040F043DEDB20434A4B20136B2
S214411F1019F8013F002BDED0039B7A899A420FD8ED
S214411F209B1A9BB2A8EB02081FFA88F8434580F03B
S214411F30FC80B8F1000F00F0F8803F687A680292A2
S214411F40002F00F0F2801A460299C95CFF2900F082
S214411F50EC80984540F2E980581C7C89A04295DA8D
S214411F600298024452783B2900F29A8101A050F827
S214411F7021F000BF9B1E4100A11E4100A12241004D
S214411F8067204100A1224100A12241007320410067
S214411F90A1224100A1224100A1224100A1224100EB
S214411FA0A1224100A1224100A1224100A1224100DB
S214411FB0A1224100A1224100A1224100A1224100CB
S214411FC0A1224100A1224100A1224100A1224100BB
S214411FD0A1224100A1224100A1224100A1224100AB
S214411FE0A1224100A1224100A1224100A12241009B
S214411FF0A1224100A1224100A1224100A12241008B
S214412000A1224100A1224100A1224100A12241007A
S214412010A1224100A1224100A1224100A12241006A
S214412020A1224100A1224100A1224100A12241005A
S214412030A1224100A1224100A1224100A12241004A
S2144120409B204100A7204100B3204100BF20410012
S214412050A1224100A1224100A1224100CB20410002
S214412060EF204100FEE7032A02D9072604251CE794
S214412070FEE712F0030F0ED11546082A28BF0825A1
S214412080954209D8991C12FA81F292B20392002D18
S21441209049D008260EE7FEE7FEE7042A02D1154698
S2144120A0032602E7FEE7012A02D115460026FCE692
S2144120B0FEE7012A02D115460126F6E6FEE7042A86
S2144120C002D115460226F0E6FEE7042A0ED1154651
S2144120D00426EAE6A94141006D16410044E8002085
S2144120E050E800205516410005454100FEE7042A08
S2144120F002D115460526D8E6FEE7FEE7042D0CD0AC
S214412100012D0FD19DF81C30079301236B4A93553F
S214412110079B6B4A42F82630FEE60798694B98477C
S2144121200790F2E7FEE7039BF7E6644B1B786BB13B
S214412130634B1B68002261490A70012B00F0B9808D
S214412140022B3FF497AE032B00F0B180019B002B8E
S2144121507FF496AEDDF810A0DDF81490DDF800B0FF
S214412160564B5B78002B3FF421AE554B1B79052B24
S21441217046D19AF80C30012B39D1D9F824400023A6
S214412180A362E3624D4BDB7813B14D4BDB682363AF
S2144121904A4B1B790BB34A4B1B696363474B5B79CD
S2144121A0FBB1474B5B69A363A3681B696362434BFF
S2144121B09B79CBB1424B9869434B9847A062012328
S2144121C0A3733E4BDB7923B13D4BD8693E4B9847D1
S2144121D0E06248463D4B9847E8E5236B5B086363FE
S2144121E0DCE7236BA363DFE70023A373E9E7033B45
S2144121F0DBB2022B3FF6DAAD4846354B9847D5E57C
S214412200062B22D19AF80C20D31EDBB2022B02D920
S214412210012A7FF4CBADD9F8245048462D4B984738
S2144122202D4C214648462D4B9847214648462C4B37
S2144122309847214648462B4B98470C2128462A4B1F
S21441224098474846294B9847B0E5022B7FF4AEADF8
S2144122509AF80C30062B7FF4A9AD0023AAF81A3061
S214412260D9F82440154B9B78002B3FF49FAD144B77
S2144122709868154B98472062A3681B696362484675
S2144122801B4B984792E5DDF810A0DDF800B08DE5D0
S214412290DDF810A0DDF800B088E5DDF800B0DBE53C
S2144122A0023312FA83F39BB237E600225BE6012340
S2144122B001934FF0EC086C23B8E500BF44E80020DA
S2144122C050E800206D164100551641005D1C410046
S2144122D08D1C4100094041000C054200C93E4100A9
S2144122E0A93F4100B53F4100791641009919410087
S2144122F0751A410048B130B583B00546446A14B1F9
S214412300237B082B02D003B030BDFEE70A68636A20
S2144123109A42F8D10C212046164B98470422214672
S2144123202846154B9847F0B9042232212046134BD4
S2144123309847606A124B984701462046114B98478A
S2144123402046114B9847218BF03189B220690F4BBB
S214412350984721696068009543230D4A0D4DA8476B
S21441236020460D4B9847637B013363731423638385
S214412370C9E700BF7916410061174100891641003F
S2144123806D164100E71641002D1741006D4341008F
S214412390100542003D774100C518410070B582B036
S2144123A00646446A05212046204B9847032221468B
S2144123B030461F4B98470546B8B1637B0133DBB2C5
S2144123C06373092B2FD8C3EB431203EB82031B0124
S2144123D09BB203F2F313174A82FB0312DB17C3EBDC
S2144123E062136383284602B070BD0222392120461B
S2144123F0114B9847318D2046104B98472046104B3D
S2144124009847218BF03189B220690E4B9847216954
S21441241060680096432304F120020B4EB0472046E5
S2144124200A4B9847C9E744F62063D2E7791641003C
S21441243061174100D34D621089164100C116410013
S2144124402D1741006D4341003D774100C5184100BD
S21441245070B5164B1C6844B3154E164D09E0636AB9
S2144124601B7B03F0FB02012A1CD00A2B1AD02468DE
S214412470DCB1636A002BFAD0DA8B511ED983012A6C
S214412480EDD0626A938B591E9183012BEFD1636A1B
S2144124901B7B03F0FB02012A01D00A2BE7D1204621
S2144124A0B047E4E72046A847E1E770BD9C200120FD
S2144124B09D234100E1184100F0B583B00546446ACA
S2144124C000212046284B9847002323626362A3627B
S2144124D0E362A36363632363072221462846234BB3
S2144124E09847064638B3637B0133DBB26373092BE7
S2144124F036D8C3EB431203EB8203DB009BB203F2F5
S214412500F3131B4A82FB0312DB17C3EB621363838D
S2144125102846184B9847184C21462846174B98474B
S21441252021462846164B984721462846154B98473C
S214412530304603B0F0BD2046134B9847218BF0310F
S21441254089B22069114B98472169606800954323F9
S21441255004F120020E4FB84720460E4B9847C2E77B
S21441256042F21073CBE700BF791641006117410074
S214412570D34D6210094041000C054200C93E41005E
S214412580A93F4100B53F41002D1741006D43410031
S2144125903D774100C5184100F8B52C4B1C68002C0E
S2144125A053D02B4D2B4F2C4E04E0012B0BD02468DF
S2144125B0002C4AD0626A002AF9D0538B012BF4D9F9
S2144125C0013B5383F3E700235383626A137B0C2B4F
S2144125D011D0062B0FD0012B10D0082B1AD0052B6B
S2144125E020D0042B22D0032BE1D1537B012B29D9B8
S2144125F02046A847DBE72046A847D8E7537B052B6C
S21441260003D82046154B9847D1E72046B047204689
S214412610A847CCE7537B012B204694BF104B114B68
S2144126209847C4E72046104B9847C0E7537B082B92
S21441263003D820460D4B9847B9E72046B047204679
S214412640A847B4E72046B847B1E7F8BD9C2001202B
S21441265099194100851B4100B9244100751A410072
S2144126605D1C41008D1C41009D234100E118410045
S21441267098B110B5446A90F8312022F0080280F8EB
S21441268031204CB1606818B1044B98470023636011
S21441269000212046024B984710BDFEE7B578410021
S2144126A079164100002840D070B50446456A90F836
S2144126B0313023F0080280F8312013F0200F42D049
S2144126C0038DB3F5107F41D3002D2FD0686808B134
S2144126D0234B98473C2200212846224B9847224BC1
S2144126E098476860002837D0037A43F02003037286
S2144126F01E4E4422314668681D4B98474322314658
S21441270068681C4B984722461B4968681B4B98478C
S21441271020461B4B9847034678B994F8312042F03F
S214412720080284F83120184670BDFEE73C20154B60
S2144127309847054668B16062CCE72046124B9847F9
S2144127404FF0FF33EFE76FF00D03ECE74FF0FF3349
S214412750E9E74FF0FF33E6E74FF0FF33E3E700BF2B
S214412760B5784100C5D44100F17841000C054200DE
S214412770617641004D784100911D4100AD784100A0
S21441278099194100253C4100712641002DE9F0434D
S21441279085B0804689461546002224210120224BD9
S2144127A0984700283DD00646D8F80470446884F817
S2144127B000906570002525716571A571E571D0F8A9
S2144127C004C0D8F80430D3F800E058689968D3F8C4
S2144127D00C80CCF808E0CCF80C00CCF81010CCF803
S2144127E01480D3F810E058699969CCF818E0CCF811
S2144127F01C00CCF82010A570E570718920460B4B63
S21441280098476080FB6804AA42F8043D012301937F
S2144128100095FF2329463046054CA0473046054BD8
S214412820984705B0BDE8F08329424100C12A4100DE
S214412830C12E4100A94141002DE9F04385B006462D
S214412840884647683C7804F00F04A40065422DB2E0
S2144128502946454B9847A0B93389032B11D973684C
S2144128601B78082B6FD1414B186800F0F0094146A0
S2144128703F4B984758B9B9F1E00F08D03389072B39
S21441288009D830463B4B984705B0BDE8F083304603
S214412890384B9847F8E73046374B984770B924B2DB
S2144128A022213046304B984730B3214630462E4B96
S2144128B0984738B130462F4B9847E5E730462D4B81
S2144128C09847E1E70022318902202C4B9847814600
S2144128D00028EFD031462A4B98470028EAD1D9F84C
S2144128E0047029464846204B98470028E2D1304696
S2144128F0204B98474E4606E06FF0210130461A4B72
S21441290098470028D6D17268184B1B68FB601D4B50
S2144129101B683B610023137053884FF6F6718B4258
S2144129208CBF093308335380FF233B720023BB72AD
S214412930FB7214213846144B98477881214630461D
S214412940094B984718B130460A4B98479CE7CDF853
S21441295008800123019300220092FF230349304659
S2144129600A4CA047EFE700BF3341410080E8002012
S2144129700D2F4100A9414100D12A41002942410081
S2144129805144410078E80020C12A4100AD2D410064
S21441299008B50A460321014B984708BD8D274100DB
S2144129A008B50A460B21014B984708BD8D274100C3
S2144129B010B483B00023ADF8063010F0010407D000
S2144129C099422ADD431C02788DF80720013900E040
S2144129D0034601291FDD002233F8020B0244023967
S2144129E00129F9DC0029C4BF1B788DF80630BDF8F3
S2144129F00600024490B200EB124290B200EB124045
S214412A0024B103029BB2C0F30720184380B203B03F
S214412A105DF8044B70470022E4E70129C8BF03462E
S214412A20D9DCBDF80600ECE72DE9F0478A46914629
S214412A30984600283ED00546002634461E4F01E003
S214412A402D689DB169896868B8470444A0B200EB17
S214412A5014446B8913F0010FF2D0C6F10106F6B2A9
S214412A6023029BB2C4F307241C43E9E726B12302A1
S214412A709BB2C4F307241C43DAF80020D9F800308F
S214412A80180C10FA83F010FA82F000EB124004445E
S214412A9040460A4DA8470444BDF82000A8472044B4
S214412AA084B204EB1044A0B200EB1440C04380B2A1
S214412AB0BDE8F0870024DFE7B12941004116410017
S214412AC008B5024B9847C04380B208BDB1294100C2
S214412AD0F8B518B3054600263446114F01E02D6877
S214412AE09DB169896868B847204484B204EB1044B4
S214412AF06B8913F0010FF2D0C6F10106F6B223023C
S214412B009BB2C4F307241C43E9E726B123029BB2D8
S214412B10C4F307241C43E04380B2F8BD0024FAE71F
S214412B20B1294100104B1B6863B9104B1B68ABB110
S214412B3093F8312012F0010F10D0184670471B68E9
S214412B40002BF2D093F8312012F0010FF7D0026833
S214412B5059684A4099680A42F1D1EEE7044AD36F70
S214412B600133D3670023E8E79C200120A020012001
S214412B70A82001202DE9F84F06467C4A536E0133C2
S214412B805366D0F8049099F800502B09042B0DD0C9
S214412B90774B9847754BD3F888200132C3F8882085
S214412BA0DA6E0132DA660020BDE8F88F884605F015
S214412BB00F05AD00B9F802006E4B9847044673897D
S214412BC0AB4202D3338983420AD23046684B984798
S214412BD0664B5A6F01325A67DA6E0132DA66E2E7BD
S214412BE029464846644B984790B921463046634B40
S214412BF09847D9F81020624B1A60D9F80C20614BDF
S214412C001A6044460127DFF878B1DFF89CA112E04C
S214412C103046574B9847554B1A6F01321A67DA6E52
S214412C200132DA66BFE7FFB1DAF80040444508BF33
S214412C3024680027D4B194F8313013F0010FF2D054
S214412C4014F1040FEFD06368002BECD0DBF80000E2
S214412C50834204D021464C4B98470028E3D02CB100
S214412C60484B1868C0B10AE02468DFE799F8093094
S214412C70112B45D0434B1868002850D000244146BC
S214412C80414B9847002842D13E4B1B6803F0F00366
S214412C90E02B3CD0002C42D0B9F8063023F0C003DC
S214412CA09BB2002B3FD1394BC3F80080384BC3F859
S214412CB0009099F80930062B4DD0112B3DD0012BB1
S214412CC04ED041462E4B18682F4B984758B92C4B3F
S214412CD01B6803F0F003E02B05D0C6F804900221F0
S214412CE030462C4B98473046214B98471F4BD3F8DC
S214412CF080200132C3F88020DA6E0132DA6620E0A5
S214412D004D446B88B3F5884FB4D14446C2E730464C
S214412D10174B9847154AD36E0133D36643E730467F
S214412D20134B98473FE730461B4B984706460028CB
S214412D303FF439AFD0F80490B5E741463046174BDB
S214412D4098470023114A1360114A13600D4A1360D5
S214412D500B4A136027E741463046114B9847F0E748
S214412D60414630460F4B9847EBE700BFA82001206D
S214412D70A94141004B164100C12A41006D43410023
S214412D8080E8002078E800200D2F41007CE80020F4
S214412D9084E80020912941009D3141007174410031
S214412DA06D5C4100392841009C2001202DE9F04FFF
S214412DB087B0054602919DF840809DF844B0129E2A
S214412DC00192002A64D09A461421384B984700282D
S214412DD053D16C6884F808A084F809B0019B1B683D
S214412DE023619AB203924FEA13494523237084F82C
S214412DF001804AEA0B2A4FEA082848EA03080AEB08
S214412E00080B28892A4FB847824660800023A37161
S214412E10E371DFF8A880B8F80000B847A080B8F89A
S214412E2000300133A8F80030029B0BB11B686BBB26
S214412E307368E360E2681BFA82F303EB1243039A7A
S214412E4013444B449A4450441FFA80FA0AEB10400C
S214412E5000EB1040C0436081164A136E013313667F
S214412E60338D13B12A899A4219D87369019A294632
S214412E703046984707B0BDE8F08F0E4AD2F8883002
S214412E800133C2F888306FF00100F3E7E360D1E721
S214412E9043681B6906AA42F8043D0192DCE7019AA1
S214412EA031462846044B9847E4E700BF334141008A
S214412EB041164100A820012001354100BC5D00209B
S214412EC0F0B585B005460E4614461F4610460C4BD7
S214412ED0984770B102909DF82C3001939DF82830A8
S214412EE000933B46224631462846064CA04705B04D
S214412EF0F0BD054AD36F0133D3676FF00300F6E7A1
S214412F00252B4100AD2D4100A8200120431E13F181
S214412F10030F12D891F8313013F0020F0FD04B68DF
S214412F2098420ED08A68434013420CD1D24332EACB
S214412F3000030CBF0120002070470120704700208D
S214412F407047002070470020704700002DE9F04F81
S214412F5085B0019103680DF1100C4CF8043D0C4608
S214412F604FF00008C146274F02F1010E4FF02E0BDD
S214412F7066469CF8003048469A4600E02846A7FB3D
S214412F800A31C90801EB8103AAEB4303451CEDB2A4
S214412F9030330DF1100A82440AF8083C01F0FF0A6A
S214412FA00029EBD186F800900CF1010CADB108F187
S214412FB00101424521DD02AB1D18631E20449E1CC3
S214412FC015F8014903F8014F984208D0013171457F
S214412FD0F5D1002005B0BDE8F08F4146264601F107
S214412FE001088A420BDD741C86F800B004AB9C4590
S214412FF0BED1002333700198ECE70020EAE70020B9
S214413000E8E700BFCDCCCCCC08B510220149024B35
S214413010984708BDC05D00204D2F41002DE9F0477F
S21441302081468A4645686B689A8822B30024D9F857
S21441303004606EB1DFF894801F4F73681D68304698
S214413040C0470444A4B23046B8472E46002DF4D1BA
S2144130501A4B1B68994529D0D9F80030CAF8003078
S21441306049460420164B9847164A13881B1B138063
S2144130702046BDE8F0871B6843606A68034653F8FC
S214413080081F5E689C68D868116056609460D0607E
S21441309019691161012128460B4B984728460B4B6D
S2144130A0984784B22846044B9847C0E7D9F8002091
S2144130B0024B1A60D4E700BFA9414100D45D00200D
S2144130C0853E4100D05D0020A1294100CD4341000D
S2144130D02DE9F843054688460026194FDFF86490E7
S2144130E022E00134B8B193F81FC0C27F944598BF1F
S2144130F018461A688AB1194613465A697245F0D17C
S214413100D5F810C09A696245EBD1B3F80CC0AA88CD
S2144131109445E6D1EDE71846EBE708B1C8470644C3
S214413120464509DA012C07DD3B682BB1D5F80CE0A2
S214413130002421462046E0E73046BDE8F88300BF3C
S214413140D45D00201D30410010B50446406908B1E9
S214413150034B984721460520024B984710BD00BFB8
S214413160A9414100853E41000A4B186888B170B5B7
S2144131700024094E04E005682146B047284638B188
S214413180C37F002BF7D0013BC37704460068F6E7C0
S21441319070BD7047D45D00201D3041002DE9F04FD1
S2144131A083B007464668337803F00F03052B22D1D8
S2144131B0F088A04CA04783467088A047019096F8B7
S2144131C000A038469C4B984780469C4B1B8803443E
S2144131D00A2B06DC9A4B1C68002C79D0F268002535
S2144131E014E001463046974B984720B1934B1B88D5
S2144131F043440A2BEEDD3846934B98474FF0000880
S21441320001E123682546002B62D01C466369934240
S214413210F7D13369A1699942F3D1A189B38899421B
S214413220EFD1002C53D0F088824B9847C0F30C0066
S214413230002800F08480814B1A889044A3F80080CF
S214413240F38813F0200F0CD1A37F43F00103A3773B
S2144132500AF00F0A019BA3EB8A0909EBCB0BA4F8F2
S2144132601CB07E687088DFF8CC91C84796F800801D
S21441327008F00F08A0EB88081FFA88F8F088C847BE
S214413280C0F30C00C000D7F804C000238CF800300F
S2144132908CF801308CF802308CF80330ACF804001E
S2144132A080441FFA88F8ACF806806268002A00F06D
S2144132B09A80536899888842C0F0AD8000F0978024
S2144132C0DA88824200F293804FF0010E78E02C4675
S2144132D004205E4B9847814618B320220021484679
S2144132E05B4B9847032389F81F30554B1A68C9F83A
S2144132F00020C3F8009032687568B068F168C9F874
S2144133000820C9F80C50C9F81000C9F814103269E1
S214413310C9F81820B9F1000F3FF46DAF25464C4669
S21441332089E741463046474B984780453FF763AF6C
S2144133300420464B984781460028CED15BE7E0897A
S2144133403C4B9847C0F30C0000283FF474AF3268FA
S214413350D6F804E0B068F168A260C4F80CE02061D9
S21441336061613269A26166E7CCF80060002B56D0F5
S214413370D98881423BD89288424538D31F60A37F83
S21441338013F0010F3DD0BEF1000F3AD0606843689C
S2144133909B88002B35D1DCF80030002B5AD05B6877
S2144133A09988BCF8062091422BD11A68002A51D040
S2144133B05268D9889388994223D11346F5E7134634
S2144133C01E6876B3726891888842CDD388420ED003
S2144133D0D68886420BD8002BF1D0DB888B4218BFAB
S2144133E04FF0000EEBE74FF0010E6760C7E7384637
S2144133F0114B9847114A1388181A10803846124BB9
S21441340098474FF00008404603B0BDE8F08F226869
S2144134100B4B1A6058E0CCF800204FF0010E676065
S214413420ADE7002BE1D01F60DA88BCF804309A4241
S214413430E7D1A4E74B164100CD434100D05D0020C3
S214413440D45D0020D1304100A94141001D3E4100DC
S214413450C5D44100A38B1433A38347683E682346F3
S21441346053F8082FD3F804E09868D9683A60C7F84B
S21441347004E0B860F9601A693A61A08B184B984726
S21441348078800023BB71FB71BB72FB7214213846F6
S214413490144B98477881D4F804807EB16FF0130BB3
S2144134A0DFF854A0DFF85490776859463046D04745
S2144134B031464046C8473E68002EF5D10A4B1B6848
S2144134C09C42A4D023682B6021460420074B984792
S2144134D04046074B9847074A1388181A108092E7C8
S2144134E041164100C12A4100D45D0020853E41007D
S2144134F0CD434100D05D00203341410005444100A9
S2144135002DE9F04F91B005460D910E920C8DD0F8F5
S21441351004B0BBF80600654B9847C0F30C0307930D
S21441352000F400530B93B5F80890A9F114091FFA5B
S21441353089F30593A4F114030A93002BB8BF07330C
S214413540C3F3CF030C93059A002A00F0A980DB0051
S2144135509BB20F9300241426DFF870A1DFF8709118
S214413560DFF8708152E00520D0470746002800F07A
S214413570838001946B680093034602222146032010
S214413580C847039000287FD02846C0477D61484BF6
S2144135903B6103990498474B9847361BB6B25EB1D8
S2144135A02D686C89B44228BF3446A4B2002CDAD1C7
S2144135B02D68002EF5D1344608983F4EB047099FF6
S2144135C0F880069B03F1140080B2B0477880002350
S2144135D0BB723846FB721421384B984778810D9858
S2144135E043690E9A049E314698473046344B984775
S2144135F0059A069BD31A9BB21A460593079B0C99CC
S2144136000B449BB207932646002A47D0079BC3F339
S2144136100C030B9A134308930A9A05998A42BDBF35
S21441362043F4005308930F9B059B069300221421F5
S2144136300220244B98470490002833D04368DBF897
S2144136400020DBF80470DBF80800DBF80C101A6089
S2144136505F609860D960DBF810201A61049B5B6854
S21441366009936B6833446B606B899E1B6E81069B26
S214413670002BA1D01E4694E70498114B98474FF073
S214413680FF3011B0BDE8F08F394605200E4B984704
S21441369004980B4B98474FF0FF30F2E70020F0E7D5
S2144136A00020EEE74FF0FF30EBE700BF4B1641003E
S2144136B0493141000544410041164100C12A4100BB
S2144136C0A941410029424100853E41001D3E41003D
S2144136D0D5404100E543410008B5084B9847084BA3
S2144136E09847084B9847084B9847084B9847084BCC
S2144136F09847084B9847084B984708BD6D45410089
S21441370041864100A53941007D3D4100C53E41000D
S2144137106D744100CD4541001D38410070B50446E9
S2144137200E4615460A201B4B9847002830D00146C6
S214413730002303608660C5604460174B1D68A5B1D1
S2144137406868844213D3201A48602A68F2B15368E5
S214413750984212D348685368C01A486013688BB1C0
S2144137605C68A0420BD31A46F4E7186070BD001B94
S21441377068600D60084B196070BD13462A465C6848
S214413780201A586013680B60116070BD2A46F9E72D
S21441379070BD00BF1D3E4100D85D002008B50A4BF4
S2144137A01B6853B9094B1B6843B10122064B1A608B
S2144137B000220749FA20074B984708BD064B1B686D
S2144137C0002BF2D1F9E700BFDC5D0020702201201A
S2144137D0DD3741001D3741008422012008B5094BE1
S2144137E09847094B1B682BB100220849FA20084B21
S2144137F0984708BD074B1B68002BF5D10022064BA6
S2144138001A6008BD614F410070220120DD3741003A
S2144138101D37410084220120DC5D002010B50022C6
S2144138200A494FF47A700A4CA0470022094941F2EE
S2144138308830A047002208494EF66020A047002263
S21441384006494FF4FA70A04710BD00BFC138410089
S2144138501D374100A138410081384100613841009F
S21441386008B5044B9847002203494FF4FA70034BBE
S214413870984708BD99254100613841001D374100F0
S21441388008B5044B9847002203494EF66020034B87
S214413890984708BD51244100813841001D374100F9
S2144138A008B5044B98470022034941F28830034B40
S2144138B0984708BD717A4100A13841001D37410043
S2144138C008B5044B9847002203494FF47A70034BDE
S2144138D0984708BD69314100C13841001D37410054
S2144138E0124B1B6803B310B5002407E019680F4A52
S2144138F011600DE01A681C46AAB113469A688242C6
S214413900F8D1DA688A42F5D1002CEFD01A682260E5
S2144139101A681AB1516858680144516019460A201C
S214413920034B984710BD10BD704700BFD85D0020BF
S214413930853E41002DE9F04780468946164C174E94
S214413940174D0FE0002249464046144B9847BDE8C4
S214413950F08721680B6823608F68D1F80CA00A2095
S214413960A847AFB92368002BECD05A68002AF0D09C
S21441397049464046B047B0F1FF3FEAD0064B1A6889
S2144139805368984234BF1B1A00235360BDE8F08742
S2144139905046B847E6E700BFD85D00204188410061
S2144139A0853E410008B50D4B23F003030C4A1360D6
S2144139B04FF460521A8000215980197198180949AC
S2144139C00860012101710280428007480360074B6D
S2144139D0A3F8C0200648074B984708BD8BE800204F
S2144139E0E85D0020EC5D0020E05D0020A82001207D
S2144139F0E45D00204586410000285FD070B504464E
S214413A002F4B1B68984203D32E4B1B6898420AD310
S214413A102D4B98472D4AD2F8CC300133C2F8CC30E2
S214413A202B4B984770BD00212A482B4B9847A4F151
S214413A300802002304F8043C284B1B689A423CBF0A
S214413A40264B1A601E4B1B68D01A80B21F4DB5F824
S214413A50C21034F8086C891B0144A5F8C21034F82A
S214413A60085C59198A4211D00E797EB9154E3668CE
S214413A70B1420BD0194E3668B14204BF17490A60AD
S214413A80595B24F8081C595B1944488034F8061CD5
S214413A90581882420ED0057965B9104D2D68AA4254
S214413AA004BF0E4A106034F8082C5A5234F8082CD9
S214413AB01344598007480A4B984770BD704700BF6A
S214413AC0E85D0020EC5D002021894100A82001200E
S214413AD031894100E45D002011874100E05D00200E
S214413AE0F9864100F8B503314FF6FC740C400C2CB6
S214413AF038BF0C24B4F5605F7DD806462546404B5A
S214413B001B68834240D83F4A126890423CD2A0F19B
S214413B100807FF1ABFB230F8084C083CE41BA4B2B1
S214413B20AC426AD33AD000213748384B9847344B99
S214413B301B6836F8082C99180879002836D1985A07
S214413B4007F108022A4492B2DFF8D4E0DEF800E03A
S214413B50714525D099184FF0000E81F804E098522F
S214413B604F8026F8082C995AB1F5605F1CBF5B1848
S214413B705A80274AB2F8C2301D442C1BA2F8C240D4
S214413B802148244B984709E0234B9847204AD2F8CE
S214413B90CC300133C2F8CC30204B98473046F8BD84
S214413BA09918DFF87CE0CEF80010D3E705F114024F
S214413BB0A242E5D807F108022A4492B29918184859
S214413BC0006881423CBF164801600020087136F803
S214413BD0080C98524F8026F8082C995AB1F5605F28
S214413BE01CBF5B185A800A4BB3F8C22015442C1BE5
S214413BF0A3F8C240C4E70026D0E70026CEE700BFC0
S214413C00E85D0020EC5D0020E45D00201187410066
S214413C10A8200120F98641002189410031894100CF
S214413C20E05D0020002800F09680F8B50346033397
S214413C304FF6FC751D400C2D38BF0C25B5F5605F61
S214413C4000F28B8000214648464B9847464BD3F8B6
S214413C5000C0464B1B68A3EB0C039BB2C5F56051F5
S214413C608B426DDA6FF007072E4634E0012222714F
S214413C703F4AB2F8C2100844C31A9BB2A2F8C230F7
S214413C80B2F8C4209A423CBF394AA2F8C430374BF6
S214413C901B689C4205D03248364B984704F10800D1
S214413CA0F8BD237983B1344B19688C420ED02E4B24
S214413CB0186823461B8803441A7912B18B42F9D1FE
S214413CC00B462A4A1360E6E72346FAE72346F8E717
S214413CD023888B4234DA0CEB03042279002AF7D18D
S214413CE03CF80300FA1A0244AA42F1D306F1140E34
S214413CF07245BBD305F108021A4492B20CEB02019D
S214413D000020087120882CF802004B802280012375
S214413D1023713CF80230B3F5605F1CBF63445A80A0
S214413D20134AB2F8C23008332B449BB2A2F8C230D1
S214413D30B2F8C4209A42AAD20D4AA2F8C430A6E7E5
S214413D400B4AD2F8C8300133C2F8C8300448094B90
S214413D5098470020F8BD002070470020F8BD00BFFE
S214413D60E45D002011874100E85D0020E05D002011
S214413D70A8200120F9864100EC5D00202DE9F0479E
S214413D80214BDFF890C003F1D00461460022A3F82E
S214413D90D220A3F8D420C3F8D82031F8020BA3F8D8
S214413DA0D0001033A342F2D1184F27F00307184E24
S214413DB0DFF864E006F1340A4FF0000915E00346E7
S214413DC0196058190132194693B2A342F7D3013C00
S214413DD0A4B204FB055304FB0574C8F800401F4415
S214413DE004360EF1020E56450CD0B046C6F8009089
S214413DF03CF8024B002CF3D0BEF800503B46002264
S214413E001146DDE7BDE8F087A8200120F35D0020DC
S214413E10E8AC002014054200300542000C2800D9C9
S214413E20FEE738B50446134B9847134B53F82450D6
S214413E30BDB12A6843F8242004F10D030F4A02EB72
S214413E400312538801339BB2538092889A4204D21C
S214413E500A4A02EB0414A4F8D430094B9847284682
S214413E6038BD064B03EB0414D4F8D8300133C4F8FC
S214413E70D830F2E721894100E8AC0020A820012093
S214413E8031894100A9B138B50D460446094B9847DA
S214413E9004F10D02084B03EB02135A88013A5A808B
S214413EA0064B53F824202A6043F82450044B984785
S214413EB038BD704721894100A8200120E8AC002088
S214413EC03189410070470000F8B50446002927D0E3
S214413ED00D460A6843689A4211D0124B186858B189
S214413EE0114F03E0C668B847304628B10268636898
S214413EF09A42F7D0C068F8E70C4B1B682BB92B6881
S214413F006360F8BDDB68002BF9D0002BFAD01A6845
S214413F10002AF7D061688A4204BF2A681A60F1E72E
S214413F200023EDE7702201209150410078220120C4
S214413F3070B5044616461D46064B98472EB1336863
S214413F40A36025B12B68E36070BD0023F8E700232A
S214413F50F9E700BFC93E4100F8B504460025456073
S214413F608560C56080F831504562C561069D056231
S214413F700A4E35786F1C377080F83450089D0561BD
S214413F80074DA8472046079B984728B9054B1A680E
S214413F9022601C602046F8BD0020F8BD1CAD002004
S214413FA0313F41009C20012011B10B68C36070472E
S214413FB00023FBE711B10B68836070470023FBE7E2
S214413FC0014B1860704700BFA020012090F83130A7
S214413FD013F0010F14D110B5044643F0010380F8E5
S214413FE03130C36903B1984794F8313003F0300358
S214413FF0302B00D010BD211D2046024B9847F9E7D3
S214414000704700BFE57A410090F8313013F0010F58
S21441401010D010B5044623F0010280F8312013F089
S214414020200F04D1E3690BB12046984710BD024BDF
S2144140309847F7E7704700BFB57A410000B1C161C4
S2144140407047000010B50D4B98470D4B1C78E4B2F5
S21441405001221A700B4B984704B110BD002211463D
S21441406009480A4B98470028F7D0044B9847002246
S214414070034B1A70034B9847EFE700BF2189410075
S214414080A420012031894100914041003115410071
S21441409010B50B4B984700220A4B1A700A4B9847AB
S2144140A00A4B1C685CB1606F20B9E4683CB1606F34
S2144140B00028FAD0064B98470023636710BD10BD11
S2144140C021894100A420012031894100702201202C
S2144140D0C147410070B4039C032826D8DFE800F0AE
S2144140E008020406222004E00E2002E0002000E040
S2144140F03620033020F003050D44BDF81060B5426C
S21441410015DC00251D606CB120F00300204458608A
S21441411002205873198159811A730122DA8118468F
S21441412070BC704700205860F2E70020F8E7002096
S214414130F6E779B30B4678B310B400290DDB8CB2A1
S214414140017B426879B103290DD0013989B2012931
S21441415026D8002B18DB012013E04C42A4B242893A
S214414160A242EDD2FEE7D21A00F110018A4215D3DF
S21441417042609BB242891A444281028913440381B8
S21441418000205DF8044B70474189A1420AD3D21AF8
S2144141904260EEE700207047002070470120F0E7BC
S2144141A00120EEE70120ECE72DE9F84300282ED068
S2144141B004460026DFF86880174FDFF8689006E06F
S2144141C02369204698470136F6B22C4605B3C047C8
S2144141D0E589013DADB2E581B847CDB92568637B38
S2144141E013F0020FECD1237B032B06D0013B9BB28D
S2144141F0012B07D92046C847E5E721460C20074B47
S2144142009847E0E721460B20044B9847DBE700261A
S2144142103046BDE8F88300BF31894100853E410004
S21441422021894100F93941002DE9F047032800F280
S2144142309180DFE800F008020406222404E00E2400
S21441424002E0002400E0362417468846032A00F29E
S2144142508380DFE802F0507070020C203F4B984795
S214414260064600283DD00323037300230360031949
S214414270133323F003034360A0F80880033424F08B
S2144142800304C4F5C0644445A8BF444644810123A1
S214414290C381A5B2A8EB0505002D45DD82464FF04A
S2144142A00C082E4F4FF003094046B8470446D8B194
S2144142B080F80C90002343730360CAF80000ABB249
S2144142C00381B3F5C06F28BF4FF4C063438100F14B
S2144142D0100242600122C281ED1A8246002DE3DCC3
S2144142E022E01F4B984723E01D4B984730461D4B15
S2144142F0984726461CE004F1130020F00300CB1C2F
S21441430023F00303184480B2174B9847064678B10A
S2144143100444133424F003044460A0F80880A0F851
S2144143200A800023036003730123F3810023737320
S2144143303046BDE8F0870B20084B984706460028D4
S214414340F6D000234360A0F80880A0F80A800360F6
S2144143500773E9E70026EBE70026E9E71D3E410043
S21441436045404100A9414100253C410002898A421D
S21441437026D938B50446438999421FD90D46891A2C
S214414380EB1A9DB223890B44238124686389AB428F
S214414390F6D3227B4AB99D4207D063681B1BE918B6
S2144143A089B22046074B9847044665812581206897
S2144143B008B1054B98470023236038BD0D46E8E712
S2144143C0704700BFE53A4100A9414100034630B17C
S2144143D000200130C0B21B68002BFAD17047002084
S2144143E07047000048B110B50446044B9847E3892E
S2144143F00133E381024B984710BD70472189410044
S2144144003189410030B1024621B110B403681BB96D
S214414410034609E0FEE7034610890C8920441081D3
S21441442018681A460028F6D11A89088902441A8162
S21441443019605DF8044B704710B50C46024B98471F
S2144144402046024B984710BD05444100E5434100D4
S214414450002854D02DE9F0470D46044619B102898B
S2144144600B899A4200D2FEE74FF0000A5746DFF822
S2144144709090D04618E024680CB1474632E015B912
S2144144800020BDE8F087FEE72B68002B30D0FEE722
S214414490FEE7002CF4D0628923899A42F0D1236842
S2144144A0002BF5D1002DEBD063896A89D81BA2EB8E
S2144144B00A018842A7BF0A4696B2DB1B9EB26068D5
S2144144C06968324651443844C8473744BFB25644B7
S2144144D01FFA86FA6B8953459CBF2D68C24663898D
S2144144E0BB42C8D0002DD4D06A892B899A42CBD002
S2144144F0002CD9D0628923899A42D5D1CFE7FEE7ED
S21441450091D3410060B12DE9F0470F4692460546EA
S21441451039B116462AB30026DFF84C90B04618E06B
S214414520FEE7FEE76C89E41AA4B2544528BF544618
S214414530696822461944B819C8472644B6B2AAEB58
S21441454004041FFA84FA43462D68BAF1000F08D0D6
S2144145503DB1002BE6D06A899A42E3D89B1A9BB2BA
S214414560F2E73046BDE8F08791D3410070476FF0DF
S21441457009007047F0B4134B1B884FF480424FF646
S214414580FF774FF44046104DBB421ABF581C80B2CD
S2144145903046002155F821301C682CB901310429D8
S2144145A0F8D1084B188009E0638B834208D1013A61
S2144145B092B2002AE8D1034B18800020F0BC704725
S2144145C0E468EAE76C0000205C05420070470000A2
S2144145D0F8B5037E03B1FEE704460D46AAB11D4970
S2144145E001F1100751F8043B1B68CBB9B942F9D128
S2144145F015B12B6803B123606283174B1A68E260DA
S2144146001C60164B98470020F8BD154B984702464C
S2144146100028E4D16FF00100F8BDDB68002BE5D03F
S214414620588B9042F9D14BB11E6856B165B1286896
S21441463068B18642F1D16FF00700F8BD6FF0070010
S214414640F8BD6FF00700F8BD6FF00700F8BD6FF0DA
S2144146500700F8BD5C054200802201209D374100DD
S2144146607545410038B5037E03B1FEE70446022096
S214414670244B98470546002841D023690361638B44
S214414680438301230376637E4376237A43F0020312
S2144146900372A37A8372637A437223680360638BDF
S2144146A043B1194B1B689C4212D1DA68164B1A600B
S2144146B00023E36021460120144B9847144B6B615D
S2144146C0144B1A68EA601D60134B9847284638BD5C
S2144146D0124A1360002BEBD0DA68944206D1E268A6
S2144146E0DA60E5E7D3689C4205D01A46002AF9D13C
S2144146F00A4B1A60DCE7094B1A601346EFE70020C5
S21441470038BD00BF1D3E410080220120853E41004C
S2144147106F454100782201209D3741007C220120CF
S21441472070B40246856A848D016B6319581AD38E1C
S21441473040F2B456B34294BFC31A831B002B02DB2C
S214414740D48570BC70476B1A002B03DD0023D385DC
S2144147501846F6E7491BD1850020F2E710B5044616
S214414760838D194489B240F66833994292BF818558
S21441477040F668338385074B984740F2D9239842E1
S21441478000DC10BDA37F43F00203A3772046024B13
S2144147909847F6E721474100916E410050B110B568
S2144147A00446406808B1044B984721460320034B12
S2144147B0984710BD704700BFA9414100853E410062
S2144147C048B138B50346044D1C681846A8472346E9
S2144147D0002CF9D138BD70479D47410038B5054694
S2144147E00320084B9847044650B128686968AA6870
S2144147F0EB6820606160A260E3606068024B9847A6
S214414800204638BD1D3E4100E543410001617047E9
S214414810C0F880107047C1677047C0F88C10704769
S21441482041617047C0F8881080F82020704700002A
S214414830037E012B1AD90A2B18D070B50446806F17
S21441484018B10B4B98470023A367606F094EB047DA
S214414850002565674FF6FF73A386E06EB047206F6D
S214414860B047E5662567A4F86A5070BD704700BF3B
S214414870A9414100C14741002DE9F04F83B0B64AF6
S214414880136801331360B54A137801331370154624
S214414890B34FDFF8FCB2B34B1C68002C00F07F81AD
S2144148A0002603E0E468002C00F079812B7894F828
S2144148B021209A42F6D084F82130227E022A24D042
S2144148C094F846300C2B61D094F89580B8F1000FDF
S2144148D027D094F894300133DBB284F89430A24A5E
S2144148E0424412F8012C9A4273D8002384F894303B
S2144148F0B8F1060F9CBF08F1010884F89580204660
S2144149009A4B98474FF0000842E094F84630062B01
S21441491000F08F800C2BD7D14FF000094FF00108E3
S2144149208EE0B4F934100029A4BF0131A186216F6D
S21441493071B3B4F93400B4F94410884228DB022A32
S2144149400BD0B4F94010B4F9422002EBE102884999
S214414950CB5C02FA03F3A4F844300023A386B4F8F0
S2144149606030B4F84C20934228BF13465B08A4F845
S2144149704E30E28EB3EB420FBCBF5300A4F84E302C
S214414980A4F84C2020467B4B984701E04FF00108A5
S214414990237E062B20D0227A12F0080F4ED0042B0D
S2144149A001D0072B7FD16C4B1A68636AD21AD4F8B0
S2144149B0901001F5242303F6B843ABFB0303B2EB97
S2144149C0531F1ED908F101085FFA88F84FF0010914
S2144149D036E04FF00008DBE7A37F13F0100F09D055
S2144149E05D4B1B68626A9B1A282B03D908F10108A4
S2144149F05FFA88F8606F002800F0F3804FF00009F6
S214414A0020E094F896305C4800FB0313ABFB03139D
S214414A10B2EB531F02D84FF0000911E02046574B26
S214414A20984794F89630013384F896304FF0000951
S214414A3006E04FF000094FF0010801E04FF0000991
S214414A40606F50B1444B1A68636AD21AB4F9443065
S214414A5003EB4303B2EB430F28D2237E032B2AD02A
S214414A60092B33D0B8F1000F3BD1D4F80C80E37F4B
S214414A700133DBB2E37794F820209A4200F28C802F
S214414A800023E3773B70D4F88830002B5BD0214677
S214414A90206998473B78002B7FF4FDAE002852D022
S214414AA026464446FFE64FF00009C9E7344B98478F
S214414AB000236367D1E7284B1B68626A9B1A282B41
S214414AC0D0D908F101085FFA88F8CBE7224B1B687A
S214414AD0626A9B1AF02B84BF08F101085FFA88F8D6
S214414AE0C0E72046274B9847EEB1E368F360B9F13B
S214414AF0000F1CD1D4F88C80D4F810A0D4F80C90B8
S214414B0021460120204B984700233B70B8F1000F07
S214414B101FD06FF009015046C0473B78002B7FF409
S214414B20BAAE4C46BFE6E3680E4A1360DFE7A16AB9
S214414B30206DA38B0193638B0093231D2246DFF8E0
S214414B405480C047D6E72046104B984726464446F1
S214414B50A9E64C46A7E600BF742201201EAD002000
S214414B606C220120702201206C05420091734100A5
S214414B704C05420029724100F8240100157341009A
S214414B80C147410031484100853E4100916E410098
S214414B90D34D6210757141002646444683E6144B58
S214414BA01C680CB30025134EDFF85080124F06E008
S214414BB0E2680F4B1A600DE02546E468A4B1626ACC
S214414BC033689B1AF02BF7D92046C047002DEFD00B
S214414BD0E368EB60D4F80C9021460120B8474C4678
S214414BE0ECE74FF000093DE703B0BDE8F08F00BFAA
S214414BF08422012074220120853E41003148410033
S214414C0010B50C4602688A420BD0184B1A607AB12E
S214414C10D36899421DD0F3B1DA68944204D0134662
S214414C20F9E7D368036003E0104A1360E268DA608C
S214414C300023E36020460E4B9847237E0A2B05D07F
S214414C40012B03D0A37F13F0010F08D10023237655
S214414C5010BD1346EAE70022044B1A60E8E743F02A
S214414C600203A3772046034B9847EFE77C220120B7
S214414C7031484100916E410030B583B0044621B1C0
S214414C80037E042B0BD0072B09D0237E072B00F283
S214414C90AD80DFE803F04E77808B99ABABA2A36F74
S214414CA0E3B1A38B0193638B0093231D2246A16A34
S214414CB0206D504DA84720464F4B98474F4B1A689A
S214414CC0944211D04E4B1A60AAB1D3689C4220D070
S214414CD00BB3DA6894420AD01346F9E7A28D40F640
S214414CE068339A42DDD1D0E7D2681A6003E0444A7D
S214414CF01360E268DA600023E3600122414B1A70D8
S214414D00237E042B0BD0214601203F4B984700239E
S214414D102FE01346EDE70022394B1A60EBE70A23F2
S214414D2023763A4B1A68E2601C60394B9847002359
S214414D301FE0638BC3B1374B1A6894420BD0304B9C
S214414D401A607AB1D3689C4216D0BBB1DA689442F5
S214414D5004D01346F9E7D2681A6003E0284A136084
S214414D60E268DA600023E36021460120264B98473B
S214414D700023184603B030BD1346F1E70022204B0E
S214414D801A60EFE721462448244B984721460220E3
S214414D901D4B9847ECE721461848204B9847012081
S214414DA0184B18702146184B9847E1E720461C4B94
S214414DB0984703460028DCD105232376C4B1204614
S214414DC0184B98470023D4E72046154B984703468F
S214414DD00028CED105232376F0E72046104B98478E
S214414DE003460028C5D109232376E7E70023C0E719
S214414DF00023BEE775714100314841007022012011
S214414E007C2201206C220120853E41008422012023
S214414E109D3741008022012078220120014C41002B
S214414E20C96D4100916E410008B5037E012B03D048
S214414E30837F43F0100383770121014B984708BDD8
S214414E40794C410010B5084642B114461189064BCB
S214414E5098472046054B9847002010BD0BB10020CF
S214414E6010BD034B984710BD5D474100A941410025
S214414E70294E4100F8B50446866F777B0023836749
S214414E80D0F88050E5B1324601460069A84705464C
S214414E90F5B917F0200F20D0A38D40F66832934223
S214414EA01CBF0133A385D4F88060B6B100231A46EF
S214414EB021462069B04710F10A0F08BF05460CE0AD
S214414EC00023324601461846054DA8470546DFE70A
S214414ED015F10A0F1CBFA66700252846F8BD00BF7E
S214414EE0454E41002DE9F843184A137801331370B3
S214414EF0174F1546DFF86480164E3C681CB32B7876
S214414F0094F821209A4200D1FEE784F82130A37F0D
S214414F1013F0010F0DD1D4F80C90A36F3BB10023D1
S214414F20337020460C4B98473378002BE5D14C46DE
S214414F30E4E743F00203A3772046C047A37F23F06C
S214414F400303A377E7E7BDE8F88300BF1EAD002063
S214414F50702201206C220120754E4100916E410065
S214414F6008B5074B9847074A13780133DBB21370ED
S214414F7013F0010F00D108BD034B9847FBE700BF74
S214414F80E54E41001DAD002079484100037E012BCE
S214414F901FD010B5044681B1837F43F01003837759
S214414FA03AB9806F18B10F4B98470023A36700208A
S214414FB010BD01210C4B984710BD6AB1032B0DD390
S214414FC0042B01D9072B09D100212046064B9847CF
S214414FD010BD6FF00C007047002010BD6FF00C0044
S214414FE010BD00BFA9414100794C41002DE9F04375
S214414FF083B00446037E0A2B27D00E46D0F8508055
S214415000D0F82890D0F88C500769014619481A4BB9
S21441501098470122194B1A70206F08B1184B9847D0
S214415020E06E08B1164B9847606F08B1144B98472D
S214415030A6B921460120134B98471DB16FF00901CF
S2144150403846A84703B0BDE8F08301460E480A4BF0
S2144150509847214601200B4B9847F3E7A38B0193D2
S214415060638B0093231D224649464046074EB04770
S214415070DFE700BF70220120014C41006C22012075
S214415080C1474100853E410084220120757141009F
S21441509008B50121014B984708BD00BFED4F4100BF
S2144150A0034B1868034A126810441860704700BFE3
S2144150B06800002074220120F8B505460120434BC4
S2144150C098470446002839D0982200212046404B74
S2144150D09847657640F66833A4F866300025A4F80C
S2144150E06850A385E3856572FF23A3724FF4067368
S2144150F0E3860623A4F84430A4F84050A4F842308E
S2144151004FF6FF73A3860123A4F84C30314B9847E2
S214415110A0652065A064E0652F4B1B6863622F4B3A
S2144151201B7884F82130E5772D4BC4F880302D4B21
S214415130C4F8903084F896502046F8BD2A4B1B6838
S2144151407BB1254A106800215A6A821A8A4224BFD6
S21441515011461C46DB68002BF6D114B12046234B82
S21441516098470120194B9847044630B1204AD2F857
S214415170E830013BC2F8E830A6E71E4B1B68BBB1DE
S214415180154A176800267F2001E0DB6863B15A7E26
S2144151909542FAD38242F8D8596A791AB142F4D381
S2144151A010460E461C46F0E714B120460F4B984772
S2144151B00120064B984704460028BDD00C4AD2F839
S2144151C0E830013BC2F8E830D0E700BF1D3E410061
S2144151D0C5D44100A1504100742201201EAD0020DB
S2144151E0454E410000DD6D00842201209150410072
S2144151F0A82001207022012008B54020014B984785
S21441520008BD00BFB950410010B504460846074BDB
S214415210984738B1008D38B1283880B2A04228BFAF
S214415220204610BD204610BD204610BD252B41000E
S214415230F8B50546224B1C68A089224B9847C0F317
S2144152400F30052800D8F8BD1D4B1B6898891D4BAB
S2144152509847060B053EB600B6B2002EF3D004F1D1
S2144152601402002340F2B35740F2B45403E0013332
S2144152709BB29E42E7D91846D15C0129F7D0002956
S214415280E1D0022906D0104441780029DBD00B44F6
S2144152909BB2EEE7D11849780429D4D1191DB14201
S2144152A0D1DC104490F802E0C17841EA0E21481E54
S2144152B080B2B84288BF2146E98604339BB2D8E71C
S2144152C044AD00204B1641002DE9F047054689467E
S2144152D0C36898892A4B984710F0010F16D1B9F147
S2144152E0000F4AD0D9F80C202B8951685B1A254902
S2144152F009680B44B9F808105B1A002BB8BF4C4636
S21441530029DB1F4FDFF88C801F4E15E048461F4BA8
S214415310984700242EE0D9F800404846B04764B389
S214415320E2682B89174909680B4451685B1A218941
S2144153305B1A002B0FDBA1469089B84710F0010F8E
S214415340E9D0D5F80CA0BAF80C400120C04720435C
S214415350AAF80C00DFE70B4B1968E3685A682B89FB
S2144153600B449B1A002B05DD521A91B229816868BD
S214415370074B98472C60BDE8F0870024FAE700BF4A
S2144153804B16410040AD00209D474100C1474100BA
S2144153906D434100411641002DE9F0470446AA4BB2
S2144153A01B7813F0100F00F06B81B0F86050806DE1
S2144153B0626DA64B1B68D11A002928DB9A421BD086
S2144153C0A34A126890421DD0A14B1A68A36CD11A09
S2144153D0002941DD012903D4216D511A00296EDDD2
S2144153E00023A4F86430E36E002B00F04181984E10
S2144153F0DFF87882974FF8E0954A1268821A002AB9
S214415400DEDA04E0944A1268D289AA42DCD9924A8A
S2144154101268D1898EB2A4F86010D28991B2B4F8DC
S21441542062708F4238BFA4F862206365884B1B6860
S214415430A3654EB994F89530002BC5D184F89430C5
S214415440012384F89530BFE794F89530002BBBD004
S214415450002384F89530B7E70021A4F864107F490B
S214415460098831B92844B4F86010A56D29448842AA
S21441547003D0002384F84730B5E7B4F93410002947
S214415480F7DB9A42F5D194F84720531CDBB29A4297
S21441549038BF84F8473094F84730032B09D9B4F81D
S2144154A04C20E38E13449BB29A429CD2A4F84C30D3
S2144154B099E7032B97D12046694B984793E7A17FFD
S2144154C011F0040F06D021F00401A177B4F84E1074
S2144154D0A4F84C10002084F84600B4F94050B4F8C3
S2144154E0421001EBE501A4F84410D31A9BB2A4F88C
S2144154F06430B4F866100B44A4F8663084F847006C
S214415500A264237E032B0CD9B4F84C20B4F84E3059
S21441551093420ED9E38E13449BB29A4238BFA4F805
S2144155204C30236F002B4BD0DFF84081494E484F1B
S21441553018E0E38E03FB03F393FBF2F313449BB2B1
S2144155409A42EED2A4F84C30EBE76868454B984750
S214415550B4F86830181AA4F868002846424B9847B1
S214415560236F6BB3DB685868C0470546236FB3F8B3
S2144155700890DB689889B04710F0030018BF0120F7
S21441558048443B68ED1A2844002812DC256F2B68F6
S2144155902367B4F86430002BD7D0EB689889B047BE
S2144155A010F0010FD1D0B4F86430013BA4F8643058
S2144155B0CBE7236F23B10023A3860023E37712E7CB
S2144155C04FF6FF73A386F8E7A4F86A302CE06868C4
S2144155D0244B9847B4F86830181AA4F8680028464F
S2144155E0214B9847E36E002B42D03568DB685868FC
S2144155F0C0478246E36EB3F80890DB689889B8479F
S214415600A5EB0A0510F0030018BF012048442D1AE7
S214415610002D2DDB3368226D9B1A002B28DCE56EAE
S2144156202B68E366002BCFD0B4F86430002BCED085
S214415630EB689889B84710F0010FC8D0B4F86430C9
S214415640013BA4F86430C2E724AD002040AD002001
S21441565020AD00204B16410044AD002048AD00204F
S214415660B9724100CD4341009D4741006D1641004E
S214415670A36B2BB1E26B9F490968521A002A23DBC0
S2144156809D4B1B88002B00F05882227E062A00F292
S2144156905482A16A994A12688D1A012D05D4C2F125
S2144156A00100C31A0B44002B2EDD531A002B55DB89
S2144156B0A38DC3F1010313445B1A002B53DD20462F
S2144156C08F4B9847BDE8F087B4F940108D4A126871
S2144156D0D31AA3EBE1039BB218B25A1812B2A4F83C
S2144156E040200028BCBF5B4218B2B4F94230A3EB5D
S2144156F0A30303449BB2A4F8423003EBE203A4F8AD
S21441570044300023A363BBE72B467F4A5068428957
S21441571095421EDD0189491B89B200259B1A0181EC
S2144157204581006842899A42F8DB5B4219B2774B61
S2144157309847A26A7449714803680D892B449B1A9D
S2144157400B81CB6802605A60A16A531A002BAFDA0C
S214415750B5E7694209B26D4B9847EAE7A37F43F044
S2144157600203A377ABE78A4213D02046644B98479F
S214415770666F002E00F02A81F1684A685F4B186810
S214415780824200F02981002700F1FF3E00F1010C22
S21441579045E15D4B1D89DB6898895D4B984710F064
S2144157A0030318BF01232B449BB2534A1380A28D97
S2144157B09A4217D3636F002B00F0EC81524BDB68A3
S2144157C09889534B984710F0010F42D0606F0028DC
S2144157D000F0E0814F4D03686367A847606F00287B
S2144157E0F9D1D7E1484BDB689889494B984710F087
S2144157F0010F1FD1444BA28D1A81DB689889444B17
S214415800984710F0020F03D03F4A1389013B13819A
S2144158103D4D29896868404B98472E89EB689889A1
S2144158203B4B984710F0030018BF01200644324B0B
S2144158301E80BFE7344BDE68B5892846344B98470F
S21441584000F03E00354B984725F47C550543B5811D
S214415850D0E7D4F87490B9F1000F00F09981D9F8E7
S2144158600C20254B1B88254909680B4451685B1A57
S214415870B9F808105B1A002BC0F2BD81244E224FA6
S214415880DFF8988015E0D9F800504846214B9847F4
S214415890002D00F07D81EA68174B1B88174909687F
S2144158A00B4451685B1A29895B1A002BC0F2A4810C
S2144158B0A9469089B04710F0010FE4D0FB6898895B
S2144158C0B04710F0020FDED1D7F80CA0BAF80C5052
S2144158D00120C0472843AAF80C003D89FB689889F7
S2144158E0B04710F0030018BF01200544024B1D804D
S2144158F0C9E700BF20AD002048AD002040AD0020E4
S214415900196E41007422012028AD00203341410028
S2144159104B1641009D4741006D43410041164100F1
S2144159208F4B196000236B60EB689889B04710F085
S214415930010F09D08B4A137843F020031370237E5E
S214415940042B04BF072323762B6863672846864BC0
S2144159509847656F002D2CD0EB685A68A16A8A4239
S21441596027D1C8F80020B5F808909889B04710F0BC
S214415970030018BF01204844A36A1844A062B5F842
S2144159800890EB689889B04710F0030018BF0120D3
S2144159904844A38D181AA0852046B84769680B89E4
S2144159A0002BC1D06E4B18680028B9D06F4B984772
S2144159B0B8E7A37F13F0010F1ABF23F0010343F0AA
S2144159C0020343F00103A377BDE8F0876848694BBB
S2144159D098476067BDE8F08735460026644B1A89CC
S2144159E02B899A424FD96248624B98470346002812
S2144159F049D036B13060294618465F4B9847BDE8D6
S214415A00F0876067F7E7831A002B2FDB3568002D98
S214415A1036D0E9684A6837468242DFD02E46002FA4
S214415A20F1D0FB685B68AEEB0303002BEEDBACEB1F
S214415A300203002BEADC4E484E4B9847044610B30F
S214415A40FB6859684D4B1B683A890A44D21A002AAA
S214415A5005DD5B1A99B239817868494B98473C60B5
S214415A6031462046444B9847BDE8F0874048414B75
S214415A70984740B1606731463F4B9847BDE8F0874D
S214415A80821A002A01DCBDE8F08788893D4B984799
S214415A9010F0010FF7D13648364B98473060002852
S214415AA0F1D0F3685968354B1B6832890A44D21ADB
S214415AB0002A05DD5B1A99B231817068304B9847F0
S214415AC0314B1A882D4B1B681A44A38DA16A0B448F
S214415AD09A42D8D93368DB6898892A4B984710F0A0
S214415AE0010F1BD13268254B1968A38D5B1AA16A39
S214415AF00B441381336819895868214B984733689A
S214415B001C89DB6898891F4B984710F0030018BF23
S214415B10012004441C4B1C80BDE8F0873368DF68D5
S214415B20BD892846174B984700F03E00174B9847CB
S214415B3025F47C550543BD81D4E7104B1B68A26A0A
S214415B40991A002905DB01339B1AA28D9B1A002B5B
S214415B5099DDA37F43F00203A377BDE8F08700BF3A
S214415B6038AD00203CAD00209D4741000544410032
S214415B7028AD0020DD474100C952410040AD00201C
S214415B806D4341004B16410048AD0020411641008F
S214415B90002565672D4B1A882D4B1B681344A3625D
S214415BA0A38D9B1AA38520462A4B98472A4B5B68B0
S214415BB01A8922B1294A13600022274B5A60264B84
S214415BC0DB689889264B984710F0010F04D0254A88
S214415BD0137843F020031370656F002D3FF4E9AE50
S214415BE0EB685A68A16A8A427FF4E3AEDFF86080C8
S214415BF01B4E184FB5E64D46154B1968EB685A686B
S214415C00124B1B880B449B1A002BC2DD124B521AB7
S214415C101A81DB689889124B984710F0020F03D01F
S214415C200D4A1389013B13810B4E318970680E4B27
S214415C3098473789F3689889094B984710F00300CD
S214415C4018BF01200744014B1F80A2E748AD002042
S214415C5040AD00202147410028AD002038AD00204E
S214415C604B1641003CAD00206D4341002DE9F04309
S214415C7083B004460D469E4AD2F894300133C2F8AA
S214415C8094304368197801F00F0103EB8103994A78
S214415C90136089004942984B984710B92389132BC2
S214415CA011D8934AD2F8A4300133C2F8A430904AAE
S214415CB0D2F89C300133C2F89C3020468F4B98472F
S214415CC003B0BDE8F08329468D4B18688D4B984745
S214415CD0A8B98B4B1B6803F0F003E02B0FD0238948
S214415CE000930623864A88492046884DA84768B1CE
S214415CF07F4AD2F8A0300133C2F8A030D7E77C4AB9
S214415D00D2F8B0300133C2F8B030D0E7794B1B68D7
S214415D1098897F4B9847000BC0EB8030810009B2D1
S214415D202046754B984730B1714AD2F8A4300133BA
S214415D30C2F8A430BBE76F4D2F683888744EB04721
S214415D4038802F687888B04778802F687868DFF881
S214415D50FC81C04778606F4B18602F68B868C047B1
S214415D60B8606D4B18602F68F889B047F8812B688A
S214415D709889B0475FFA80FE0EF03F02674B1A7073
S214415D801EF0030318BF012321890B4499B2644BCB
S214415D901980644B1868002860D02F683E885A4B9B
S214415DA0D3F800C0564BD3F800800546002204E0E5
S214415DB0EB682A46002B51D01D46AB8BB342F7D138
S214415DC0B5F81A907B889945F2D16B686345EFD157
S214415DD02B684345ECD122B1EB68D360E860514B68
S214415DE01D60002D3AD0504B00221A60218919813E
S214415DF05C60DF604D4B1A604D4B1A701EF0080F09
S214415E0003D0637B43F001036373AB6F002B00F059
S214415E1030812846474B984710F10A0F08D0AB6FA0
S214415E20002B00F026813E4B1B88002B00F0218181
S214415E302F4AD2F89C300133C2F89C3000233E4AA8
S214415E4013603A4A1360384B586800283FF438AF1D
S214415E502A4B98470022344B5A6031E7374B186833
S214415E60002875D0234B1F683A88274BD3F800800B
S214415E70234BD3F800C011E01EF0010F02D0304B87
S214415E801B68436200292ED0837F43F00203837749
S214415E902C4B984727E0C068002859D0838B934203
S214415EA0F9D1458B7E88AE42F5D146684645F2D15A
S214415EB006686645EFD11EF0040F14D11EF0020F9E
S214415EC0DAD0144A1668826AB21ADBD4878DD21B9E
S214415ED0002AD7DC019300950B4B094A31440E4802
S214415EE00068194DA8472046044B9847E8E600BF8E
S214415EF0A820012044AD002033414100A941410082
S214415F0080E800200D2F410078E80020292A410032
S214415F104B16410040AD002020AD002024AD0020AE
S214415F2048AD00207022012028AD002038AD002069
S214415F303CAD0020754E410088220120842201207C
S214415F4074220120916E4100757141006D16410029
S214415F50894B1F68002F00F08383884B1E6870882A
S214415F60874BD3F800C03D46002205E0EB682A4641
S214415F70002B00F075831D466B8B8342F6D12B6850
S214415F80634502D00DB1002BF0D1002D00F068839F
S214415F9022B1EB68D360EF60774B1D601EF0040FB3
S214415FA057D11EF0100F47D11EF0020F51D0687E18
S214415FB0744B9847064600284FD0714B1B680360C8
S214415FC06B8B4383704B1B6843606C4B1A6813881A
S214415FD08383032303766D4B1B68591C81620163DF
S214415FE0D189A0F86010D289A0F86220A0F84E109E
S214415FF0013B43652B6903616B6943612B7A23F04F
S21441600073030372624B1A68C2601860614B98470B
S2144160100122614B1A703046604B9847311DF08E15
S2144160205F4B9847F086122130465E4B9847D8B969
S21441603030465D4B98470CE0544B186833880193C3
S21441604073880093504B4E4A014458480068584D57
S214416050A8472046574B984732E6574AD2F8A830C9
S2144160600133C2F8A830F4E700213046534B984735
S214416070EFE7534B1D60534B1B7813F0040F36D09C
S2144160802B7E022B21D0414B1B68AA6A9B1A06D451
S214416090AA8D9B1A002BCCBF00230123EBB94A4B98
S2144160A01B7813F0080F00F06E82D5F88C301BB1C8
S2144160B06FF00A012869984729463548434B984767
S2144160C029460120424B9847B8E62B6D374A12685D
S2144160D0934214BF00230123E0E73B4A137843F081
S2144160E008031370AB7F23F00103AB77D7E713F0B8
S2144160F0020F09D02B7E023BDBB2012B04D9AB7FCA
S21441610043F00203AB77CAE7AB7F13F0100F02D11F
S214416110304B1B686B62002385F8963028461F4B30
S21441612098472B7E023B072BB9D8DFE813F00800CF
S214416130AE000C011C0175010C01DA011702214B5E
S2144161401B7803F01203122B48D01E4B1B7813F01A
S214416150100FA4D0094B1B681F4A10880B4A1168C0
S2144161601A8801925B880093074B054A01440F4801
S21441617000680F4CA04792E77822012044AD0020EA
S21441618080E80020B950410078E8002040AD00206A
S214416190702201209D3741006C220120315241007E
S2144161A009524100C16C4100916E410020AD002072
S2144161B075714100A9414100A8200120ED4F4100E1
S2144161C08822012024AD00203CAD0020014C410036
S2144161D0853E41007422012048AD00202B6FDB68CC
S2144161E05868A14B98470130A04B1B689842ACD1E8
S2144161F0B5F866300133A5F866309D4B1B685A1CCE
S214416200AA622A63A8649B4A1268D189A5F86010DD
S214416210D289A5F86220013B6B6504232B76E918E9
S214416220E88E954B9847E88600EB80035B00A5F81F
S2144162304E30B5F84C30012B04BF400080B2A5F873
S2144162404C00B5F86830013BA5F86830286F036804
S2144162502B678A4B98472B6F93B94FF6FF73AB86E4
S214416260D5F884303BB1002229462869984710F179
S2144162700A0F3FF4E3ADAB7F43F00203AB770EE783
S2144162800023AB8685F84630EAE77D4B1B7813F052
S214416290100F49D0754B1868AB6CDB43C34233D4FF
S2144162A02B6DC31A002B2FDC04232B766B6943B16D
S2144162B0002229462869984738B110F10A0F3FF461
S2144162C0BDAD28466F4B9847B8E5B5F84C402846D3
S2144162D06D4B9847B5F8643013B1013BA5F864306F
S2144162E0012CEB8E04BF5B009BB2A5F84C30674B8C
S2144162F01B7813F0200F3FF4D2AEAB7F43F002037E
S214416300AB7707232B76CAE65A4B1B68604A14883C
S214416310574A11681A8801925B8800935D4B5E4A22
S21441632021445E4CA047BAE613F0020F3FF4B7AEE5
S214416330AB6A013B4E4A126893427FF4B0AE2846A0
S214416340574B9847ABE628464F4B98474F4B1B78E1
S21441635013F0200F3FF4A3AEAB7F43F00203AB77BD
S21441636007232B769BE62846474B9847474B1B7897
S21441637013F0200F41D0424B1B7813F0100F35D04D
S2144163802A6D3A4B1B689A4230D1AB7F43F00203E9
S214416390AB772846434B9847434B1B689D420ED1EB
S2144163A0EA68414B1A600122404B1A700A232B7649
S2144163B03F4B1A68EA601D603E4B98476FE63E4A7F
S2144163C01360002201202BB9002AECD000223A4B60
S2144163D01A60E8E7D9688D4205D10AB1364A13609A
S2144163E0EA68DA60DFE702460B46ECE7AB7F43F04C
S2144163F00203AB7708232B7651E6214B1B7813F02B
S214416400100F3FF44CAE2A6D184B1B689A427FF42E
S21441641046AE06232B7642E628461B4B98471B4B37
S2144164201B7813F0200F3FF43AAEAB7F43F00203E4
S214416430AB7728461B4B98471B4B1B689D420ED19A
S214416440EA68194B1A600122184B1A700A232B76F8
S214416450174B1A68EA601D60164B98471FE6164AA6
S2144164601360002201202EE06D16410020AD002071
S21441647040AD002044AD0020095241009D474100F7
S21441648024AD002091504100995341003CAD00207D
S21441649048AD002078E8002080E800207571410072
S2144164A05D72410031484100702201206C2201207A
S2144164B0842201209D3741007C220120D9688D42EB
S2144164C009D002460B46002BF8D1002ABBD0002249
S2144164D0784B1A60B7E70AB1764A1360EA68DA6021
S2144164E0B1E72846744B9847744B1B7813F0100F4E
S2144164F03FF4D5AD2A6D724B1B689A427FF4CFADFF
S2144165002846704B9847704B1B689D420ED1EA68EF
S2144165106D4B1A6001226D4B1A700A232B766C4B19
S2144165201A68EA601D606B4B9847B8E5614A13608C
S2144165300022012004E0D9688D4209D002460B466C
S214416540002BF8D1002AE5D000225A4B1A60E1E729
S2144165500AB1584A1360EA68DA60DBE72846564BC8
S2144165609847564B1B7813F0100F3FF498AD2A6DA1
S214416570534B1B689A427FF492AD574A137843F0C7
S214416580100313708BE513F0100F13D0AB7F13F08D
S214416590100F06D1D5F88C301BB16FF00B0128696E
S2144165A09847294648484D4B9847294601204C4B29
S2144165B0984743E4B5F8642042B1EB6F33B12946BE
S2144165C02869984710F10A0F3FF438AC454B1A68D2
S2144165D0CAB1AB7F13F0100F06D01046424B984716
S2144165E02846424B984729E4D5F88040ECB1002331
S2144165F029462869A04710F10A0F3FF41FAC10B195
S214416600384B1B68AB67344B1B7813F0200F05D013
S214416610AB6F83B15A7B42F020025A730022344B4F
S2144166201A602846334B984708E400232946184603
S214416630314CA047DFE7AB8D40F6683293421CBF32
S2144166400133AB85D5F88040002CE7D000231A46AD
S21441665029462869A04710F10A0FDFD1FFF7EEBBA4
S214416660264B1B689889264B984710F0040F1BD180
S214416670244BD3F8B0200132C3F8B020D3F89C2085
S2144166800132C3F89C201D4B1B681F4A10881F4AC5
S21441669011681A8801925B8800931D4B1D4A01447C
S2144166A0074800681C4DA84720460F4B9847FFF700
S2144166B007BB00BF7C2201209953410024AD002036
S2144166C020AD002031484100702201206C2201207B
S2144166D0842201209D3741003CAD0020014C410001
S2144166E0853E410038AD0020A9414100915041000E
S2144166F088220120916E4100454E410044AD002064
S2144167004B164100A820012048AD002040AD002096
S21441671078E8002080E800207571410038B50C46C5
S2144167201D469DF81830914215D29DF8141011F06F
S214416730020F08D10499897F11F0400F1DD113B182
S214416740049BDB6E9BB104F2B75323F003018A42EC
S214416750A8BF0A4691B20022094B9847034620B18A
S2144167604289121B2A8004814481184638BD049B05
S2144167701B6F002BE7D12146EDE72146EBE700BF33
S214416780294241002DE9F0478146884616469A46F9
S2144167909DF8207007F0010307F00202002A14BF9B
S2144167A00C25002505EB83050320264B9847044618
S2144167B0002838D0877200230360C0F80480B8F8F8
S2144167C008305B1B0381142140461F4B984770BB22
S2144167D06368D3F80480C4F80C80B9F81A001B4FDC
S2144167E0B847A8F80000D4F80C80B9F81C00B847A0
S2144167F0A8F80200D4F80C805046154B9847C8F8C4
S2144168000400D4F80C80C5F38705053546EA0535FE
S214416810A8B2B847A8F80C00E36800229A74DA7464
S2144168202046BDE8F08740460A4B9847F8E70A4AB3
S214416830D2F8B8300133C2F8B8302046074B9847F3
S2144168400024EDE71D3E4100334141004116410021
S21441685055164100A9414100A82001209D4741000D
S2144168602DE9F84306460C46994614321144002257
S21441687089B20120144B9847804610B34568708B07
S214416880124FB8472880B08BB8476880C5F8049047
S214416890B06A0F4B9847A860A0080530000300F483
S2144168A0704040F01000B847A881F08DB847E881A5
S2144168B000232B746B74AB74EB74F28DB36A134480
S2144168C033634046BDE8F883294241004116410002
S2144168D0551641002DE9F04F8FB00024ADF83640F3
S2144168E051B10C46017E072907D00239C9B20229A7
S2144168F003D96FF00C0034E1FEE705940693914608
S2144169000446002A00F05C81B0F86630934216D304
S214416910B0F86830072B19D8B0F862305B08C28EE1
S214416920934228BF13460793B0F868B0D0F86C80FE
S214416930B8F1000F18D100252F46AA468FE0837F75
S21441694063F07F0383774FF0FF300AE1B14AD2F814
S214416950A8300133C2F8A830837F63F07F03837782
S2144169604FF0FF30FDE09846D8F80030002BFAD1C2
S214416970049398F80A3003F0010003F00203002B59
S21441698014BF0C230023B8F80810079A521AA2EB3A
S2144169908002D21A92B2B4F86A30ADF83630002B83
S2144169A000F04C814F46994528BF1F46DB1BADF88A
S2144169B03630D21B92B2B94500F2448145464FF07B
S2144169C0000A37B16E68002E40F0D9802B891F44EB
S2144169D02F81BDF83630A4F86A30BAF1000F08D0DE
S2144169E0514668688C4B98472B89BAF8082013445F
S2144169F02B81002D40F0D880049BE366E36D4B4429
S214416A00E365B4F86630A3EB0909A4F86690A4F8E8
S214416A1068B0B8F1000F00F0CA80D8F80C40002CDE
S214416A2000F0C780069B13F0020F40F0C480A58992
S214416A3008207A4B98472843A081002091E0012204
S214416A4029460320764B98478246002800F0D4809A
S214416A50059B3B4443601AE13D464FF0000A002344
S214416A6004930893069B03F001030A930B973BE0BC
S214416A703D464FF0000AF2E74D464F464FF0000ABA
S214416A80EDE701220020664B98470990002850D038
S214416A90059B2B444360002211461046604B9847A5
S214416AA00646002842D009995B4B984730465D4BD5
S214416AB0984783441FFA8BFBBBF1080F54D8E36D0C
S214416AC0002200922B4431462046574EB04703469B
S214416AD000282ED0049A002A4AD0089A10603D44D5
S214416AE0ADB20893A94545D9A9EB05039BB2079AD0
S214416AF011469A4228BF19460F460A9B002BC0D022
S214416B00049BB3FA83F35B090293069B01930094BB
S214416B100DF136030020454EB047064648B13A4689
S214416B20059B59194068424B9847BFE70998414B26
S214416B309847A37F63F07F03A377364AD2F8A830FD
S214416B400133C2F8A830BAF1000F02D05046394B93
S214416B509847049B002B30D01846374B98474FF048
S214416B60FF300FB0BDE8F08F3046324B9847E0E734
S214416B700490B4E70B9F4546984622E71E46338964
S214416B803B4433813368002BF8D1738970683A46A9
S214416B9005991844264B984773893B44738133685B
S214416BA0002B3FF413AFE9E7049B2B6026E7002058
S214416BB0D7E70020D5E70020D3E74FF0FF30D0E7F6
S214416BC0B0F862305B08C28E934228BF13460793E3
S214416BD0B0F868B0D0F86C80B8F1000F7FF4C4AE5E
S214416BE0B9F1000F7FF448AFBDF83630A0F86A30EF
S214416BF0CDF810804546FCE6A37F63F07F03A3777C
S214416C00044AD2F8A8300133C2F8A8304FF0FF301A
S214416C10A7E700BFA82001200544410041164100D6
S214416C2029424100CD434100856741001D6741002F
S214416C3091D34100A9414100C14741001F46B9F1E6
S214416C40000F31D0002A3FF407AF00293FF410AFC0
S214416C50A9EB07069642A8BF1646B5B2069911F0AB
S214416C60010F3FF4ECAE01230293019100940DF124
S214416C70360329460320DFF844A0D0478246002841
S214416C80BAD02A46059BD91940680A4B98473D44D5
S214416C90ADB25046084B984783441FFA8BFBA94533
S214416CA03FF6DDAE45468CE64546DDF810804FF0B2
S214416CB0000A8EE691D34100CD4341001D67410055
S214416CC0B0F86830072B21D8F0B583B001F0020345
S214416CD0C1F34006002B14BF04270027B0F86630E6
S214416CE00BB30D460446002239461046324B9847B0
S214416CF0014608B30096E36D2A4620462F4EB0471C
S214416D00014630B3E26E92BBE06634E02C4AD2F8DC
S214416D10A8300133C2F8A830837F63F07F038377BE
S214416D204FF0FF307047264AD2F8A8300133C2F8F8
S214416D30A8304FF0FF303CE0A37F63F07F03A3779A
S214416D401F4AD2F8A8300133C2F8A8304FF0FF30BE
S214416D502FE0A37F63F07F03A377194AD2F8A830C8
S214416D600133C2F8A8304FF0FF3022E01A461368CC
S214416D70002BFBD111600023A4F86A3015F0030FF5
S214416D8007D0E36D0133E365B4F86630013BA4F800
S214416D90663015F0010F03D0A37F43F02003A3779D
S214416DA04868084B9847B4F868301844A4F8680017
S214416DB0002003B0F0BD00BF294241008567410075
S214416DC0A8200120CD43410070B50546C46E0CB9DC
S214416DD00AE01C462368002BFBD1E36898890B4BDD
S214416DE0984710F0070F04D001212846084B9847D2
S214416DF070BDE668B4890120064B98472043B081B0
S214416E00AB7F43F02003AB77002070BD4B164100AB
S214416E10C16C4100411641002DE9F04182B0044663
S214416E20006D164B98470346002211462046144DE6
S214416E30A84700B305464768A37F23F00303A3771B
S214416E40261D03890093062332462146DFF83C80FF
S214416E50C0473882A37A06220192627A009232466D
S214416E6021462846074CA0472846074B984700200E
S214416E7002B0BDE8F0816FF00100F9E75516410018
S214416E8061684100C12E4100A9414100292A4100C3
S214416E90A44B1B68834200F06B812DE9F04F85B00F
S214416EA00546B0F86020B0F84C309A4228BF1A46E2
S214416EB09246C46E837F13F0020F14D07CB1E36810
S214416EC05868994B98472389AA6C9B1A184482455F
S214416ED005D3D5F87080B8F1000F0FD115E02846DC
S214416EE0924B984741E1D0F87080B8F1000F05D138
S214416EF05CB90023A5F86A3032E19846D8F80030EC
S214416F00002BFAD1002C00F02781874EDFF840B2E3
S214416F10A9E0B5F866203AB1B5F86820072A03D843
S214416F2013F0A00F00F018812368EB662B7E022B2E
S214416F300CD0D4F80C90B9F80C701020D8473843D0
S214416F40A9F80C00AB7F23F00303AB77E768A86A88
S214416F50774B9847B860E768E88DD847F881EA8D5F
S214416F60AB6A13442B63A37A13F0010F40F09B8066
S214416F70B5F93430B3F1FF3F04BF0023AB860DB102
S214416F802B6833B9281D6B4B9847002834D043688B
S214416F902B60AB6B002B00F092806268E36851680F
S214416FA05B1A9BB25189C91A518161680A89D31A01
S214416FB00B816368E2685A60E36800221A745A7467
S214416FC0E76860682A1D03890093062303922946D1
S214416FD0DFF88091C8473882574AD2F8903001335B
S214416FE0C2F89030AB7A6068062201926A7A0092C3
S214416FF0039A2946514FB847E3685868B047074651
S214417000B4F80890E36898894D4B984710F0030010
S21441701018BF0120484407442B6DDB1B002BB8BF2B
S2144170202F652789E3689889454B984710F00300F8
S21441703018BF0120F84270D0002323602B6F002B2D
S21441704045D0E3685868B0470746D8F80C305868CA
S214417050B047381A00283DDBC8F80040A046EC6E21
S214417060002C3FF446AFE3685868B047AB6CC01A93
S2144170702389184482456FD32B6F002B3FF454AFBE
S214417080AB7F13F0440F7FF44FAFEA6E002A3FF414
S21441709040AF116800297FF447AF1189EA8E9142CB
S2144170A0BFF442AF35E7E768291D40F2B450254B9F
S2144170B0984740F001701E4B9847786158E7224B3D
S2144170C01B68AB63E3685868B047E86365E72C67BD
S2144170D0A046C4E705F170092B6FC3B122464C4662
S2144170E09146DB685868B0470746D9F80C3058686F
S2144170F0B047381A002807DA24682368002BF0D1F5
S2144171004B46A1461C4602E04B46A1461C46D9F8D2
S21441711000302360C9F80040A1E720460B4B984752
S2144171209DE700BF882201206D164100196E41007F
S21441713055164100252B4100A8200120C12E4100B3
S2144171404B16410009524100742201209D474100DF
S21441715041164100292A4100EB6E002B3FF4C9AE8F
S214417160AB7F03F07F03AB77002005B0BDE8F08F1F
S214417170002070472DE9F04F83B081468A469346FA
S2144171809846002214210120204B9847002839D0E8
S21441719005464468BDF830001D4EB0472080BDF816
S2144171A03400B047608048461A4FB8476060504642
S2144171B0B847A06045F21400B047A08100260B23D3
S2144171C0A3736823E37326746674A674E6742B89E6
S2144171D0009306234246594628460F4FB847208219
S2144171E00E4AD2F890300133C2F89030062301930C
S2144171F00096FF23424659462846094CA047284652
S214417200084B984703B0BDE8F08F00BF29424100C4
S2144172104116410055164100292A4100A820012067
S214417220C12E4100A9414100026F0AB108B501E0F3
S21441723070471A461368002BFBD1C36E1360036F69
S214417240C3660022026790F84630013380F8463024
S2144172508263014B984708BD916E41002DE9F0418C
S214417260076F17B380463B68036700F16C05C36E32
S21441727073B1104EDB685868B0470446FB685868DF
S214417280B047201A002803DA2D682B68002BF1D16D
S2144172902B683B602F603B684BB198F84630013312
S2144172A088F846300023C8F83830BDE8F081A8F8A1
S2144172B06A30F2E76D164100036F1BB1837F13F00E
S2144172C0040F00D0704710B50446114B9847B4F8E8
S2144172D04C30B4F86020934287BF5208A4F84E2041
S2144172E05B08A4F84E30E38EB4F84E20B2EB430F61
S2144172F0BCBF5A00A4F84E2003EB4303B4F84E201B
S2144173001344A4F84C30A37F43F00403A37710BD85
S2144173105D7241002DE9F04182B00446006D0138AE
S214417320154B98470346002211462046134DA84761
S214417330F0B105464768261D038900930623324669
S2144173402146DFF84880C04738820D4AD2F890304F
S2144173500133C2F89030A37A0622019200220092AD
S214417360324621462846074CA0472846064B9847B2
S21441737002B0BDE8F08100BF55164100616841008A
S214417380A8200120C12E4100A9414100292A4100DF
S2144173902DE9F04182B0056FFDB10446EB6898894E
S2144173A02A4B984710F0010F01D02B89CBB1EB68DF
S2144173B05B68012200212046254EB047064600283C
S2144173C040D07768686803892A899B1A9BB2012254
S2144173D007F114011F4DA84716E0C56E002D31D0A8
S2144173E0DBE7EB685B68002211462046184DA8474C
S2144173F0064638B37768B7F90C5025F47C5511200A
S214417400154B98472843B881251D33890093062399
S2144174102A4621463046DFF85080C04738820F4A18
S214417420D2F890300133C2F89030A37A0622019206
S214417430002200922A4621463046094CA047304653
S214417440084B984702B0BDE8F08100BF4B1641009B
S214417450616841000545410041164100A8200120D0
S214417460C12E4100A9414100292A41007047000030
S2144174702DE9F04F85B0044689464768397801F0D2
S2144174800F0103898A1CB3EB820F04DB8900494252
S2144174906A4B984728B12046694B984705B0BDE8E6
S2144174A0F08FD4F804A04946664B1868664B984757
S2144174B08046BAF80000654EB0470546BAF8020065
S2144174C0B047442814D0624BD3F800E0BEF1000F19
S2144174D010D05C4BD3F800C05E4BD3F800B0734677
S2144174E000263246039721464446F0468E4697E0AC
S2144174F0432D09D0D9F80420524B1B689A4253D0E9
S21441750020464F4B9847C9E7D9F82430002BF1D095
S2144175105B68002BEED013F1040F21D05A68FAB104
S2144175204C4909688A42E5D11AE0197C01F0040108
S214417530002908BF1E466BE013F1040F03D05968BB
S21441754009B1594567D1039F7146C646A0460C46C8
S2144175502AB1D968D160C3F80CE03D4A136023B123
S2144175601E4604E0039FA0467446002EC2D0BAF8D9
S21441757006304BB1238900931123324A35492046C0
S214417580DFF8D890C84788B96FF0070120462B4BE3
S214417590984778B9B6B1B76987B1F06900952D4B70
S2144175A022463146B84779E70026E0E72046244B95
S2144175B0984773E72046224B98476FE72046204B73
S2144175C098476BE7B8F1000F11D11E4B1B6803F0CB
S2144175D0F003E02B0BD0397801F00F01023189001E
S2144175E02046164B9847032120461B4B984720467A
S2144175F0134B984752E719688C4507D033B129B1E8
S2144176008CEA0107D9F808100F4204D1002E8CD01D
S214417610998AA94290D0D9681A460029A2D00B4629
S214417620598A8142F7D1002CE5D1002BEED019685A
S2144176300029EBD06145EED1E8E700BF3341410078
S214417640A941410080E800200D2F41004B16410022
S2144176508C22012078E8002091294100292A410006
S214417660F0B5344B1B68CBB10026012702E03E46FD
S214417670DB68A3B19842FAD05C8A9442F8D1002BD9
S2144176804AD01C68002C4AD000294BD00D68002DEA
S2144176904BD0AC42ECD16FF00700F0BD002659B19B
S2144176A00B68036052B14282002E41D1214B1A68C9
S2144176B0C26018600020F0BD0023F2E71E4B198817
S2144176C01C4B1C684FF480454FF6FF774FF4404EF5
S2144176D0B9421ABF013189B271468CB1638A8B4275
S2144176E005D02346DB6873B15A8A8A42FAD1013DF6
S2144176F0ADB2002DECD1104B19806FF00700F0BDF4
S2144177000D4B198001E00C4B19800B4B1A88002A4F
S214417710C9D16FF00700F0BD6FF00700F0BD6FF004
S2144177200700F0BD6FF00700F0BD6FF00700F0BD39
S2144177300020F0BD8C2201206E0000202DE9F04F84
S21441774085B004460F4692469B46DDF83890438AFC
S21441775033B900220146354B9847054600283FD1AC
S21441776008213846324B984768B10022082101204B
S214417770304B98470646002852D03B8923B13946BC
S2144177802D4B984700E03E467568608ADFF8AC802E
S214417790C04728805846C04768800023AB71EB71CC
S2144177A0A0460CB12368FBB909F104083089234B84
S2144177B09847A880237C13F0010F21D0A37ACDF8F7
S2144177C0089011220192627A009252464146304612
S2144177D01B4CA0470546BE4202D03046194B98473F
S2144177E0284605B0BDE8F08FD9F804209342DDD095
S2144177F0BE4218D03046134B98476FF00505EFE769
S214417800338900931123524641463046DFF838B05B
S214417810D8474FF6FF73002808BF1846E880CDE7E3
S2144178204FF0FF35DCE76FF00505D9E7617641009B
S214417830334141002942410039444100411641004B
S214417840AD2D4100A9414100292A410070B50446A9
S2144178500D461646438A9BB1D5B12B686360A68216
S214417860237C43F0040323740E4B1A6892B194426E
S21441787016D01346DB686BB19C42FBD100230DE06A
S21441788000220146084B984703460028E4D005E00D
S2144178900023E3E7E260034B1C600023184670BDFB
S2144178A00023FBE78C220120617641008161C261A1
S2144178B07047000008B501460B4B1A68824201D05A
S2144178C042B902E0D268084B1A600020074B98473D
S2144178D008BD1A46D368002BF7D09942F9D1CB6838
S2144178E0D360002BF5D1F0E78C220120853E410084
S2144178F010B50020054B9847044628B120220021A8
S214417900034B9847FF23A372204610BD1D3E4100FE
S214417910C5D4410010B5044600EB8002094B53F82C
S214417920220038B1084B984704EB84039B000021A2
S214417930044AD15004EB8404024B03EB8404002335
S214417940A37410BD4CAD0020A94141002DE9F04F74
S21441795083B03C4A002399464FF00A0E9C46754632
S214417960F046F246019305E057B95DB20133143251
S2144179700A2B29D01446977C0A2DF5D0002FF5D036
S21441798020B10668B3466668B3450AD0012F0AD0CF
S214417990012FEBD9E47C644524BF4FFA83F8A44613
S2144179A0E4E758B229E0276837B1E47C4C45DDD39B
S2144179B04FFA83FEA146D9E7E47C019EB442D5D373
S2144179C04FFA83FA0194D1E711F0020F30D1044601
S2144179D00A2D15D0092D16DCEDB234B1216805EB20
S2144179E08503184A02EB8303596005EB8502154B64
S2144179F003EB82030022DA7468B203B0BDE8F08F6D
S214417A0011F0010F17D0B8F1090F05DC5FFA88F5C0
S214417A1028460D4B9847E0E7BAF1090F02DC5FFABA
S214417A208AF5F5E7BEF1090F08DC5FFA8EF5EFE758
S214417A304FF0FF30E1E74FF0FF30DEE74FF0FF3029
S214417A40DBE700BF4CAD00201579410038B54C68E6
S214417A501D6825609B88A3801368C4F80630938808
S214417A60638108232373002363738369984738BD72
S214417A70F8B50E4C00250E4E022706E0032A08BF35
S214417A80A774013514340A2D0FD02846A27C002A4B
S214417A90F7D0E37C0133DBB2E374EF2B03D8012A42
S214417AA0ECD1012BEDD9B047EBE7F8BD4CAD00204A
S214417AB015794100F8B50646084D0024084F03E005
S214417AC0013414350A2C08D02046AB7C002BF7D065
S214417AD0AB68B342F4D1B847F2E7F8BD4CAD0020ED
S214417AE0157941002DE9F0410546884600F12B06FF
S214417AF000222A210320244B984700283CD00746E1
S214417B0044680120214B9847A0823368C4F8163058
S214417B10B38863831E4B186820629B88A3841D4BE1
S214417B20186820609B88A3803368C4F80630B38801
S214417B3063816B68E361D8F80030C4F826300022D0
S214417B40A2730123E3730823237462740622A2748A
S214417B500422E274237306236373AB6939462846CD
S214417B60984704460C4A136B0133136338460B4B54
S214417B7098472046BDE8F081074A936C01339364E9
S214417B804FF0FF34F5E700BF29424100411641005E
S214417B907C05420074054200A8200120A94141000D
S214417BA070B505460E46144602EB8202154B03EBB2
S214417BB082039B7C022B0CD004EB8404114B03EB19
S214417BC084030C3305F12B02314628460E4CA04760
S214417BD070BD13460B4A02EB8303DB7CE32BEBD9E8
S214417BE004EB840102EB81010431084B98470028DD
S214417BF0E2D104EB8403034A02EB830303229A7423
S214417C00DAE700BF4CAD00204D7A4100E57A4100ED
S214417C102DE9F04106460D461746014628684F4B6A
S214417C20984700286CD12B6803F0F002E02A6AD00E
S214417C30002D6BD0002B6CD001212846484B98472D
S214417C40041E36DBA04604EB8403464A02EB83035C
S214417C509B7C002B33D104EB840302EB830301228C
S214417C609A7429463046404B9847002F54D008EB2B
S214417C7088033C4A02EB83039B7C012B24D8012BCF
S214417C804CD13B7B012B54D13B461B68002B52D039
S214417C901A7B012AF9D0002219890320334B9847D1
S214417CA0044630B339462046314B9847F0B927460B
S214417CB044E0C7B12F4A936C0133936413E0012B20
S214417CC0CFD06FB3012B31D92B4B1C7004EB8404FE
S214417CD0244B03EB84030C3306F12B023946304622
S214417CE0264CA04704462046BDE8F0812046244B5A
S214417CF09847204A936C013393644FF0FF34F2E780
S214417D006FF00D04EFE76FF00D04ECE76FF00D0434
S214417D10E9E76FF00D04E6E70446E4E70446E2E7E8
S214417D2029463046104B98470446DCE74FF0FF346F
S214417D30D9E73B46AFE73846124B984708EB8803EE
S214417D40084A52F8230008B10D4B984708EB8808BB
S214417D50044B43F828700024C5E700BF0D2F4100AF
S214417D604D7941004CAD0020E57A41002942410061
S214417D7051444100A820012014AE00204D7A410014
S214417D80A9414100E543410070B582B005460E4623
S214417D9014460E213046414B984700282FD129469C
S214417DA020683F4B9847002868D1236803F0F002CB
S214417DB0E02A2BD06A685A40A9680A420AD09BB288
S214417DC04FF6A962934205D015F10C045FD0EB68DB
S214417DD0002B5FD0334B1A7802EB8201324B03EB18
S214417DE081039B7C012B07D90B462F4901EB83036B
S214417DF021685B6899421FD02B4B002229E02B4A11
S214417E005369013353616FF001003EE001238DF861
S214417E10003000238DF801305E238DF80230637800
S214417E2003F07F038DF80330A3788DF80430E378B0
S214417E308DF805306B4622E01C49CB6D0133CB658E
S214417E40314628461A4B98471FE0013214330A2A16
S214417E500ED0997C0129F8D9206859688842F4D116
S214417E60D2B2104B1A7031462846114B98470CE057
S214417E703246214628460F4B984706E00E4B05F101
S214417E802B02314628460D4CA04702B070BD6FF01C
S214417E900300FAE76FF00300F7E700BF3341410004
S214417EA00D2F410014AE00204CAD0020A82001202B
S214417EB0A17B4100117C4100740542004D7A41008E
S214417EC02DE9F04F83B0044646890E2E0DD88B4BD4
S214417ED01A6D01321A65DA6B0132DA632046884B35
S214417EE09847002003B0BDE8F08F0F464568B5F8C7
S214417EF00C802B7813F0010F0BD0012B17D00622E4
S214417F0080492846804B984718B9637B43F008035D
S214417F106373B8F1080F15D0B8F5C16F23D0774B0E
S214417F201A6D01321A65DA6B0132DA63D6E76B787D
S214417F30002BEED1AB785E2BEBD1437B43F01003A5
S214417F404373E6E797F8313013F0200FC6D06FF051
S214417F500D0120466D4B98470028BFD13946204633
S214417F606B4B9847BDE797F8313013F0200FB5D0EB
S214417F70B7B1292E15D9EB89B3F5807F05D1AB7CF6
S214417F80062B02D1EB7C042B16D05C4B1A6D0132CA
S214417F901A65DA6B0132DA632046594B9847A0E7F7
S214417FA0FEE7564B5A6C01325A64DA6B0132DA6399
S214417FB02046534B984794E72B8A082BE5D14F4AE6
S214417FC0536B01335363E8690190D5F8262017F1C6
S214417FD0040F00F08B807B68002B00F087809A426C
S214417FE00CBF4FF001094FF0000905F1160612BF0C
S214417FF04FF0020A4FF00109CA4607F12B08002844
S2144180003AD03946434B9847B0BB019B03F0F00347
S214418010E02B31D0514601A83F4B9847031E2BDB3E
S214418020DFF800E19A00D11889000EEB010C02201E
S2144180308CF81200CCF808700A460C320EEB020A95
S21441804030684EF80200B288AAF8042000228CF864
S21441805013205EF801A0BAF1000F0DD00B46114671
S2144180604EF803103346424651463846DFF8B8B01C
S214418070D8475046224B9847AB8AB3F5807F07D006
S214418080B3F5007F2DD01D4A936D0133936524E0EF
S214418090B9F1000F21D00220204B9847A882EB6906
S2144180A0C5F826307B68EB6133682B62B388AB84B6
S2144180B033682B60B388AB80D8F800303360B8F8AB
S2144180C00430B380D8F80030C5F80630B8F804302C
S2144180D06B81BB692146384698472046084B9847EE
S2144180E0FFE601A938460E4B9847F6E705F1160616
S2144180F04FF000094FF0020A7FE700BFA820012099
S214418100A94141007405420031D341003341410049
S214418110752B41000D2F41004D794100411641001C
S214418120F52241004CAD00204D7A41002DE9F84F33
S214418130074600F13004064600254FF0030B4FF486
S214418140C06ADFF83C90A046236833B10135043459
S2144181500836032DF7D1BDE8F88F5A4651465846A2
S214418160C8470028F7D0022D426806BF42F00202F7
S2144181703A6147F8352000227260C8F80000E5E70A
S2144181802942410010B50446002341F2082283509B
S21441819003630360436043638360C36083634361F7
S2144181A002230361034B984724F00304024B9C616E
S2144181B010BD00BF2D814100004003402DE9F04134
S2144181C08846076A394B5B6913F4A87F40D141F270
S2144181D00C23FB58033357F83350B8F1000F0AD03D
S2144181E04446334E628961682846B04763891D44D8
S2144181F02468002CF6D141F20C217A58D31C07EBA7
S214418200C3039888B8F8084064F30D009880D8797D
S2144182106FF3C710D8710132264BA3FB02035B08EC
S21441822003EB4303D31A7B50BFF34F8F1F4A1368A8
S21441823043F400731360204AB8F8083011680B44C1
S21441824013601E4A1368013313600020BDE8F081B5
S214418250164B1A6822F008021A60184A916A0131D0
S2144182609162D1680131D160002141F20C22B950AE
S21441827007F13C02BA614FF08022FA6107F22A61A7
S21441828039627A6207F61841B96242F08042FA6270
S21441829007F1180222F00302DA614FF4A8725A611C
S2144182A01A6842F008021A6091E700BF0040034096
S2144182B091D34100ABAAAAAA38C00020A820012029
S2144182C010B582B0002300930C4B5B6A0193019A70
S2144182D040F6D2431A4201D102B010BD00236A468D
S2144182E0194641F21420064C2058064CA047009BE4
S2144182F0002BF1D0044B9847EEE700BF0040034007
S21441830018AE0020F5F8400061F340002DE9F04733
S2144183100746046A41F2082354F80390404B1B6A0F
S21441832013F00C0F28D03E4A136823F00403136061
S2144183303C4B9A6A01329A62DA680132DA6004F199
S214418340300504F13C06DFF8F4A04FF0000802E0E7
S2144183500435B54206D028680028F9D0D047C5F87C
S2144183600080F5E72046304B98472D4B0C221A6289
S2144183701A6842F004021A6004EBC90254F8393014
S21441838013F0010F3ED05668C6F30B0641F208289B
S21441839054F808300C3354F82350B2B26A8154F87A
S2144183A008300C33002144F823102A811D4A5368B3
S2144183B00133536020461D4B984754F8393023F01B
S2144183C0010344F8393054F808200132184BA3FB16
S2144183D002135B0803EB4303D31A44F80830154AEB
S2144183E013681E4416606DB16B689889124B9847A6
S2144183F0B0F5006F08D040F60603984204D02846F0
S2144184000E4B9847BDE8F0873B6939462846984762
S2144184100028F7D02846094B9847BDE8F08700BFAB
S21441842000400340A8200120858141002D81410064
S214418430ABAAAAAA30C0002041164100A94141007A
S21441844070B500F590551435054E00F5905410342E
S21441845000212846B0472068024B9847F8E700BFFE
S214418460118741000D834100F0B585B00546624B4A
S21441847041F2102298500362652380F832306E2311
S21441848080F833305D4B43615D4B8361062380F852
S2144184902A30002380F82B30042380F82C30252303
S2144184A080F82D301C2380F82E30A02380F82F3002
S2144184B0022380F8303040F2DC53038590F83130A7
S2144184C043F02A0380F831304E4B0393039B5A1EE8
S2144184D00392002BFAD12C204B4B98474B4C00274C
S2144184E027604FF0FF33E362236843F020032360A5
S2144184F00F23236240F27F136361636A636823F04C
S21441850010036360636823F020036360236923F4E8
S2144185107F0343F4C0132361374E30463C4B9847A4
S21441852041F20C23F75006F13C03B3614FF0802330
S214418530F36106F22A623262736206F61843B36248
S214418540344BF362183626F00306E661236843F09F
S21441855008032360236843F004032360236843F041
S2144185608003236040F6D243A36295F82E2095F807
S2144185702D301B0443EA026395F82B20134395F8EC
S2144185802C2043EA0223C4F8883095F8302095F829
S2144185902F3043EA0223C4F88C301F4BC02283F8A5
S2144185A02C234FF480525A601C4A394620461C4BB5
S2144185B09847A8B100211B481B4B9847B0F1FF3F95
S2144185C00CD0042300934FF480730B4A1749184884
S2144185D0184CA047B0FA80F04009404205B0F0BDC3
S2144185E039462046144B98470028E3D101223946A4
S2144185F02046124B9847DDE718AE0020897D4100A2
S214418600BD814100002D310161EA40000040034038
S21441861085814100008000C000E100E0000E270790
S21441862019E540002CC000204586410041844100A8
S21441863084054200ED8841001DE3400029E24000E8
S2144186407047000070B5002832D004460D461A4BDC
S2144186509847032200210120184B9847206008B311
S21441866000231A461946164EB0472368EBB1154A01
S214418670D2F8A0310133C2F8A031D2F8A4219342F6
S21441868084BF104AC2F8A43125B100240E4B984746
S214418690204670BD00230122194620680B4CA04796
S2144186A00024F3E74FF0FF34F0E74FF0FF34EDE7F7
S2144186B04FF0FF34ECE700BF81F340009DF74000E8
S2144186C0EDF74000A8200120A1F340006DF94000DD
S2144186D060B108B5026842B10549D1F8A021013A16
S2144186E0C1F8A0210068034B984708BD704700BFFA
S2144186F0A8200120B9FA400038B110B500231A4627
S21441870019460068014CA04710BD7047EDF7400080
S2144187102DE9F0410446B9B9134B984780460027E6
S21441872042F21076114D3B46324639462068A847FC
S2144187300028F8D00C4B9847804588BF00F1FF30A1
S214418740A0EB0800BDE8F0810D46074B98478046F0
S21441875000232A4619462068044CA0470028E9D140
S2144187604FF0FF30BDE8F08151FE40006DF940000A
S214418770006870470023036070470000B8B110B529
S21441878004460846002204210C4B9847206088B1D5
S2144187900B4AD2F8B8310133C2F8B831D2F8BC210D
S2144187A0934209D9064AC2F8BC31002010BD4FF0A9
S2144187B0FF307047002010BD002010BD9DF74000DF
S2144187C0A820012060B108B5026842B10549D1F838
S2144187D0B821013AC1F8B8210068034B984708BD53
S2144187E0704700BFA8200120B9FA400070B582B09A
S2144187F0019150B104460026054D334642F21072AF
S21441880001A92068A8470128F7D102B070BD00BF72
S214418810EDF7400010B582B0019158B100231A46D9
S21441882001A90068054CA047B0FA80F040094042D3
S21441883002B010BD4FF0FF30FAE700BFEDF7400041
S2144188402DE9F04383B0054616460C46D1B1DEB954
S214418850154B984781464FF0000842F21077134E69
S21441886043463A4621462868B0470028F8D00E4B82
S2144188709847814588BF00F1FF30A0EB090003B05F
S214418880BDE8F08301ACE2E7074B984781460023F9
S214418890324621462868054DA8470028E7D10023DF
S2144188A023604FF0FF30EAE751FE40006DF940008B
S2144188B080B110B582B0044651B100231A462068F3
S2144188C0064CA047B0FA80F04009404202B010BDC5
S2144188D001A9F2E74FF0FF30704700BF6DF9400045
S2144188E000687047002303607047000010B586B0EB
S2144188F00C4699B200230393029305AB0193089B60
S214418900009313460A4601462046044CA0470128D8
S2144189101CBF00230593059806B010BD51FB4000CF
S21441892008B5024B9847012008BD00BF81F34000BF
S21441893008B5014B984708BDA1F34000F0B58E46F7
S214418940C1B1054647184FF6FF7108264AF20104A1
S21441895001E0BD4210D015F8013B5940334611F0B5
S214418960010F14BF84EA51014908013B13F0FF038C
S214418970F5D1EEE74FF6FF71012A0BD082B910F818
S2144189800E207044407842EA00228A4214BF0020FA
S2144189900120F0BD034B1970090A59701046F0BD0D
S2144189A00120F0BDB8C5002008B50C2804D0092820
S2144189B000F0C08000BF08BDB1F5000F4AD00BD90A
S2144189C0B1F1007F7ED0B1F1806F00F09780B1F1B8
S2144189D0807F5BD000BF08BDB1F5001F1ED0B1F54A
S2144189E0800FF7D14FF480024FF020517148724BFF
S2144189F0984748B1714B5A7842F001025A701A783A
S214418A006FF300021A7008BD6C4B5A786FF3000280
S214418A105A701A7842F001021A7008BD4FF40012DB
S214418A204FF020516348644B984748B1634B5A789E
S214418A3042F002025A701A786FF341021A7008BD6A
S214418A405E4B5A786FF341025A701A7842F002022E
S214418A501A7008BD4FF400024FF020515548564B4E
S214418A60984748B1554B5A7842F004025A701A78E2
S214418A706FF382021A7008BD504B5A786FF3820228
S214418A805A701A7842F004021A7008BD4FF080728C
S214418A904FF020514748484B984748B1474B5A7882
S214418AA042F010025A701A786FF304121A7008BD19
S214418AB0424B5A786FF304125A701A7842F01002F9
S214418AC01A7008BD4FF000724FF0205139483A4BAA
S214418AD0984748B1394B5A7842F040025A701A7852
S214418AE06FF386121A7008BD344B5A786FF38612AC
S214418AF05A701A7842F040021A7008BD4FF08062F0
S214418B004FF020512B482C4B984748B12B4B5A7865
S214418B1042F080025A701A786FF3C7121A7008BD75
S214418B20264B5A786FF3C7125A701A7842F0800271
S214418B301A7008BDB1F1807F1ED0B1F1007F37D1E8
S214418B404FF000724FF020511D481B4B984748B1DB
S214418B501A4B5A7842F008025A701A786FF3C302D9
S214418B601A7008BD154B5A786FF3C3025A701A78BB
S214418B7042F008021A7008BD4FF080724FF0205143
S214418B800F480D4B984748B10C4B5A7842F020029B
S214418B905A701A786FF345121A7008BD074B5A7807
S214418BA06FF345125A701A7842F020021A7008BDC7
S214418BB000BF08BD00140E40FFE640009022012091
S214418BC0000E0E402DE9F04F83B00C20DFF8E8B0E0
S214418BD0D847354C00224FF0FC612046DFF8DCA038
S214418BE0D047324E009640234FF480020C21204657
S214418BF02F4DA847009640234FF400120C212046E3
S214418C00A847009640234FF400020C212046A8476F
S214418C10009640234FF080720C212046A8470096CC
S214418C2040234FF000720C212046A847009640236F
S214418C304FF080620C212046A8474FF0FC61204649
S214418C40DFF87C90C8470A224FF0FC612046DFF8E7
S214418C507480C047174F4FF480533B600920D84774
S214418C60A4F5C06400224FF040712046D0470096DC
S214418C7040234FF0007209212046A8470096402322
S214418C804FF0807209212046A8474FF04071204698
S214418C90C8470A224FF040712046C0474FF4007340
S214418CA03B6003B0BDE8F08F00140E40A989410037
S214418CB0A5E8400000E100E061EA4000A9E7400085
S214418CC031E84000DDE6400008B54FF480024FF041
S214418CD020516F486F4B9847002800F088806E4BB4
S214418CE05A7842F001025A701A786FF300021A70ED
S214418CF04FF400124FF020516548664B98470028C4
S214418D007FD0654B5A7842F002025A701A786FF358
S214418D1041021A704FF400024FF020515C485D4BFF
S214418D209847002877D05C4B5A7842F004025A7034
S214418D301A786FF382021A704FF080724FF020510A
S214418D405348544B984700286FD0534B5A7842F0BB
S214418D5010025A701A786FF304121A704FF00072AC
S214418D604FF020514A484B4B9847002867D04A4B12
S214418D705A7842F040025A701A786FF386121A7087
S214418D804FF080624FF020514148424B98470028AF
S214418D905FD0414B5A7842F080025A701A786FF38E
S214418DA0C7121A704FF000724FF020513B48394BB2
S214418DB09847002857D0384B5A7842F008025A70E4
S214418DC01A786FF3C3021A704FF080724FF0205139
S214418DD03248304B984700284FD12F4B5A786FF383
S214418DE045125A701A7842F020021A7008BD2A4B72
S214418DF05A786FF300025A701A7842F001021A70DC
S214418E0076E7254B5A786FF341025A701A7842F04A
S214418E1002021A707EE7204B5A786FF382025A702C
S214418E201A7842F004021A7086E71B4B5A786FF3A1
S214418E3004125A701A7842F010021A708EE7164BD6
S214418E405A786FF386125A701A7842F040021A70B6
S214418E5096E7114B5A786FF3C7125A701A7842F058
S214418E6080021A709EE70C4B5A786FF3C3025A7011
S214418E701A7842F008021A70A6E7074B5A7842F071
S214418E8020025A701A786FF345121A7008BD00BF57
S214418E9000140E40FFE6400090220120000E0E40D6
S214418EA010B582B00123009300231A4620210248C0
S214418EB0024CA04702B010BD000E0E40DBE740005A
S214418EC000B585B0084B0193084B029300238DF8FB
S214418ED00D301120064B984701A90648064B984786
S214418EE005B05DF804FB00BF000E2707A086010011
S214418EF061EA400000800A4019EC4000002A3CD05C
S214418F002DE9F04F87B08346894615460026DFF89F
S214418F107C802027DFF878A02C46202D28BF2024EF
S214418F200023019305934FEA1B238DF804308DF8F7
S214418F3005B00223029309EB0603039304945023DE
S214418F408DF8143039464046D04701A90B480C4BA2
S214418F509847394640460B4B98472D1BADB22644A1
S214418F60B6B25C441FFA84FB44F2F720064B98479E
S214418F70002DD1D107B0BDE8F08F704700800A4080
S214418F803DED4000F7E6400001000020000E0E4097
S214418F90FBE6400000B587B0002301930593030A22
S214418FA08DF804308DF80500022302930391049254
S214418FB050238DF8143001A90248034B984707B057
S214418FC05DF804FB00800A407DEC400070B582B03D
S214418FD009200A4EB047012400940023224608493E
S214418FE00848094DA8470C20B04700940023224664
S214418FF04FF080410548A84702B070BD61EA400085
S21441900080014000000E0E40DBE7400000140E4099
S21441901038B501380E2842D8DFE800F008111A2387
S214419020414141414141414141412C0001294FF4D7
S214419030800124480CBF244B244B984738BD012956
S2144190404FF480711F480CBF1F4B204B984738BDCB
S21441905001294FF080011B480CBF1B4B1B4B984707
S21441906038BD01294FF0804119480CBF164B174BAC
S214419070984738BD0129134D4FF4800128460CBF4F
S214419080114C124CA0474FF480712846A0478021CE
S2144190902846A0474FF080410D48A04738BD094DAE
S2144190A04FF480012846094CA0474FF4807128466A
S2144190B0A04780212846A0474FF080410448A0475A
S2144190C038BD00BF000E0E40FBE64000F7E640000C
S2144190D000140E4010B582B00920064B9847012374
S2144190E0009300231A464FF480110348034CA047CF
S2144190F002B010BD61EA4000000E0E40DBE74000C2
S21441910038B504460D464FF480110F480F4B98472B
S2144191104FF400610E480F4B984742F27C100E4BBD
S2144191209847294620460D4B98470D4A1378002B01
S214419130FCD04FF400610648044B98474FF4801129
S2144191400148044B984738BD000E0E40F7E64000F4
S21441915000100E40FBE64000010000202192410035
S214419160700000201422014B1A70704740C0002046
S214419170054B1B783BB1013BDBB2034A137013B975
S2144191800122024B1A70704740C0002041C00020A7
S21441919010B586B003224FF0C0511748174B984779
S2144191A00E20174B984700230393049305934FF4DF
S2144191B016530093C02301934FF400630293114A60
S2144191C069461148114B984700B1FEE700BF0E4C67
S2144191D020460F4B984720460E4B98470121204684
S2144191E00D4B98470D4B4FF480421A60202283F86E
S2144191F00E2306B010BD00BF00100E4017E740001A
S21441920061EA4000000E270700000A40C1EE400018
S21441921015EF40001BEF400021EF400000E100E069
S21441922070B559B14B1EDBB20133C5180346084E23
S2144192301A1A13F8014BB454AB42F9D1054B1970C5
S21441924002210548054B98470022054B1A7070BD10
S21441925048C0002045C0002000000A4021EF4000E1
S2144192607000002010B582B0002301932348244BA0
S214419270984710F0020F14D0224B1B780BB900BF51
S21441928010E0214C2378214AD15C1C48204B98475A
S2144192901C4A1378013BDBB21370237801332370E9
S2144192A000E000BF1548164B984710F4007F09D1DF
S2144192B000BF1248124B984710F0010F0DD100BF66
S2144192C002B010BD0022104B1A700122114B1A70C9
S2144192D002210A48104B9847EBE701A907480F4B74
S2144192E0984701220E4B1A709DF804000D4B1870DA
S2144192F00D4B98470D4B9847E2E700BF00000A40E8
S21441930029EF400045C0002044C0002048C000204E
S2144193102DEF40007000002025EF400041EF400057
S21441932042C0002043C0002085A341006591410012
S21441933070B584B006461520174B9847174C0094D5
S21441934002AB03AA21463046154DA847154D029A51
S21441935042F4804200212846134B9847039AB4FBB7
S214419360F2F2B2FBF6F200212846104B9847102243
S214419370002128460E4B9847002128460D4B98471A
S2144193800D4B4FF40012C3F88021102183F81513BA
S2144193901A6004B070BD00BF61EA4000000E2707A6
S2144193A0EFEA400000000940B5EA4000D7EA400035
S2144193B0DFEA4000CFEA400000E100E008B51022B5
S2144193C000210448044B98474FF47A70034B984762
S2144193D008BD00BF00000940DFEA4000319341006C
S2144193E010B54FF400410F480F4B98474FF6FF73A7
S2144193F0984200D1FEE782B213464FF4E0410B4853
S2144194000B4CA0470B4B1022C3F88020BFF34F8F65
S214419410BFF36F8FC3F88021002183F804131A60CD
S21441942010BD00BFC0C62D0059EF400050180E4079
S21441943085EF400000E100E008B50248024B98473E
S21441944008BD00BF50180E40BDEF4000044B1B88BE
S2144194509BB223B1024A1388013B9BB213807047EB
S214419460ACC00020084A138801339BB2138013888E
S2144194709BB2B3F57A7F05D30022034B1A800122B3
S214419480024B1A70704700BFB2C00020AEC0002029
S21441949000B583B000216048604B98470190019B1E
S2144194A013F0100F02D103B05DF804FB5C4B9847F4
S2144194B05C4B98475C4B98475C4B98475C4B98474E
S2144194C05C4B98475C4B98475C4B1B78A3B15C4A16
S2144194D0138801339BB2138013889BB241F28732C3
S2144194E0934209D90023564A1380544A1370554A69
S2144194F013700122544B1A70544B1B7813F0010F12
S21441950004D0534A138801339BB213804F4B1B78C8
S21441951013F0020F04D04E4A538801339BB2538056
S2144195204A4B1B7813F0040F04D0494A9388013301
S2144195309BB29380454B1B7813F0080F04D0444AE6
S214419540D38801339BB2D380424B1B78C3B1424B85
S2144195501B786BB1414B1B78DBB2012B08D0404ADC
S2144195601368013313603F4A138801339BB213805B
S2144195703D4B1B7823B13D4B1B78DBB2022B27D0EA
S2144195803B4B1B7803F00503052B26D0384B1A7846
S21441959012F0080F87D037490B8801339BB20B80F6
S2144195A0B3F5967F02D312F0200F2BD1632B7FF6B3
S2144195B07AAF12F0100F3FF476AF00222D4B1A808F
S2144195C02B4A137803F0EF0343F0200313706AE746
S2144195D0294A136801331360D2E7254B5B88013370
S2144195E09BB244F61F62934202D8214A5380CDE78C
S2144195F01F4A00235380137803F0FB0343F02803EC
S2144196001370C3E700220A80194A137803F0DF0378
S21441961043F01003137046E700000940E7EA4000B4
S2144196207191410035A44100659441004D9441003B
S214419630694440008D44400081994000080B002059
S214419640060B0020150B0020160B0020790B00207E
S21441965050CD00206A0B0020740B0020760B0020B2
S214419660700B0020680B00206B0B0020660B00205F
S21441967098CD0020B0C000206C0B002030B585B0DE
S2144196804FF4C0624FF000611548164B98470720CB
S214419690154B9847154B01934FF4E13302934FF422
S2144196A00063039301A91248124B984700B1FEE7A5
S2144196B000BF0F4C2046104B9847022120460F4DC5
S2144196C0A84720460E4B984701212046A8470D4BF8
S2144196D080221A60102283F8072305B030BD00BFF0
S2144196E0000E0E4017E7400061EA4000000E2707D3
S2144196F000060E40C5ED4000FDED400009EE40007D
S21441970003EE400000E100E008B50146044A536913
S21441971013F0020FFBD00248024B984708BD00BF2A
S21441972000060E4015EE400070B50546007850B173
S214419730054C064E636913F0020FFBD0B04715F88F
S214419740010F0028F6D170BD00060E400997410072
S2144197502DE9F8430546092834DD03460022224810
S214419760D4B280FB0361DB17C3EBA1030132092BA3
S214419770F6DC023414F0FF0422D01C4F4FF00008F0
S214419780DFF878901A4E013CE4B22046B8470246CC
S2144197900B4640464946B047164B984795FBF0F076
S2144197A0114A82FB0032C317C3EBA20303EB8303C8
S2144197B0A0EB43003030C0B20F4B9847002CE2D1AB
S2144197C0BDE8F88300BF084A82FB0032C317C3EBEB
S2144197D0A20303EB8300A5EB40003030C0B2064B3A
S2144197E09847BDE8F88300BF6766666611CC4100BE
S2144197F041B841005DD24100099741000000244034
S21441980008B50A280FD00B2811D00C2813D00D28E4
S21441981015D00E2817D00F2819D0092888BF002048
S2144198200D4B984708BD0D480D4B984708BD0D4850
S2144198300B4B984708BD0C48094B984708BD0B4849
S214419840074B984708BD0A48054B984708BD094845
S214419850034B984708BD00BF519741008C05420015
S2144198602997410090054200940542009805420020
S2144198709C054200A005420038B5434200F00F0463
S21441988003F00F0358BF5C420F2805DC0020084D4B
S214419890A847E0B2A84738BD03460028B8BF00F144
S2144198A00F03C3F30710024DA847E0B2A84738BDDF
S2144198B00198410010B582B000238DF80730224848
S2144198C0224B984710F0020F14D0214B1B780BB94E
S2144198D000BF10E01F4C23781F4AD15C1A481F4B2B
S2144198E098471B4A1378013BDBB213702378013348
S2144198F0237000E000BF1448144B984710F4007FD3
S21441990009D100BF1048114B984710F0010F0DD1F7
S21441991000BF02B010BD00220E4B1A700122104B40
S2144199201A70022108480F4B9847EBE70DF10701E3
S21441993005480D4B984701220C4B1A709DF807209D
S2144199400B4B1A70E5E700BF00060E4011EE4000D3
S214419950B7C00020B6C00020B8C0002015EE4000B9
S214419960710000200DEE400025EE4000B4C00020FE
S214419970B5C0002008B50A4B98470A4AD36823F475
S214419980E0631B041B0C43F0BF6343F40033D36016
S214419990054B9847054B9847054B9847FEE700BF50
S2144199A01DDB400000ED00E00DDC4000650140009D
S2144199B0ED0140001E4AB2F876111E4B080A187097
S2144199C05970B2F87811080A9870D970D17899719F
S2144199D05378012B0DD0164B1B79164AD371062BA3
S2144199E00ED0102B15D0124B5A79124B1A720920F1
S2144199F07047137963F07F030E4AD371082070478E
S214419A000D4BB3F87C210B4B110A19725A720A207E
S214419A107047094AB2F87C11064B080A1872597207
S214419A20B2F87E21110A9972DA720C20704700BF93
S214419A309425012024C200201424012008B5044B9B
S214419A409847044B9A78044B1A540130C0B208BD6B
S214419A50B59941009425012024C2002038B5094B10
S214419A6098470446084B1B79102B09D006494D7977
S214419A702A46063105482044054B98472C44E4B213
S214419A80204638BDB59941009425012024C20020C6
S214419A9091D34100034B821F111219715A71024B27
S214419AA01870704724C2002022C1002010B57E4B9A
S214419AB000225A707D4AB2F87611A3F87611B2F8B0
S214419AC07811A3F87811D178D97011791971B2F853
S214419AD07E014200D2B25A714B1E0F2B00F2D38048
S214419AE0DFE813F09500D10010003B00D1007A006A
S214419AF0D100D100D100D100D100D100D100D10098
S214419B00D100A10018B3694BB3F87C31A3F6B83144
S214419B1089B20F2915D8A3F6B8335B00DBB2C3F17F
S214419B202001C9B28A4205D95F4B01225A700322ED
S214419B309A70ADE05E48034403F1FF015D4B9847E0
S214419B4069E0594B01225A7002229A70A0E0564BA6
S214419B5001225A7003229A709AE0002836D0534B5D
S214419B60B3F87C310F2B0CD85B00DBB2C3F120017C
S214419B70C9B28A4223D94C4B01225A7003229A70A9
S214419B8086E0A3F57A7189B2072909D8A3F57A73D5
S214419B905B00DBB2C3F11001C9B22033DBB2E8E7A8
S214419BA0A3F5FA6189B20F2977D8A3F5FA635B006A
S214419BB0DBB2C3F12001C9B23033DBB2D9E73C484E
S214419BC0034403F21F113B4B984724E0364B0122D6
S214419BD05A7003229A705BE0344BB3F87C31A3F69B
S214419BE0B83292B20F2A05D92F4B01225A7002225F
S214419BF09A704DE02C4A022151712C49C988A3F62E
S214419C00B8335B0052FA83F3A3F80511D180264B93
S214419C105B78012B3CD0284B9847284B984701222C
S214419C20274B1A7010BD40B3204BB3F87C31A3F6D6
S214419C30B83189B20F291AD8A3F6B8335B00DBB224
S214419C40C3F12001C9B28A4205D9174B01225A7085
S214419C5003229A701CE003F20513134C1949E018CD
S214419C60144B9847237843F001032370CFE70E4BFC
S214419C7001225A7002229A700AE00B4B01225A7056
S214419C8003229A7004E0084B01225A7005229A700A
S214419C900D4B9847094B9847C1E7034B01225A7031
S214419CA002229A70F4E700BF942501201424012073
S214419CB09A25012091D341005D9A4100959A410031
S214419CC021C100201A2401203D9A410008B5264BA7
S214419CD01B78012B00D008BD0022234B1A70234A63
S214419CE0234B1878597841EA0021A2F876119878E2
S214419CF0D97841EA0021A2F878111879597941EAD0
S214419D000021A2F87A119979D170D9791171187A0E
S214419D105B7A43EA0023A2F87C3106290CD010294D
S214419D2011D0134A917AD37A43EA01230F4AA2F813
S214419D307E31104B9847CEE713460D4A917A99717A
S214419D40D27ADA71F5E70A498B7ACA7A42EA03226D
S214419D500648A0F87E210B7B437152000D31063038
S214419D60054B9847E5E700BF20C100201424012099
S214419D7024C10020AD9A410091D3410008B590F826
S214419D80313013F0010F00D108BD0430044B984721
S214419D9001460448044B98470322044B1A60F3E7F4
S214419DA0093041004C27012061D541005027012050
S214419DB02DE9F04188B04D4B1B68022B00F089809D
S214419DC0DFF85C810A2204A94046494CA047054673
S214419DD00A2204A908F10400A04706460A2204A95B
S214419DE008F10800A04707460A2204A908F10C001A
S214419DF0A047EDB245EA00653F0407F47F000543FE
S214419E003602B6B235430795DFF818810A2204A90F
S214419E104046A04705460A2204A908F10400A04787
S214419E2006460A2204A908F10800A04707460A2266
S214419E3004A908F10C00A047EDB245EA00653F04CD
S214419E4007F47F0005433602B6B235430695DFF880
S214419E50D8800A2204A94046A04705460A2204A9FA
S214419E6008F10400A04706460A2204A908F10800A2
S214419E70A04707460A2204A908F10C00A047EDB204
S214419E8045EA00653F0407F47F0005433602B6B253
S214419E9035430595174B0293174B019300230093C7
S214419EA005AB06AA07A91548154CA047A8B1134CFF
S214419EB02046144B984714492046144B98470B4B61
S214419EC01B68022B0DD00D48114B984708B0BDE8D2
S214419ED0F081002307930693DCE70E480E4B984724
S214419EE0E5E720460D4B9847F0E700BF5027012095
S214419EF08DD94100D11441006984410014270120C5
S214419F00593F4100C13F41007D9D41003D404100D8
S214419F10CD3F4100A405420029974100A5264100B6
S214419F20C0C90020D0C90020E8C9002008B50021DA
S214419F300846024B9847024B984708BDED1541002D
S214419F40B19D41002DE9F04186B005462B4EDFF824
S214419F50FC8001240BE000234FF0FF3219462848CD
S214419F600068284FB84798B92046274B984705A917
S214419F702846B0470028EED010F10C0FF4D188F8EF
S214419F8000402846214B98470020214B9847EBE755
S214419F900DF10E0204A905981E4B9847BDF80E70A8
S214419FA03A4604991C481D4B98471D4B1F801D4B34
S214419FB01C701D4B1B78ABB11C4B98471C49B1F824
S214419FC0B42100230093234628461A4FB8470598E4
S214419FD0194B984700231A46194609480068174FF7
S214419FE0B847C1E7164B9847164B1A78002300939B
S214419FF02346154928460F4FB847E8E7650741000D
S21441A0006C2801206DF94000890041002D06410071
S21441A01035FD4000E513410024C1002091D34100A5
S21441A0201EC1002020C100206A0B0020155F4000A1
S21441A0304CC6002005084100BD134100EDF7400025
S21441A040CD9C410022C1002024C200201CC100201A
S21441A0502DE9F04184B01820344B9847344D4CF2EA
S21441A060040200212846334B98474FF40042002112
S21441A0702846314B9847314B002483F818434FF01C
S21441A08080721A601022214628462D4B9847214659
S21441A09028462C4B98472246214610202A4B984763
S21441A0A0044670B14FF4FB7200212046274B984777
S21441A0B0FF212046264B9847264EDFF8C080264F84
S21441A0C013E02648264B98470020264B9847E9E759
S21441A0D0002300934FF48073039A41463846224D3D
S21441A0E0A847D8B10120214B984703A92046B0473D
S21441A0F005460028ECD001201C4B984729461C48B1
S21441A100174B984720461B4B984720461A4B984773
S21441A1100020144B984704B0BDE8F0810398154BD6
S21441A12098470398144B9847DCE700BF61EA400024
S21441A13000400940B5EA4000D7EA400000E100E0AF
S21441A140DFEA4000CFEA4000D10541005D0641000C
S21441A150A5064100E9064100F0054200D40542004B
S21441A16009D3410035FD4000ED884100890041009A
S21441A170FC054200A10841002D064100459F4100D3
S21441A18008B500210848094B984710F0100F0AD02F
S21441A19007490A68074B1A60074B1868074A106058
S21441A1A000220A601A6008BD00400940E7EA400004
S21441A1B038C000203CC0002030C0002034C0002001
S21441A1C030B585B00024039402940194009423464C
S21441A1D04FF4807208490948094DA84703940294F0
S21441A1E001940123009323464FF400720549064823
S21441A1F0A84705B030BD00BFB805420051A0410098
S21441A20051FB4000C8054200AD6D400030B4441CCF
S21441A210074BFF221A54821C53251D55C41C9954C2
S21441A220011D00221A555A54053030BC704700BFF4
S21441A23064270120174B93F8A520032A21D81649F5
S21441A2400B7823F0030313430B70124B1B7813F068
S21441A250010F11490A7814BF42F0040222F00402A9
S21441A2600A7013F0020F0C4A137814BF43F0080328
S21441A27023F008031370084B1A78084B1A54013020
S21441A2807047054A137823F0030343F00103137024
S21441A290DBE700BF9400002023C300206427012091
S21441A2A030B484B004AC04E90F0022490B68581C52
S21441A2B09DF80040204AD4549C1C9DF801501554EA
S21441A2C0D81C9DF8025015551C1D9DF80350155479
S21441A2D0581D9DF8045015559C1D9DF80550155464
S21441A2E0D81D9DF80650155503F108049DF80750F2
S21441A2F0155403F109009DF80850155503F10A0459
S21441A3009DF80950155403F10B009DF80A50155558
S21441A31003F10C049DF80B50155403F10D009DF804
S21441A3200C5015550E330B609DF80D30135404B088
S21441A33030BC704730C500206427012030B482B05D
S21441A34002AB03E903000D490B685C1C9DF8000055
S21441A3500B4AD054981C9DF801501555DC1C9DF8AD
S21441A36002501554181D9DF80350155505330B60C2
S21441A3709DF80430135402B030BC704730C50020FD
S21441A3806427012000B583B08DF807009DF807309B
S21441A390DBB2532B07D01F4B1B78DBB2012B14D0FB
S21441A3A003B05DF804FB1B4B1B78002BF3D1002256
S21441A3B0194B1A700123174A1370184A13704FF439
S21441A3C000211748174B9847E5E7134A1378DBB245
S21441A3D09DF80710C9B21448C15413780133DBB253
S21441A3E013701378DBB2022BDAD983781278DBB29A
S21441A3F09342D5D80022074B1A700C490B7843F08C
S21441A40020030B70054B1A704FF400210448084B8B
S21441A4109847C5E74EC500204FC500204BC50020D4
S21441A420000E0E40FBE64000E82701209400002085
S21441A430F7E64000074B1B78012B01D000BF704761
S21441A4400023044A1370044A1370044A1370044AE2
S21441A4501370704741C000204FC500204EC50020F4
S21441A4604BC5002070B40E4691B1034645180021F5
S21441A47013F8014B2144AB42FAD14942012A09D093
S21441A480805DC9B2884214BF0020012070BC70476D
S21441A4900021F2E7C8B2F9E7F8B5C31C841D0022D3
S21441A4A013F8011F002918BF0122A342F8D1012A3F
S21441A4B02DD0C379082B53D8DFE803F005090D11D9
S21441A4C0151921251D000122264B1A70F8BD0122BF
S21441A4D0254B1A70F8BD0122244B1A70F8BD012293
S21441A4E0234B1A70F8BD0122224B1A70F8BD012287
S21441A4F0214B1A70F8BD0122204B1A70F8BD01227B
S21441A5001F4B1A70F8BD01221E4B1A70F8BD00226F
S21441A5101D4B1A708378072B0ED913461B4C1A49CC
S21441A520C2181279E2540A7801320A700133DBB25A
S21441A5308278B3EBD20FF3D30122154B1A7015482C
S21441A540154B9847104B1B7853B100240F4F134EB1
S21441A5500D4D385DB0470134E4B22B78A342F8D8AC
S21441A560F8BD00BF3AC5002039C5002037C50020D8
S21441A57038C5002036C500203BC500203DC500201B
S21441A5804AC500203CC5002047C5002040C50020E4
S21441A59048C5002038064200299741007998410075
S21441A5A0F0B58646254B1B7803B300293DD075464A
S21441A5B00EEB010741F60F50214E15F8014B84EA88
S21441A5C0102436F8143083EA002398B2AF42F4D10F
S21441A5D0012A2DD00EEB01035A781EF8013043EACA
S21441A5E00223834214BF00200120F0BD1448861E7A
S21441A5F000F5FF70002541F2210706E026F8023FEC
S21441A60005F58075ADB286420BD02B46082413F46F
S21441A610004F14BF87EA43035B009BB2013CF6D16F
S21441A620ECE70120054B1870BFE741F60F50CFE726
S21441A630044B1870020A5A70F0BD00BF2CC50020AA
S21441A6402CC3002034C5002070B584B004468578FC
S21441A650D64B1B7813F0010F0DD1691E0022C9B2EB
S21441A660D34B984701280DD0D04A537843F0100376
S21441A670537004B070BDA91E002289B2CD4B9847D5
S21441A680C0B2EFE7C94B5A7842F008025A70627876
S21441A69002F07F0283F8A6201B7813F0080600F02C
S21441A6A09A80092D00F28E80607913F0010F14BF55
S21441A6B0083D073DEAB20621002300930193029329
S21441A6C00393A0F13C033C2BD3D801A050F823F0D0
S21441A6D0E5AA410073A6410073A6410073A6410056
S21441A6E039A941004DA9410073A6410073A6410016
S21441A6F073A6410015A9410007A9410073A6410070
S21441A70073A6410017AA41002DAA410073A6410035
S21441A71073A6410073A6410073A6410073A641008B
S21441A7203FAA410073A6410073A6410073A64100AB
S21441A73073A6410073A6410073A6410073A641006B
S21441A74073A6410073A6410073A6410073A641005B
S21441A75073A6410073A6410073A6410073A641004B
S21441A76073A6410073A6410073A6410073A641003B
S21441A77073A6410073A6410073A6410073A641002B
S21441A78073A6410073A6410073A6410073A641001B
S21441A79073A6410073A6410073A6410073A641000B
S21441A7A073A6410073A6410073A6410073A64100FB
S21441A7B073A6410073A6410063AA410073A64100F7
S21441A7C0B9AA4100E07913F0010F14BF0E3D0D3DCB
S21441A7D0EAB2082170E713F0020F00F08B80207A6E
S21441A7E00022092100230093019302930393A0F1D1
S21441A7F03C033C2B3FF63DAF01A050F823F000BF91
S21441A800E5AA410073A6410073A6410073A6410024
S21441A81041A941004DA9410073A6410073A64100DC
S21441A82073A6410015A9410007A9410073A641003E
S21441A83073A6410017AA41002DAA410073A6410004
S21441A84073A6410073A6410073A6410073A641005A
S21441A8503FAA410073A6410073A6410073A641007A
S21441A86073A6410073A6410073A6410073A641003A
S21441A87073A6410073A6410073A6410073A641002A
S21441A88073A6410073A6410073A6410073A641001A
S21441A89073A6410073A6410073A6410073A641000A
S21441A8A073A6410073A6410073A6410073A64100FA
S21441A8B073A6410073A6410073A6410073A64100EA
S21441A8C073A6410073A6410073A6410073A64100DA
S21441A8D073A6410073A6410073A6410073A64100CA
S21441A8E073A6410073A6410063AA410073A64100C6
S21441A8F0B9AA4100607913F0010F14BF083D073D26
S21441A900EAB206216EE708460A4491427DDA2A4DAC
S21441A9102A4E2DE00D4601F108008142BFF6A9AE50
S21441A9200B46224E625C5B1B33449A700131C9B2BE
S21441A9300B468142F6DB9CE608212046204B984791
S21441A9401A4A137843F04003137092E6174A137875
S21441A95063F07F0303F0F7036FF34103137088E658
S21441A96063185B7873700131C9B2084691424CDA7C
S21441A970013885FB00E3A3EBE07303EB4303984206
S21441A980F1D1631813F8013C043B052BEBD801A029
S21441A99050F823F061A94100C5A9410067A94100CB
S21441A9A067A94100E3A94100F7A9410094000020AE
S21441A9B065A44100A1A541005655555524C3002024
S21441A9C099B04100635C012B06D0022BCBD1337882
S21441A9D043F008033370C6E7337843F0040333701B
S21441A9E0C1E7635C012B33780CBF43F001036FF37F
S21441A9F000033370B7E7635C012B33780CBF43F039
S21441AA0002036FF341033370ADE73C4A137843F0DA
S21441AA10100313702DE6394D214405F19A00384B49
S21441AA2098476B7843F001036B7022E6625C334BC8
S21441AA3083F8A2205A7842F002025A7019E621445D
S21441AA4068462F4B98471EB968462E4B984710E6E6
S21441AA50102168462C4B9847182120462B4B984787
S21441AA60F2E7264B224652F8091F5268C3F80A10ED
S21441AA70C3F80E20224652F8111F5268C3F81A1026
S21441AA80C3F81E2054F8196F6568A068E168C3F8DA
S21441AA902A60C3F82E50C3F83200C3F836101C4B58
S21441AAA098471C4B984700287FF4E3AD134A5378E8
S21441AAB043F020035370DCE5104A53786FF3451397
S21441AAC05370117841F00801134603F85A1B54F8A5
S21441AAD0096F6568A068E168C2F85A605D60986071
S21441AAE0D960C6E5054D214405F1A300044B9847BE
S21441AAF06B7843F004036B70BBE500BF9400002005
S21441AB0091D3410099A44100B9B1410099B04100A7
S21441AB1051AF410041B0410070B50446334B1B78FC
S21441AB2003F00902092A1FD0082A3CD013F0010F6E
S21441AB3042D0421CD2B22E49CA70421CC2F30722EE
S21441AB400A7113F0080F40D1611E2A4D012289B2C5
S21441AB502846294B9847611C284B1A78013D2A55AF
S21441AB60A21C5B786B541BE0431DDBB2204AD370BA
S21441AB70431DC3F3072313711C4B1B7813F0080FB7
S21441AB8023D11A4B1B7813F0010FDDD1611E194DED
S21441AB900122C9B228461A4B9847621C013D2855E6
S21441ABA0184B1A8070BD031DDBB2114AD370031DCA
S21441ABB0C3F307231371DFE7C2B20D49CA70C0F36E
S21441ABC007220A7113F0080FE0D0611E09480E4BA8
S21441ABD098470E49261D2346054D5A1C11F8010B70
S21441ABE0E8541346B242F8D10434CAE79400002030
S21441ABF06427012065270120A1A5410034C5002016
S21441AC0065A441004CC5002099B04100FE000020DB
S21441AC1070B50546994C00202060994B98472060B6
S21441AC20984B98472060A5F13503422B00F21081DE
S21441AC30DFE813F0D800DF00E600F100FC00030176
S21441AC400E010E010E010E010E010E010E010E0146
S21441AC500E010E010E010E010E010E010E010E0136
S21441AC600E010E010E010E010E010E010E010E0126
S21441AC700E010E010E010E010E010E010E010E0116
S21441AC800E010E010E010E010E010E010E010E0106
S21441AC900E010E010E010E010E010E0161006C0047
S21441ACA00E010E010E0143000E010E010E010E01B2
S21441ACB00E010E01BF0078009900411C724B6E22B6
S21441ACC01A54841C714A15785D54C11C5268D5B219
S21441ACD01D55041DC2F307255D54411DC2F30745AA
S21441ACE01D550630654C2060120E5A54634B186849
S21441ACF0674B984770BD421C604B1A606922624B95
S21441AD001A54644B0FCB644CA047EFE7421C5B4B95
S21441AD101A606A225C4B1A54604B93E80300604BFE
S21441AD209847E3E7431C584A03211154851C1121D7
S21441AD30D154C41C5B4911F83A3B83F00403C3F376
S21441AD408003535576251555012326461546F41896
S21441AD50DAB201F8012B2A550133092BF7D10C3011
S21441AD60464B1860C2E7504B9847444B1E68731CCD
S21441AD70454903228A55B51C1322CA54F41C494836
S21441AD80034613F84A2B82F00402C2F380024A5566
S21441AD9077220A555A30A0F11404341B0D46E218A6
S21441ADA013F8011BA9548342F9D11436334B1E6064
S21441ADB09CE7411C344B75221A54821C01245C5476
S21441ADC0102199540333C118364A52F88A6F556890
S21441ADD09468D268C6504D608C60CA601330274B69
S21441ADE0186083E7421C254B1A603522264B1A54BD
S21441ADF07CE7421C214B1A603622234B1A5475E7D6
S21441AE00421C214B3721195402301C4908602749FE
S21441AE10097899546AE7421C1B4B38211954023071
S21441AE20164908602149097899545FE7421C134B3B
S21441AE301A603922144B1A5458E7421C124B3A21D5
S21441AE40195402300D4908601849097899544DE75C
S21441AE50144B1B7813F0080F08D0421C0A4B0221F2
S21441AE60195408440549086015219954034A136842
S21441AE70591C1160044AD55438E700BF30C500203C
S21441AE800DA2410035A24100642701208C0000201C
S21441AE9019AB41007C000020A1A2410074000020B3
S21441AEA03DA34100940000200DB041001C0B002042
S21441AEB0F8B50F4616461D460D4C00232360014645
S21441AEC018460C4B984720600B4B9847411C0B4B40
S21441AED068221A54821C5F54C11C9E54021D5D5444
S21441AEE0053020609DF818109954054B9847F8BDD9
S21441AEF030C500200DA2410035A241006427012043
S21441AF0019AB410030B5B1B0154679B11C460A4679
S21441AF10014668460A4B98477F2C01DD31B030BD6B
S21441AF20224629466846074B9847F7E70146684652
S21441AF30054B984729466846044B9847EEE700BFBD
S21441AF40E1B5410031B64100D5B5410009B64100F1
S21441AF5030B585B0264B1B7813F0040F3ED0254BF9
S21441AF600FCB04AC04E90F00234800230360436081
S21441AF708360C36021490B604B608B60CB60204A85
S21441AF80136053609360D36001230370822400F8FA
S21441AF90014F0B7001F8013F1370022302F8013F85
S21441AFA0184CA51D14F8013F00F8013F01F8013F78
S21441AFB002F8013FAC42F5D110230F4A0021684602
S21441AFC0114CA04710230D4A00216846A047102384
S21441AFD00B4A00216846A04705B030BD6C46044B7D
S21441AFE053F88A0F59689A68DB680FC4BCE700BFFC
S21441AFF0940000205C06420050C5002060C5002039
S21441B00070C50020CD00002005AF410010B5094AAB
S21441B010134653F8301D5B6811605360134653F86E
S21441B020101D5B689160D360102300210248034CD9
S21441B030A04710BDDE00002050C5002005AF4100EE
S21441B04030B585B0114D6B462868696803C32A46FA
S21441B05052F8200D516803C310236A4600210C485C
S21441B0600C4CA047A5F110020DF1FF31002012F85B
S21441B070013B11F8014F63401843AA42F7D1003013
S21441B08018BF0120404205B030BD00BFCE000020B1
S21441B09050C5002005AF410070B5C4B005460C460A
S21441B0A04FF48072002104A82A4B9847224629462D
S21441B0B004A8294B984714F00F0F06D004F10F034C
S21441B0C0802104AA115523F00F046D46234B53F8F3
S21441B0D05A0F59689A68DB680FC5102C29DC44ABB7
S21441B0E01C44A4F588741023224669461C481D4D0D
S21441B0F0A8471A4A26686568A068E168C2F86A6087
S21441B100C2F86E50C2F87200C2F87610D2F86A5091
S21441B110D2F86E40D2F87200D2F87630C2F85A5061
S21441B120C2F85E40C2F86200C2F86630002044B001
S21441B13070BDA4F110032A4669460B48094DA8473D
S21441B140ADF1100323446D46186859689A68DB6868
S21441B1500FC5C4E7C5D4410091D3410094000020F7
S21441B16070C5002005AF410060C5002030B5B1B0C4
S21441B170154679B11C460A46014668460A4B984729
S21441B1807F2C01DD31B030BD224629466846074B4B
S21441B1909847F7E701466846054B9847294668466B
S21441B1A0044B9847EEE700BFE1B5410091B6410038
S21441B1B0D5B541001DB6410011F00F0F2ED170B527
S21441B1C084B005460C466E46174B53F85A0F5968DD
S21441B1D09A68DB680FC60DF1FF310DF10F03487811
S21441B1E0C04301F8010F9942F9D123462A466946E0
S21441B1F00E480F4EB047601E09D02B5C3BB9034644
S21441B2002B44013803D013F8012D002AF9D02B5CCA
S21441B210802B06D100232B5404B070BD4FF0FF3075
S21441B22070474FF0FF30F7E79400002050C50020EC
S21441B2306DB14100F0B5024601F110040B78037080
S21441B2404B7843708B788370CB78C370043104306D
S21441B250A142F3D10426154FDFF854E011E093F8EC
S21441B26000C081EA0C01197459784D405D74997893
S21441B2704C409C74D9784840D874013604322C2E00
S21441B28012D01346117B557B947BD07B16F0030F6F
S21441B290E5D117F805C03D5D3C5C785CB1081EF809
S21441B2A001108CEA0101DAE7F0BD00BF78074200E1
S21441B2B06C064200F0B40B4602EB001210311F1D23
S21441B2C0154615F8014B1E78744003F8014BBB42F6
S21441B2D0F7D104323B46B942F1D1F0BC7047C309BD
S21441B2E05A00134403EBC30383EA4000C0B27047DD
S21441B2F02DE9F04F85B083460A460391014600206A
S21441B300474B984701230193DFF81CA10BE0DDF87A
S21441B31008B0039A5946019D2846414CA0472B4602
S21441B3200133DBB201935E460BF104005A4600231B
S21441B33012F823101AF8011002F823100133042BD7
S21441B340F6D101328242F2D19BF801309BF80520BA
S21441B3508BF801209BF809208BF805209BF80D20DF
S21441B3608BF809208BF80D309BF802309BF80A20A9
S21441B3708BF802208BF80A309BF806309BF80E209B
S21441B3808BF806208BF80E309BF803309BF80F2085
S21441B3908BF803209BF80B208BF80F209BF8072097
S21441B3A08BF80B208BF80730019B0A2B30D00BF122
S21441B3B010030093CDF808B096F80090757889EAA6
S21441B3C00500B47896F8038084EA080B80EA0B07F8
S21441B3D0144B984789EA00007840307085EA0400AB
S21441B3E0104B984768407840707058460D4B9847C8
S21441B3F060407840B07089EA08000A4B984788EA6E
S21441B40000004740F7700436009B9E42D4D17EE749
S21441B410039A59460A20024B984705B0BDE8F08F7B
S21441B420B5B24100DFB24100780742002DE9F04F46
S21441B4308FB005460A460D9101460A20624B984751
S21441B44009230B93614C04E00C9D0B9B013BDBB243
S21441B4500B936B7B6A7A6A736A796A726A786A71E5
S21441B4606B70AB78AA7AAA70AB72AB79AA7BAA71D9
S21441B470AB73EB78EA79EA70EA7AEA71EA7BEA72C8
S21441B480EB732E46281D2A46002312F82310504FF0
S21441B490795C02F823100133042BF6D10132824243
S21441B4A0F2D10D9A29460B9F3846474B9847002FB5
S21441B4B000F0868005F110030A930C9537783946DB
S21441B4C072781746B078054696F803A0019108466B
S21441B4D0A0470290A0470390A04783463846A0471E
S21441B4E00490A0470690A047814600952846A0476D
S21441B4F00790A0470546A04780465046A04708907B
S21441B500A0470990A047029B9E46039B9C468EEA15
S21441B51003038BEA030304994B4089EA0303059529
S21441B5206B4088EA0303054643403A467B40009811
S21441B53043408AEA030333708BEA010306994B4082
S21441B54089EA0303079F7B4088EA0303099843403F
S21441B55004956B40019D6B40009D6B408AEA030356
S21441B56073708CEA0B0389EA03037B40059D6B40AD
S21441B57088EA0303089D6B40049F7B40019F7B4004
S21441B58053408AEA030A86F802A0029B83EA0B0B21
S21441B59081EA0B0B89EA0B0988EA090885EA08085B
S21441B5A080EA0808049B83EA080047405740009B0E
S21441B5B05F40F77004360A9B9E427FF47FAF43E7B5
S21441B5C00FB0BDE8F08F00BFB5B24100DFB2410019
S21441B5D07806420008B5014B984708BD35B2410090
S21441B5E070B505461446074B984726686068A168BB
S21441B5F0E268C5F8B060C5F8B400C5F8B810C5F83B
S21441B600BC2070BD35B2410008B50B460146184610
S21441B610014B984708BD00BFF1B2410008B50B4643
S21441B62001461846014B984708BD00BF2DB441005E
S21441B6302DE9F04105460E4600F1B0010C46CAB16F
S21441B64090463446114F631E013904F10F0E5A7865
S21441B65011F8010F424003F8012F7345F7D12946EF
S21441B6602046B84704F1100321469A1B904501D95C
S21441B6701C46E8E7631EAF350F3413F8012F05F873
S21441B680012FA342F9D1BDE8F08100BFF1B24100DC
S21441B690BAB32DE9F04184B0174605464C1EDFF893
S21441B6A06480C1F10106EC46A6465EF8010FDEF85D
S21441B6B00410DEF80820DEF80C30ACE80F0029460E
S21441B6C07046C04705F1AF0104F1100E637811F8DA
S21441B6D0012F534004F8013F7445F7D105F1B00CF2
S21441B6E06C460FCCC5F8B000CCF80410CCF8082056
S21441B6F0CCF80C307446B6447745D4D804B0BDE88F
S21441B700F08170472DB4410008B5014B9847FEE7DC
S21441B71071F3400008B5014B9847FEE771F34000CE
S21441B72010B584B000230393029301930422009240
S21441B7304FF4007216491748174CA047012802D00B
S21441B7401648174B9847002303930293019302220E
S21441B75000924FF40072134913480F4CA04701283A
S21441B76002D012480E4B984700230393029301934D
S21441B770032200924FF400720D490E48064CA04732
S21441B780012802D00C48064B984704B010BD00BFB4
S21441B790780842004195400051FB4000880842002D
S21441B7A029974100A8084200F54E4000B8084200DB
S21441B7B0E0084200B1464000F008420010B50322BE
S21441B7C000210120084B9847084B186058B10023C8
S21441B7D01A461946064CA047044B186818B1002370
S21441B7E01A461946A04710BD9DF740006C28012017
S21441B7F0EDF7400010B51520094B9847094C48F223
S21441B800040201212046084B98474FF0FF320121A0
S21441B8102046064B984701212046054B984710BDC8
S21441B82061EA400000000940B5EA4000D7EA40001E
S21441B830CFEA4000014B186D704700BF0000094039
S21441B8402DE9F04FDFF8F0928DB006460F461446CC
S21441B8501D4600F075F999F90080B8F1FF3FCDE932
S21441B860000136D022462B462046294601F0E0FC10
S21441B870834670BB32463B463046394601F0D8FCDB
S21441B880002282460023002840F0A08030463946F8
S21441B89001F09CFC10B3002200232046294601F00B
S21441B8A095FC834600286AD001229C4B02920021D7
S21441B8B00022CDF828A0CDE90467CDE90645CDE9BB
S21441B8C008120393B8F1000F45D0954C0023CDE9FB
S21441B8D00034DDE900010DB0BDE8F08FDDE900017F
S21441B8E000F034FF8046002800F08B804FF0000ABD
S21441B8F04FF0000B52465B46DDE9000101F066FC65
S21441B9000028E6D03046394600F020FF0028E0D037
S21441B9102046294600F01AFF0028DAD099F900306F
S21441B9207E4A039204210022022BCDE90467CDE929
S21441B9300645CDE908AB02910A9203D002A800F071
S21441B9400BFF68B901F0B2FC2223036008E0002334
S21441B9500024CDE9083402A800F0FEFE002830D0CD
S21441B9600A9B1BB101F0A2FC0A9B0360DDE9083487
S21441B970CDE90034DDE900010DB0BDE8F08F204689
S21441B980294600F0E3FE0028A3D0002200232046EB
S21441B990294601F025FC00289BD099F900305F4AE2
S21441B9A0CDF828B00121CDE90467CDE906450291DD
S21441B9B00392002BCBD05B490020022BCDE9080136
S21441B9C0C9D101F073FC21230360C9E7204629460B
S21441B9D001F0FCFB00283FF47CAF514B4F49CDF8BA
S21441B9E028B001200022B8F1020FCDE90467CDE965
S21441B9F0064502900391CDE90823ACD1CDE9002359
S21441BA0067E73046394600F0A1FE00283FF46EAFA6
S21441BA102046294600F09AFE00283FF467AFDDE94C
S21441BA2000231046194601F003FC002858D1032391
S21441BA3099F900800293394B0A900393CDE9046744
S21441BA40CDE906450022002330463946B8F1000FBD
S21441BA5026D1354F4FF06046CDE9086701F0C0FB6F
S21441BA6000283FF46BAF0022304B2046294601F0B8
S21441BA7045F904460D4600F077FE02460B46204641
S21441BA80294601F0A3FB40BB294B99F900804FF0B2
S21441BA906042CDE90823B8F1020F7FF44FAF51E77A
S21441BAA0244F0026CDE9086701F09AFB0028F2D022
S21441BAB000221E4B2046294601F020F904460D4639
S21441BAC000F052FE02460B462046294601F07EFB18
S21441BAD018B9144B0022CDE9082399F90080DAE71A
S21441BAE099F900900D4BCDF828800122CDE90467E5
S21441BAF0CDE9064502920393B9F1000F3FF427AF13
S21441BB00002200231046194601F022FAB9F1020F2D
S21441BB10CDE908013FF455AF1DE700BF18094200C3
S21441BB200000F03F0000F0FFFFFFEF470000E03F5E
S21441BB30FFFFEFC70000F07F3B0100200000000040
S21441BB402DE9F04F23F0004757EA020493B037D06F
S21441BB50674C21F00046A64283460D4629DC9A46AC
S21441BB60964625D0A74224DC614CA74279D0002DC9
S21441BB7089468046CDE9002377DB0024BEF1000FDD
S21441BB802CD15B4B9F4200F08B805A4B9F4261D039
S21441BB90BAF1804F00F0BA83574B9A451ED1002D1B
S21441BBA01CDB4046494613B0BDE8F04F00F00EBDE1
S21441BBB058B106F1404606F5801656EA0B0306D103
S21441BBC04C49002013B0BDE8F08FB742CCDD4B485E
S21441BBD013B0BDE8F04F00F0C1BD002440464946D1
S21441BBE000F0B0FDBBF1000F19D126B1414B25F055
S21441BBF040429A4213D1BAF1000FC0F2BC83002DE5
S21441BC00E0DA06F1404606F5801656EA040300F0EF
S21441BC108F84012CD6D101F100431946D2E7ED0FAE
S21441BC20013D54EA05034ED0354B9F426EDD03F18C
S21441BC3004739F4240F3E883324B9E424EDDBAF195
S21441BC40000F4EDD28A3D3E900231046194601F024
S21441BC5055F8B7E7BAF1000FC0F23C844046494672
S21441BC60B0E7BEF1000F82D0A3E7274B9F4228DC06
S21441BC70A3F154739F4280DD3B15A3F2FF33142B8F
S21441BC8040F33E84C3F134032EFA03F202FA03F37F
S21441BC909E457FF472AF02F00102C2F102046DE7E5
S21441BCA006F1404303F5801353EA0B0388D0154B46
S21441BCB09E4240F33283BAF1000F12DBDDE9000108
S21441BCC080E702245AE742464B464046494600F042
S21441BCD061FE02460B4601F03BF973E7BAF1000FED
S21441BCE0B0DB002000216DE79C7500883CE4377E80
S21441BCF00000F07F0000F03F0000E03FEC0542000E
S21441BD000000E041FFFFEF3FFFFF3F43B6F5801FD6
S21441BD104FF0000205DAD44B00F0F0FF6FF034022A
S21441BD200E463315D14FC6F31306A3F2FF33134421
S21441BD3046F07F5ABE421A460D934AF4401A40F3E3
S21441BD402183CB4B9E4240F3FD83134601330D9333
S21441BD50C84B0022CDE9062300270026CDE9086717
S21441BD60CDE90E67AAF5801A00270246534651468A
S21441BD70CDE90A23DDE9062300F00CFEDDE90623C2
S21441BD8080468946DDE90A0100F006FE02460B467A
S21441BD900020B84901F0DCF80A460146CDE9101208
S21441BDA0134649460246404600F0A8FF4FEA6A035A
S21441BDB043F000538C46834603F50023CDE904BC8B
S21441BDC0DA468B46D9190023CDE902AB0293DDE969
S21441BDD002AB002006460F4602460B4650465946E1
S21441BDE000F08CFF02460B464046494600F0D2FD25
S21441BDF0DDE90623804689463046394600F0CAFDCD
S21441BE0002460B46DDE90A0100F0C4FD52465B4698
S21441BE1000F074FF02460B464046494600F0BAFD24
S21441BE20DDE9102300F06AFFDDE90467CDE906018C
S21441BE3032463B463046394600F060FF78A3D3E9A8
S21441BE40002306460F4600F059FF77A3D3E90023A7
S21441BE5000F0A2FD32463B4600F050FF74A3D3E902
S21441BE60002300F099FD32463B4600F047FF72A39F
S21441BE70D3E9002300F090FD32463B4600F03EFFFA
S21441BE806FA3D3E9002300F087FD32463B4600F01E
S21441BE9035FF6DA3D3E9002300F07EFD3246804690
S21441BEA089463B463046394600F028FF02460B4657
S21441BEB04046494600F022FF524606460F465B463C
S21441BEC0DDE9040100F068FDDDE9062300F016FF18
S21441BED032463B4600F060FD5246804689465B4608
S21441BEE05046594600F00AFF0022634BCDE90A014D
S21441BEF000F052FD42464B4600F04EFD02980F467A
S21441BF00064632463B465046594600F0F7FE00226A
S21441BF1082468B46584B3046394600F03BFDDDE9BC
S21441BF200A2300F037FD02460B464046494600F0DC
S21441BF3031FDDDE9042300F0E1FE324680468946C4
S21441BF403B46DDE9060100F0D9FE02460B46404677
S21441BF50494600F021FD8046894602460B4650463A
S21441BF605946CDE904AB00F017FDDDE902AB38A335
S21441BF70D3E9002350460F4600F0C0FEDDE9042316
S21441BF80CDE902013946504600F004FD02460B4613
S21441BF904046494600F0FEFC2FA3D3E9002300F0BB
S21441BFA0ADFE2FA3D3E90023804689465046394645
S21441BFB000F0A4FE02460B464046494600F0ECFC23
S21441BFC0DDE90E2300F0E8FC80460D98894600F036
S21441BFD02FFE424606460F464B46DDE9020100F07B
S21441BFE0DBFCDDE9082300F0D7FC32463B4600F097
S21441BFF0D3FC32463B4650468B4600F0CBFCDDE94F
S21441C000082300F0C7FCDDE9022300F0C3FC02462A
S21441C0100B464046494600F0BDFC80462EE000BF38
S21441C020EF4E454A287ECA3F65DBC9934A86CD3FD7
S21441C03001411DA96074D13F4D268F515555D53FBD
S21441C040FFAB6FDBB66DDB3F033333333333E33F55
S21441C050000000E009C7EE3FFD033ADC09C7EE3FAA
S21441C060F5015B14E02F3EBE000040438E9803006E
S21441C07079B60B000000F03F000008408946013CBD
S21441C08054EA0503DDE9000114BFD94CD94C00231D
S21441C090CDE9043403460C46CDE90234002302932D
S21441C0A0DDE9024522462B4600F074FC52465B46CB
S21441C0B000F024FEDDE9002306460F464046494689
S21441C0C000F01CFE02460B463046394600F064FC42
S21441C0D02246804689462B4650465946CDE9008938
S21441C0E000F00CFE0B46024606460F4640464946C1
S21441C0F000F052FCC04B994204460D468A4640F336
S21441C100168101F13F4303F5E003034340F0EA8122
S21441C110A3A3D3E90023DDE9000100F03DFC32464C
S21441C120804689463B462046294600F033FC024677
S21441C1300B464046494601F071F8002840F0D2814E
S21441C140A8464FEA28534FF48012A3F2FE3342FA30
S21441C15003F35344C3F30A52A84DA2F2FF321541EA
S21441C160C3F3130423EA05010020C2F1140B44F47F
S21441C1708014BAF1000F02460B4644FA0BFB3046D8
S21441C1803946B8BFCBF1000B00F004FC02460B4623
S21441C19006460F46DDE9000100F0FEFB4FEA0B5A6A
S21441C1A00D46002480A3D3E900232046294600F00B
S21441C1B0A5FD3246804689463B462046294600F044
S21441C1C0E9FB02460B46DDE9000100F0E3FB78A3FC
S21441C1D0D3E9002300F092FD77A3D3E90023064676
S21441C1E00F462046294600F089FD02460B4630465A
S21441C1F0394600F0D1FB06460F4602460B464046FE
S21441C200494600F0C9FB42464B4604460D4600F0FF
S21441C210C1FB02460B463046394600F0BBFB224680
S21441C220804689462B462046294600F067FD64A392
S21441C230D3E9002306460F4600F060FD62A3D3E92A
S21441C240002300F0A7FB32463B4600F057FD60A3B3
S21441C250D3E9002300F0A0FB32463B4600F04EFDFA
S21441C2605DA3D3E9002300F095FB32463B4600F040
S21441C27045FD5BA3D3E9002300F08EFB32463B46E7
S21441C28000F03CFD02460B462046294600F082FB64
S21441C29006460F4602460B462046294600F02EFD2E
S21441C2A00022CDE900014FF080433046394600F088
S21441C2B071FB02460B46DDE9000100F049FE4246AD
S21441C2C006460F464B462046294600F017FD424695
S21441C2D04B4600F061FB02460B463046394600F0BD
S21441C2E059FB22462B4600F055FB02460B460020E2
S21441C2F03F4900F04FFB8A44BAF5801FC0F23381B4
S21441C3005146DDE9042300F0F9FC5BE44246404631
S21441C3104B46494600F0F2FC54E4BAF1000FBFF632
S21441C320E0ACDDE90034184604F100414AE4344B00
S21441C33021F00048984540F3F280324B0B440343CA
S21441C3400CD132463B4600F025FB02460B46DDE962
S21441C350000100F04FFF00283FF4F3AEDDE9040191
S21441C36021A3D3E9002300F0C9FC1FA3D3E900238E
S21441C37000F0C4FC26E402460B4600201C4900F0AF
S21441C380E7FD3CE400220023CDE90823CDE90E2356
S21441C390174B00220027CDE90623E6E4AFF30080E1
S21441C3A0FE822B654715973C00000000432EE63F72
S21441C3B0EF39FAFE422EE63F396CA80C615C20BE8E
S21441C3C0D0A4BE726937663EF16BD2C541BDBB3E55
S21441C3D02CDE25AF6A56113F93BDBE166CC1663F33
S21441C3E03E5555555555C53F59F3F8C21F6EA501E3
S21441C3F00000F03F0000F0BFFFFF8F40FFFF0F003F
S21441C400FFCB904000346F3F6B4B9E427FF766AC4C
S21441C4106A4B9E423FF713AC0022684B00F0BAFAD3
S21441C42057A3D3E9002306460F4600F067FC56A300
S21441C430D3E90023804689463046394600F05EFC03
S21441C440002282468B465E4B3046394600F056FC0B
S21441C45002460B464EA1D1E9000100F09BFA324656
S21441C4603B4600F04BFC02460B460020554900F087
S21441C47091FA3246CDE902013B463046394600F054
S21441C4803DFC02460B46DDE9020100F037FC42A3C3
S21441C490D3E9002300F032FC02460B46504659468B
S21441C4A000F078FA02460B4606460F464046494695
S21441C4B000F072FA42464B46002082468B4600F018
S21441C4C069FA02460B463046394600F063FA804622
S21441C4D08946D4E542464B460020384900F038FDAF
S21441C4E0FFF770BBDDE904012DA3D3E9002300F07B
S21441C4F005FC2BA3D3E9002300F000FCFFF762BB49
S21441C500BEF1000F7FF469ABC3F1140347FA03F29F
S21441C51002FA03F39F422AD07446FFF736BB294BF3
S21441C52098453FF70EAEDDE902239246934638E63C
S21441C53002460B4600F02EFA02460B4600F008FD76
S21441C540FFF740BB18A3D3E90023CDE9082318A37E
S21441C550D3E90023CDE90E231B4B00224FF480275D
S21441C560CDE9062301E45A4600F08AF9C9E602F00D
S21441C5700102C2F10204FFF708BB00BFAFF300801F
S21441C580000000604715F73F44DF5DF80BAE543EB0
S21441C590555555555555D53FFE822B654715F73FA1
S21441C5A09C7500883CE4377E0000004003B8E23FBB
S21441C5B006D0CF43EBFD4C3EFEFFEF3F0000F03F81
S21441C5C00000D03F0000E03F0000F83F2DE9F8436F
S21441C5D05B4F8F4305460C4600F0928000290B4680
S21441C5E002466FDD0F157BD0A7F2FF37C3F3130367
S21441C5F0F80743F480135CD403EBD27100260B4456
S21441C6007F105200B64616204FF400110EEB01047F
S21441C6109C424FEAD2754FEA420203DC1B1B04EBF5
S21441C620010E0E44013805EB43034FEA5101EDD1AB
S21441C630844620244FF0004109E020D003EBD27518
S21441C640013C4FEA51012B444FEA420220D0734548
S21441C65001EB0C05F1DD002D05EB010C09DBF04685
S21441C6609542A3EB0E0300D9013B521B0844C64634
S21441C670E4E7BCF1000FF2DB0EF10108F0E795426A
S21441C680DCD8002D05EB010C44DB98460023ECE793
S21441C690134313D14008731003F17F5303F500137E
S21441C6A0F20703EB075948BF40F000404946BDE852
S21441C6B0F8835B0003EBD27352009DE7411C2DD0FB
S21441C6C00130E7E7064621F000473E43EFD069BB1D
S21441C6D00F46D30A153F5205002BFAD0DE0220D46E
S21441C6E0002400E004465B00DD0204F10100F9D5B8
S21441C6F0C0F1200122FA01F10B433F1B824073E750
S21441C70002460B4600F0FAFA2A46234600F044F960
S21441C710BDE8F883BCF1000FAEDAB6E70136204635
S21441C720B9E7002020214FF0FF34E3E702460B46ED
S21441C73000F030F902460B4600F00AFCB7E700BFAE
S21441C7400000F07F21F00041704700BF41F00041FA
S21441C75001F58010C00F7047002070470020014946
S21441C760704700BF0000F87FF0B5C1F30A5EAEF235
S21441C770FF36132E83B002460B460C464FEAD17560
S21441C78007462EDC002E49DB3A49314103EA0100D7
S21441C79010432BD049080B4053EA02070CD04FF404
S21441C7A08023132E24EA010143FA06F444EA0104E5
S21441C7B00CBF4FF0004700272F4B03EBC505214622
S21441C7C0D5E90045384622462B4600F0E5F8CDE946
S21441C7D0000122462B46DDE9000100F0DBF803B0FC
S21441C7E0F0BD332E06DDB6F5806F40D010461946B3
S21441C7F003B0F0BDAEF2134E4FF0FF3121FA0EF109
S21441C8000842F3D049080842D6D04FF0804320EA88
S21441C810010143FA0EFE4EEA0107CDE721F0004141
S21441C8200143E3D0C3F31301134E0143C1F1000C9E
S21441C83006EBC506D6E900674CEA010C4FEA1C3CFC
S21441C8405C0C64040CF4002343EA040132463B4684
S21441C85000F0A2F8CDE9000132463B46DDE9000191
S21441C86000F098F821F0004444EAC571C0E700F0B2
S21441C87093F8BDE7FFFF0F002009420000000000CB
S21441C880F8B5C1F30A5604460D460B4617460EBB8D
S21441C89021F000430343864625D00022344B00F066
S21441C8A02DFA344A974204460D460B462ADBC1F31D
S21441C8B00A56363E3E4440F2FE72964228DC002E30
S21441C8C012DD23F0FF4323F4E00343EA06552046F6
S21441C8D02946F8BD40F2FF729642EBD102460B461E
S21441C8E000F05AF8F8BDF8BD16F1350F1DDA4CF2D6
S21441C8F050339F4222462B4625DC19A1D1E900013F
S21441C90000F03CF816A3D3E9002300F0F7F9F8BD90
S21441C91022462B4614A1D1E9000100F02FF812A3BC
S21441C920D3E9002300F0EAF9F8BD23F0FF4323F4EE
S21441C930E003363643EA06552046294600220E4B8A
S21441C94000F0DCF9F8BD08A1D1E9000100F016F8C5
S21441C95005A3D3E9002300F0D1F9F8BDAFF3008079
S21441C96059F3F8C21F6EA5019C7500883CE4377EDA
S21441C97000005043B03CFFFF0000903C03F00043F2
S21441C98021F0004242EA0301704700BF81F00041B6
S21441C99002E000BF83F0004330B54FEA41044FEA5E
S21441C9A0430594EA050F08BF90EA020F1FBF54EAF9
S21441C9B0000C55EA020C7FEA645C7FEA655C00F095
S21441C9C0E2804FEA5454D4EB5555B8BF6D420CDD66
S21441C9D02C4480EA020281EA030382EA000083EAE9
S21441C9E0010180EA020281EA0303362D88BF30BD89
S21441C9F011F0004F4FEA01314FF4801C4CEA1131DF
S21441CA0002D0404261EB410113F0004F4FEA03333D
S21441CA104CEA133302D0524263EB430394EA050FC8
S21441CA2000F0A780A4F10104D5F1200E0DDB02FA37
S21441CA300EFC22FA05F2801841F1000103FA0EF2CB
S21441CA40801843FA05F359410EE0A5F120050EF191
S21441CA50200E012A03FA0EFC28BF4CF0020C43FAC2
S21441CA6005F3C01851EBE37101F0004507D54FF0CF
S21441CA70000EDCF1000C7EEB00006EEB0101B1F51F
S21441CA80801F1BD3B1F5001F0CD349085FEA300065
S21441CA904FEA3C0C04F101044FEA445212F5800F70
S21441CAA080F09A80BCF1004F08BF5FEA500C50F10D
S21441CAB0000041EB045141EA050130BD5FEA4C0CF0
S21441CAC0404141EB010111F4801FA4F10104E9D179
S21441CAD091F0000F04BF01460020B1FA81F308BF70
S21441CAE02033A3F10B03B3F120020CDA0C3208DD3C
S21441CAF002F1140CC2F10C0201FA0CF021FA02F117
S21441CB000CE002F11402D8BFC2F1200C01FA02F186
S21441CB1020FA0CFCDCBF41EA0C019040E41AA2BFAB
S21441CB2001EB0451294330BD6FEA04041F3C1CDA73
S21441CB300C340EDC04F11404C4F1200220FA04F093
S21441CB4001FA02F340EA030021FA04F345EA03013D
S21441CB5030BDC4F10C04C4F1200220FA02F001FAFF
S21441CB6004F340EA0300294630BD21FA04F0294681
S21441CB7030BD94F0000F83F4801306BF81F480111A
S21441CB800134013D4EE77FEA645C18BF7FEA655C8D
S21441CB9029D094EA050F08BF90EA020F05D054EA5F
S21441CBA0000C04BF1946104630BD91EA030F1EBF64
S21441CBB00021002030BD5FEA545C05D14000494168
S21441CBC028BF41F0004130BD14F580043CBF01F55B
S21441CBD0801130BD01F0004545F0FE4141F4700141
S21441CBE04FF0000030BD7FEA645C1ABF194610461C
S21441CBF07FEA655C1CBF0B46024650EA013406BF1D
S21441CC0052EA033591EA030F41F4002130BD00BFDB
S21441CC1090F0000F04BF0021704730B54FF4806498
S21441CC2004F132044FF000054FF0000150E700BF19
S21441CC3090F0000F04BF0021704730B54FF4806478
S21441CC4004F1320410F0004548BF40424FF0000165
S21441CC503EE700BF42004FEAE2014FEA31014FEAA8
S21441CC6002701FBF12F07F4393F07F4F81F06051F7
S21441CC70704792F0000F14BF93F07F4F704730B566
S21441CC804FF4607401F0004521F0004120E700BFF9
S21441CC9050EA010208BF704730B54FF000050AE080
S21441CCA050EA010208BF704730B511F0004502D581
S21441CCB0404261EB41014FF4806404F132045FEA83
S21441CCC0915C3FF4DCAE4FF003025FEADC0C18BF28
S21441CCD003325FEADC0C18BF033202EBDC02C2F11E
S21441CCE0200300FA03FC20FA02F001FA03FE40EAB0
S21441CCF00E0021FA02F11444C1E600BF70B54FF0B0
S21441CD00FF0C4CF4E06C1CEA11541DBF1CEA135591
S21441CD1094EA0C0F95EA0C0F00F0DEF82C4481EAF9
S21441CD20030621EA4C5123EA4C5350EA013518BF19
S21441CD3052EA033541F4801143F4801338D0A0FB06
S21441CD4002CE4FF00005E1FB02E506F00042E0FBB3
S21441CD5003E54FF00006E1FB03569CF0000F18BFB9
S21441CD604EF0010EA4F1FF04B6F5007F64F5407461
S21441CD7004D25FEA4E0E6D4146EB060642EAC621F4
S21441CD8041EA55514FEAC52040EA5E504FEACE2E61
S21441CD90B4F1FD0C88BFBCF5E06F1ED8BEF1004F64
S21441CDA008BF5FEA500E50F1000041EB045170BDE0
S21441CDB006F0004646EA010140EA020081EA030124
S21441CDC0B4EB5C04C2BFD4EB0C0541EA045170BD20
S21441CDD041F480114FF0000E013C00F3AB8014F19A
S21441CDE0360FDEBF002001F0004170BDC4F10004E3
S21441CDF0203C35DA0C341BDC04F11404C4F1200564
S21441CE0000FA05F320FA04F001FA05F240EA0200BE
S21441CE1001F0004221F0004110EBD37021FA04F6F4
S21441CE2042EB06015EEA430E08BF20EAD37070BDAE
S21441CE30C4F10C04C4F1200500FA04F320FA05F00D
S21441CE4001FA04F240EA020001F0004110EBD3700F
S21441CE5041F100015EEA430E08BF20EAD37070BD7F
S21441CE60C4F1200500FA05F24EEA020E20FA04F358
S21441CE7001FA05F243EA020321FA04F001F0004107
S21441CE8021FA04F220EA020000EBD3705EEA430E78
S21441CE9008BF20EAD37070BD94F0000F0FD101F0A7
S21441CEA00046400041EB010111F4801F08BF013CE0
S21441CEB0F7D041EA060195F0000F18BF704703F01E
S21441CEC00046520043EB030313F4801F08BF013DA5
S21441CED0F7D043EA0603704794EA0C0F0CEA135561
S21441CEE018BF95EA0C0F0CD050EA410618BF52EA1B
S21441CEF04306D1D181EA030101F000414FF0000021
S21441CF0070BD50EA410606BF1046194652EA43062E
S21441CF1019D094EA0C0F02D150EA013613D195EAA2
S21441CF200C0F05D152EA03361CBF104619460AD1EA
S21441CF3081EA030101F0004141F0FE4141F47001F4
S21441CF404FF0000070BD41F0FE4141F4780170BDE4
S21441CF5070B54FF0FF0C4CF4E06C1CEA11541DBF49
S21441CF601CEA135594EA0C0F95EA0C0F00F0A7F84B
S21441CF70A4EB050481EA030E52EA03354FEA013178
S21441CF8000F088804FEA03334FF0805545EA13138B
S21441CF9043EA12634FEA022245EA111545EA106553
S21441CFA04FEA00260EF000419D4208BF964244F1EA
S21441CFB0FD0404F5407402D25B084FEA3202B61A09
S21441CFC065EB03055B084FEA32024FF480104FF4DD
S21441CFD0002CB6EB020E75EB030E22BFB61A754651
S21441CFE040EA0C005B084FEA3202B6EB020E75EBE4
S21441CFF0030E22BFB61A754640EA5C005B084FEA4C
S21441D0003202B6EB020E75EB030E22BFB61A754618
S21441D01040EA9C005B084FEA3202B6EB020E75EB23
S21441D020030E22BFB61A754640EADC0055EA060EE4
S21441D03018D04FEA051545EA16754FEA06164FEA27
S21441D040C30343EA52734FEAC2025FEA1C1CC0D1D3
S21441D05011F4801F0BD141EA00014FF000004FF060
S21441D060004CB6E711F4801F04BF01430020B4F121
S21441D070FD0C88BFBCF5E06F3FF6AFAEB5EB030CD9
S21441D08004BFB6EB020C5FEA500C50F1000041EBD6
S21441D090045170BD0EF0004E4EEA113114EB5C04A3
S21441D0A0C2BFD4EB0C0541EA045170BD41F4801176
S21441D0B04FF0000E013C90E645EA060E8DE60CEA7E
S21441D0C0135594EA0C0F08BF95EA0C0F3FF43BAF9B
S21441D0D094EA0C0F0AD150EA01347FF434AF95EA52
S21441D0E00C0F7FF425AF104619462CE795EA0C0F36
S21441D0F006D152EA03353FF4FDAE1046194622E703
S21441D10050EA410618BF52EA43067FF4C5AE50EADC
S21441D11041047FF40DAF52EA43057FF4EBAE12E7CC
S21441D1204FF0FF3C06E000BF4FF0010C02E000BFAD
S21441D1304FF0010C4DF804CD4FEA410C7FEA6C5C90
S21441D1404FEA430C18BF7FEA6C5C1BD001B050EA33
S21441D150410C0CBF52EA430C91EA030F02BF90EA1E
S21441D160020F0020704710F1000F91EA030F58BFDD
S21441D170994208BF90422CBFD8176FEAE37040F03F
S21441D180010070474FEA410C7FEA6C5C02D150EADD
S21441D190013C07D14FEA430C7FEA6C5CD6D152EA98
S21441D1A0033CD3D05DF8040B704700BF844610465D
S21441D1B062468C461946634600E000BF01B5FFF75C
S21441D1C0B7FF002848BF10F1000F01BD4DF808ED2C
S21441D1D0FFF7F4FF0CBF012000205DF808FB00BFFD
S21441D1E04DF808EDFFF7EAFF34BF012000205DF857
S21441D1F008FB00BF4DF808EDFFF7E0FF94BF0120A4
S21441D20000205DF808FB00BF4DF808EDFFF7CEFFA4
S21441D21094BF012000205DF808FB00BF4DF808EDE3
S21441D220FFF7C4FF34BF012000205DF808FB00BFB4
S21441D2304FEA410C7FEA6C5C02D150EA013C0AD1CC
S21441D2404FEA430C7FEA6C5C02D152EA033C02D1BE
S21441D2504FF0000070474FF0010070474FEA41021F
S21441D26012F5001215D211D56FF47873B3EB6252F2
S21441D27012D94FEAC12343F0004343EA505311F019
S21441D280004F23FA02F018BF404270474FF00000AB
S21441D290704750EA013005D111F0004008BF6FF0E9
S21441D2A0004070474FF00000704700BF014B1868C0
S21441D2B0704700BF3C01002070B50F4E0F4D761BE6
S21441D2C0B61018BF002405D0013455F8043B9847E2
S21441D2D0A642F9D10A4E0B4D761B03F0D9FBB61088
S21441D2E018BF002406D0013455F8043B9847A6429F
S21441D2F0F9D170BD70BD00BF9C0A42009C0A420035
S21441D300A40A42009C0A42000FB400B5074983B004
S21441D31004AB086853F8042B8168019300F08CFB3A
S21441D32003B05DF804EB04B0704700BF3C01002039
S21441D330032A70B422D940EA01039B0711D003782F
S21441D3400C78A3421DD10A44013105E010F8013F93
S21441D35011F8014BA34214D19142F7D1002070BC81
S21441D36070470D680668AE420C46034601F104015B
S21441D37000F1040008D1043A032AF2D8002ADED18B
S21441D380ECE7181B70BC704721461846D7E700BF2C
S21441D390844641EA000313F003036DD1403A41D37A
S21441D3A051F8043B40F8043B51F8043B40F8043B39
S21441D3B051F8043B40F8043B51F8043B40F8043B29
S21441D3C051F8043B40F8043B51F8043B40F8043B19
S21441D3D051F8043B40F8043B51F8043B40F8043B09
S21441D3E051F8043B40F8043B51F8043B40F8043BF9
S21441D3F051F8043B40F8043B51F8043B40F8043BE9
S21441D40051F8043B40F8043B51F8043B40F8043BD8
S21441D41051F8043B40F8043B51F8043B40F8043BC8
S21441D420403ABDD2303211D351F8043B40F8043B68
S21441D43051F8043B40F8043B51F8043B40F8043BA8
S21441D44051F8043B40F8043B103AEDD20C3205D378
S21441D45051F8043B40F8043B043AF9D2043208D070
S21441D460D2071CBF11F8013B00F8013B01D30B88E2
S21441D47003806046704700BF082A13D38B078DD0C0
S21441D48010F003038AD0C3F10403D21ADB071CBF92
S21441D49011F8013B00F8013B80D331F8023B20F8FC
S21441D4A0023B7BE7043AD9D3013A11F8013B00F835
S21441D4B0013BF9D20B7803704B7843708B788370BD
S21441D4C06046704770B4860746D0541E002A41D045
S21441D4D0CAB2034602E014F1FF343BD303F8012BF2
S21441D4E09D07F8D1032C2ED9CDB245EA05250F2C40
S21441D4F045EA054519D903F110022646103E0F2E7E
S21441D50042F8105C42F80C5C42F8085C42F8045C55
S21441D51002F11002F2D8A4F1100222F00F0204F038
S21441D5200F041032032C13440DD91E462246043AEA
S21441D530032A46F8045BFAD8221F22F0030204327B
S21441D540134404F003042CB1C9B21C4403F8011B74
S21441D5509C42FBD170BC704714460346C2E700BFED
S21441D560830710B5044610D10268A2F1013323EABD
S21441D570020313F0803F08D150F8042FA2F1013383
S21441D58023EA020313F0803FF6D003781BB110F86C
S21441D590013F002BFBD100F003F8204610BD00BF31
S21441D5A080EA0102844612F0030F4FD111F0030FB7
S21441D5B032D14DF8044D11F0040F51F8043B0BD015
S21441D5C0A3F101329A4312F0803F04BF4CF8043B6A
S21441D5D051F8043B16D100BF51F8044BA3F1013278
S21441D5E09A4312F0803FA4F101320BD14CF8043B30
S21441D5F0A24312F0803F04BF51F8043B4CF8044B61
S21441D600EAD023460CF8013B13F0FF0F4FEA3323D1
S21441D610F8D15DF8044B704711F0010F06D011F8B0
S21441D620012B0CF8012B002A08BF704711F0020F9E
S21441D630BFD031F8022B12F0FF0F16BF2CF8022B89
S21441D6408CF8002012F47F4FB3D1704711F8012BAC
S21441D6500CF8012B002AF9D1704700BF00000000EA
S21441D6600000000000000000000000000000000074
S21441D6700000000000000000000000000000000064
S21441D68090F800F06DE9024520F007016FF0000CBC
S21441D69010F0070491F820F040F049804FF0000464
S21441D6A06FF00700D1E9002391F840F000F108003F
S21441D6B082FA4CF2A4FA8CF283FA4CF3A2FA8CF377
S21441D6C04BBBD1E9022382FA4CF200F10800A4FADE
S21441D6D08CF283FA4CF3A2FA8CF3E3B9D1E9042332
S21441D6E082FA4CF200F10800A4FA8CF283FA4CF369
S21441D6F0A2FA8CF37BB9D1E9062301F1200182FA23
S21441D7004CF200F10800A4FA8CF283FA4CF3A2FA28
S21441D7108CF3002BC6D0002A04BF04301A4612BA36
S21441D720B2FA82F2FDE8024500EBD2007047D1E939
S21441D730002304F00305C4F100004FEAC50514F0C8
S21441D740040F91F840F00CFA05F562EA05021CBF99
S21441D75063EA050362464FF00004A9E7002A41D078
S21441D76040EA010313F00303F0B425D1032A23D979
S21441D77004680D68AC421FD1043A38D0A4F1013593
S21441D78025EA040414F0803F2ED1043004310FE022
S21441D79050F8043B0E68A3F10134B34224EA030473
S21441D7A001F1040126D1043A21D014F0803F1BD167
S21441D7B0032A07460D46EBD805780C78AC4202F1B1
S21441D7C0FF331AD183B114B90EE06BB17AB110F8B8
S21441D7D0012F11F8014FA24203F1FF33F5D0101B80
S21441D7E0F0BC7047104670470020F0BC70471046AA
S21441D7F0F0BC704729463846DEE72A46EFE700BFC9
S21441D80040EA010313F0030F70B4034624D0A2B1DB
S21441D8100C781C70013A013301313CB16AB111F800
S21441D820014B03F8014B013A002CF7D12AB11A44B7
S21441D830002103F8011B9A42FBD170BC70470E468B
S21441D84051F8045BA5F1013424EA050414F0803F45
S21441D85005D143F8045B043A032AF0D8D7E73146AA
S21441D860D6E700BF2DE9F84FDDF828900F468046F1
S21441D87016461D468A4600E0A2465446484614F8D7
S21441D88001BB01F08BFC5844427812F00802F3D1F8
S21441D890BBF12D0F4FD0BBF12B0F04BF94F800B056
S21441D8A00AF102041DB1102D56D0AC4604E0BBF17E
S21441D8B0300F60D00A25AC46002A0CBF6FF00049F5
S21441D8C04FF000490021B9FBFCFE08460CFB1E9AAE
S21441D8D005E029D00CFB0030012114F801BBABF167
S21441D8E03003092B05D9ABF14103192B0BD8ABF10A
S21441D8F037039D420FDDB1F1FF3FEED08645E8D2BA
S21441D9004FF0FF31E9E7ABF16103192B03D8ABF1D7
S21441D91057039D42EFDC4B1C13D002B1404246B147
S21441D920C1B93760BDE8F88F9A45D3DA4FF0FF3179
S21441D930D3E7BDE8F88F94F800B001220AF102045B
S21441D940B0E72223C8F80030EEB1671E484637607C
S21441D950BDE8F88F8146F8E7BBF1300FA5D12378B3
S21441D96003F0DF03582BA0D14FF0100C94F801B010
S21441D97065460234A0E7237803F0DF03582BF3D043
S21441D9800825AC4698E74846BDE8F88F30B5084CC0
S21441D990084B25686C6B83B0002C08BF1C4600946E
S21441D9A013460A4601462846FFF75CFF03B030BDE2
S21441D9B03C0100206C0500202DE9F84F4B6E9C047D
S21441D9C093462FD59368126853B30E46074602F125
S21441D9D0080919E920045FEA9A0817D0043D002493
S21441D9E001E0A04510D0324655F8041F384601F0F4
S21441D9F0BBF8431C04F10104F3D10023CBF80830F3
S21441DA00CBF80430BDE8F88FDBF808302AF0030A7B
S21441DA10A3EB0A03CBF8083009F10809002BD8D14B
S21441DA200020EAE701F00AFA0023CBF80830CBF8E9
S21441DA300430BDE8F88F00BF2DE9F04FADB01D466C
S21441DA408B4690460793069018B1836B002B00F0E7
S21441DA50F380DBF86430BBF90C00DF0781B202D4F7
S21441DA608E0540F1FC808C040AD4DBF8643040F427
S21441DA70005123F40053ABF80C10CBF8643089B254
S21441DA80080740F1B380DBF81030002B00F0AE8081
S21441DA9001F01A030A2B00F0B58000230DF170093E
S21441DAA00B93119310930393CDF83C90CA46CDF84F
S21441DAB010B098F800304446FBB1252B02D11CE04B
S21441DAC0252B03D014F8013F002BF9D1A4EB080510
S21441DAD09DB1109B119ACAF8008001332A44072B46
S21441DAE0CAF80450119210937ADD002A40F0B084AF
S21441DAF0039B10922B44CA4603932378002B00F0D5
S21441DB00E08300204FF000038DF8373004F1010820
S21441DB1062780546064603464FF0FF3408F1010891
S21441DB20A2F12001582900F2DE82DFE811F021023D
S21441DB30DC02DC022902DC02DC02DC02DC02DC0262
S21441DB40DC0289029502DC02A200BD02DC029F01D2
S21441DB50A401A401A401A401A401A401A401A40157
S21441DB60A401DC02DC02DC02DC02DC02DC02DC02B8
S21441DB70DC02DC02DC02B201DC02DC02DC02DC029A
S21441DB80DC02DC02DC02DC02DC02DC029701DC02A5
S21441DB90DC02DC02DC02DC029B01DC02DC0253021A
S21441DBA0DC02DC02DC02DC02DC02DC02DC02DC023F
S21441DBB0DC02DC025A021B02DC02DC02DC026E02E0
S21441DBC01B02DC02DC027302DC02F501820109025F
S21441DBD0D702DC029A02DC02A700DC02DC022E023B
S21441DBE00AF1080A039B2B44039386E75946069895
S21441DBF000F0ACFD18BBBBF80C1001F01A030A2B61
S21441DC007FF44BAFBBF90E30002BFFF646AFDBF887
S21441DC106430DB0705D48F0503D4DBF8580001F0E8
S21441DC20C7FA2B4642465946069800F04DFD0390EA
S21441DC3003982DB0BDE8F08F00F0F4FE09E7DBF85D
S21441DC406430D90704D4BBF80C309A0540F1AA8455
S21441DC504FF0FF33039303982DB0BDE8F08FDBF808
S21441DC60580001F0A3FABBF90C0081B2FBE67642FC
S21441DC70079243F0040398F800204FE708969E0663
S21441DC8000F150840799DD060A4600F1EF835806F5
S21441DC9040F1EC830E8804310027012207914FF0B2
S21441DCA000018DF837100025611C00F0168123F025
S21441DCB08001029156EA070140F01481002C40F0A1
S21441DCC05C83002A40F0B78313F00103059300F00C
S21441DCD057840DF1B00B30230BF8413D059BA34211
S21441DCE0B8BF234601930DB101330193029B13F054
S21441DCF00203099302D0019B02330193029B13F066
S21441DD0084030A9340F01782089B019A9D1A002DBE
S21441DD1040F31182102D40F39084109B119AC44E0B
S21441DD20D6461027A2461946069C07E001F1020C8A
S21441DD300EF1080E0146103D102D11DD481C103223
S21441DD40072811928EE8C0001090EFDD002A40F0BF
S21441DD50E481103D102D11464FF0010CCE46EDDC0E
S21441DD6054466146F2462A4407291192CAF8006091
S21441DD70CAF80450109100F3EC829DF837500AF12E
S21441DD80080A481C002D40F0DE81099B002B00F05C
S21441DD90F88102320EA902230728119210908AE8D0
S21441DDA00A0040F3EA81002A40F08C830A9B802BCC
S21441DDB04FF001001146CA4640F0E781089B019D9D
S21441DDC05E1B002E40F3E181102E9A4D40F35084A5
S21441DDD0D4461027A246069C07E001F1020E0CF13C
S21441DDE0080C0146103E102E11DD481C1032072843
S21441DDF011928CE8A0001090EFDD002A40F09D8241
S21441DE00103E102E4FF0010E1146CC46EDDC544626
S21441DE10E2463244BEF1070F11928AE86000CDF81F
S21441DE2040E000F369830AF1080A0EF101007146E9
S21441DE30ABE1089613F0200240F08C8313F01001FA
S21441DE4040F01A8313F0400200F0168307980A4602
S21441DE500146043106880791002720E7089643F0DB
S21441DE601003E7E7089643F0100308E743F0800302
S21441DE7098F8002052E6A2F13001002618F8012B4E
S21441DE8006EB860601EB4606A2F130010929F5D9D3
S21441DE9046E60896002840F0088443F010039E06A4
S21441DEA000F14C83DD0600F1F382580640F1F08222
S21441DEB0079DB5F900602A46F717043230463946C1
S21441DEC00792002871F10002C0F25D83611C9DF843
S21441DED037504FF001027FF4EAAE56EA070100F0F0
S21441DEE04D820293012A00F08C82022A40F05C8225
S21441DEF00B98CB46330906F00F0143EA07733A09FC
S21441DF001E461746435C0BF8013D56EA0703F1D11E
S21441DF10A9EB0B030593E1E6002840F0C083990680
S21441DF2000F16783DA0600F1F1805B0640F1EE808E
S21441DF30079A136804320792BDF80C201A80B8E598
S21441DF4007983D4A08960B9206687822302104309D
S21441DF508DF8392043F00203079000278DF83810DA
S21441DF6002229CE60896002899D08DF8375096E70D
S21441DF7098F80020002D7FF4D1AD01202025CDE575
S21441DF8043F0010398F80020C8E50896002840F0C1
S21441DF90938329490B919F0600F1E8820798DE0694
S21441DFA0014600F170825D0640F16D8204310688BB
S21441DFB007910027D80740F1228256EA070100F070
S21441DFC01E8230218DF8392043F002038DF8381037
S21441DFD0022264E60896002840F06B8317490B91AD
S21441DFE0D9E7079908960A688DF848204FF000004F
S21441DFF00A468DF8370004320120019007920590B9
S21441E0000DF1480B0293002470E643F0400398F864
S21441E010002083E598F800206C2A03BF98F8012079
S21441E02043F0200308F1010843F0100376E500BFF2
S21441E030640942007409420048094200340942001A
S21441E04007990E680A46002E02F10402FFF60FAE4B
S21441E050079298F8002061E598F8002001202B25CA
S21441E0605CE507990896D1F800B04FF000028DF8AC
S21441E07037200E1DBBF1000F00F0E582671C00F053
S21441E080C482224600215846019301F0D1FB019BF0
S21441E090002800F0E582A0EB0B020592079602935A
S21441E0A09DF83750002419E698F800202A2A08F1EE
S21441E0B0010700F0E982A2F130010929B8464FF084
S21441E0C000043FF62DAD18F8012B04EB840401EB58
S21441E0D04404A2F130010929F5D921E543F0200392
S21441E0E098F800201AE50896002840F0DB82002ABE
S21441E0F000F0E78001218DF848204FF000020191A1
S21441E1008DF8372005910DF1480B7BE7079A136888
S21441E11004320792039A1A60CBE40FAA0499204668
S21441E120FFF74AFC002840F039811099119A01F115
S21441E130010CCE46FFE51099119A481C9DF83750C0
S21441E140002D3FF422AE01320DF13705012107289B
S21441E15011921090CAF80050CAF8041040F3088192
S21441E160002A40F0BC81099B002B3FF41FAE0EAB4A
S21441E170022208461C931D92CA4601460AF1080A25
S21441E18001300A9B802B3FF419AE059BE41A002C04
S21441E1902EDD102CB34D1EDDD6461026069FDDF82B
S21441E1A010A006E0881C0EF1080E1946103C102CF3
S21441E1B010DD4B1C1032072B11928EE86000109335
S21441E1C0F0DD002A65D1103C102C4FF001001146BD
S21441E1D0CE46EEDCF246224407281192CAF8005099
S21441E1E0CAF80440109000F385800AF1080A01300D
S21441E1F00599CAF800B00A4407281192CAF80410D3
S21441E200109040F38280002A40F01881029B1092C1
S21441E210580735D5089B01995C1A002C40F3E780D6
S21441E220CA46102C40F3188210998F4E069FDDF88F
S21441E23010B0102506E0881C0AF1080A1946103C61
S21441E240102C11DD4B1C1032072B1192CAF80060BE
S21441E250CAF804501093EEDD42BB103C102C4FF030
S21441E26001001146CA46EDDC224407281192CAF83D
S21441E2700060CAF80440109051DD002A40F09B81AE
S21441E280039B089A01998A42ACBF9B185B1803937B
S21441E2904EE00FAA51463846FFF78EFB002840F065
S21441E2A03F811099119A481CCE467FE70FAA5946DE
S21441E2B03846FFF781FB60B91099119A481CCA4647
S21441E2C0BDE7119BDDF810B0002B40F0D481002350
S21441E2D01093DBF8643013F0010FBBF80C3002D119
S21441E2E09A0540F1DE805B063FF5B2AC03982DB04F
S21441E2F0BDE8F08F002A40F00681059A1D92012361
S21441E3001192CDF870B01093CA460AF1080A029BE2
S21441E310590704D5089B01995C1A002C81DC039BA4
S21441E320089901988142ACBF5B181B18039372BBD6
S21441E33000231093CA46FFF7BCBB0FAA0499204698
S21441E340FFF73AFB50BB1099119A01F1010ECC46EA
S21441E35048E5002A40F040819DF83710002900F03A
S21441E3601B8101220DF1370110461D921C91CA46B0
S21441E37001460AF1080A013007E5029B012A00F02E
S21441E3809880022A0DD1029300260027B0E50FAAF5
S21441E39004990698FFF710FB0028C9D0DDF810B0A5
S21441E3A097E7029300260027494600E05946F208BF
S21441E3B042EA4772F80806F0070307461646303326
S21441E3C056EA070201F8013C01F1FF3BEED1029A01
S21441E3D0D6077FF59DAD302B3FF49AAD02393023F9
S21441E3E00BF8013CA9EB010305938B4676E4039BAE
S21441E3F0089A8A42ACBF9B185B18039398E702229F
S21441E4004DE4002F08BF0A2E52D3CB46304639463C
S21441E4100A22002301F096FE30320BF8012D3046D9
S21441E420394600230A2201F08DFE06460F4656EA7B
S21441E4300703EBD16CE50594CB464FE40FAA04994C
S21441E4400698FFF7B9FA0028A8D1119ACA465EE79E
S21441E4500FAA04990698FFF7AFFA00289ED1CA463C
S21441E460FFF7C0BB740942006409420004311668D4
S21441E47007910122002712E40798014604310668F5
S21441E480079100270BE40E6804310791002791E5B8
S21441E49007990E680A46F7170432079230463946FE
S21441E4A00FE5DBF8580000F083FEBBF80C301AE7A6
S21441E4B0029B02930DF1B00B303601230BF8416DF0
S21441E4C005930BE40FAA04990698FFF775FA0028FE
S21441E4D07FF464AF1099119A481CCA4651E60FAAB8
S21441E4E004990698FFF768FA00287FF457AF109909
S21441E4F0119A481CCA4648E4002A40F091800120FF
S21441E5001146CA4641E60FAA04990698FFF754FAFF
S21441E51000287FF443AF1098119A0130CA4667E647
S21441E520D346D6E6079E073626F0070202F10801D3
S21441E530D2E9006707910122FFF7B1BB079E073674
S21441E54026F00706D6E9000106F1080207920646BC
S21441E5500F46B6E4079E073626F0070202F1080189
S21441E560D2E9006707910022FFF799BB079E07365D
S21441E57026F0070101F108000790D1E9006719E587
S21441E580CB46FFF7ABBB2D25764267EB47078DF8A9
S21441E59037500122FFF788BB099BB3B911460120CA
S21441E5A0CA46F2E5DBF8580000F002FE4FF0FF33B2
S21441E5B00393FFF750BB0FAA04990698FFF7FCF99F
S21441E5C000287FF4EBAE119AA9E60EAB02221C930B
S21441E5D01D920120CA46D0E50FAA04990698FFF776
S21441E5E0EBF900287FF4DAAE1099119A481CCA4616
S21441E5F0A4E5079A03991368CD17084604322946BD
S21441E6000792C3E90001FFF754BA584607960293AA
S21441E610FFF736F8002405909DF83750FFF75EBBAC
S21441E6200FAA04990698FFF7C7F900287FF4B6AEFB
S21441E6301099119A481CCA46A7E51099119A204E7E
S21441E6400131FFF790BB062C28BF06240594079698
S21441E6500194DFF870B0D5E41098194E013003E606
S21441E66005949DF83750079602930446FFF736BB4C
S21441E6708646FFF7CEBB06980FAA5946FFF79CF988
S21441E68000283FF424AE24E6079998F801200C6848
S21441E690043144EAE474B8460791FFF73FBA8DF86F
S21441E6A037503CE48DF8375021E58DF83750FFF769
S21441E6B0F4BB8DF8375091E48DF8375069E400BFCC
S21441E6C0640942005C0942002DE9F0410C46ADF573
S21441E6D08D6D8989666EE589199621F00201064697
S21441E6E0E069ADF80C1017464FF48061626AADF8E8
S21441E6F00E5098461AAD0023079016A80992069325
S21441E700009504950291059100F04CFD43463A462A
S21441E71069463046FFF790F9051E07DB30466946E5
S21441E72000F028F9002818BF4FF0FF35BDF80C302F
S21441E7305B0603D5A38943F04003A381169800F0F6
S21441E74033FD28460DF58D6DBDE8F08138B5304B6B
S21441E7501B6805460C4613B19A6B002A38D0B4F9AB
S21441E7600C2093B218070CD52069A8B113F001020A
S21441E7701ED0636900225B42A361A260F0B1002013
S21441E78038BDD9063CD5580726D4206942F008033F
S21441E790A3819BB20028E9D103F42072B2F5007F31
S21441E7A0E4D02846214600F033FDA3892069DDE701
S21441E7B0990758BF6269A2600028E0D1B4F90C30CD
S21441E7C01A06DDD543F04003A3814FF0FF3038BD34
S21441E7D0184600F027F9C2E7216B51B104F1400316
S21441E7E0994204D0284600F043FAB4F90C2000239D
S21441E7F0236300232069636022F024022060C5E77A
S21441E80042F0400209232B604FF0FF30A28138BD11
S21441E8103C010020024B13B1024800F005B8704796
S21441E8200000000095EA4100002301461A461846BA
S21441E83001F060BBB1F90C309AB22DE9F0410D46BA
S21441E840110780463AD46A6843F40063002AAB81D4
S21441E8506FDDAC6A002C49D000229BB2D8F800602C
S21441E860C8F8002013F4805267D02A6D5F0705D59B
S21441E87069682B6B521A0BB1EB6BD21A0023E9690C
S21441E8804046A047441C3CD0B5F90C302A692A6062
S21441E89023F400630022AB81DB046A6047D4296B12
S21441E8A0C8F8006011B305F14003994202D04046D2
S21441E8B000F0DEF900202863BDE8F0812E69AEB194
S21441E8C02C682E6091070CBF6B690023A41BAB60BC
S21441E8D00AE0234632466F6AE9694046B84700284F
S21441E8E0A4EB0004064404DD002CF2DC0020BDE865
S21441E8F0F081AB8943F04003AB814FF0FF30BDE878
S21441E900F081D8F800401D2CF3D8194BE340DB4387
S21441E91013F00103EDD1B5F90C206B6022F40063CE
S21441E9202969AB81DA042960B9D5002CB7D12865AD
S21441E930B5E7EA6B002A8CDCD8E70123E969404653
S21441E940A047431C024602D0AB89AC6A8EE7D8F892
S21441E9500030002BF8D01D2B01D0162B02D1C8F861
S21441E9600060C3E7AB8943F04003AB81BDE8F0816B
S21441E9700100402038B50D46044608B1836BBBB153
S21441E980B5F90C0088B16B6EDB0701D4810517D54C
S21441E99020462946FFF74EFF6B6EDA07044602D43F
S21441E9A0AB899B0507D5204638BD0446204638BD71
S21441E9B000F038F8E4E7A86D00F0FAFB204638BDD1
S21441E9C0A86D00F0F3FBE3E7014900F0AFBB00BFE1
S21441E9D0DDFF410010B5002304468181C2810360FA
S21441E9E0436083604366036143618361194608223D
S21441E9F05C30FEF767FD07480749084A084B206226
S21441EA00E4616162A262E36204F15800BDE810402D
S21441EA1000F0C8BB21FD410045FD410081FD41009C
S21441EA20A1FD410010B50446124800F0BFFBA26BA1
S21441EA30D2B904F53B731048C4F8E8320321C4F850
S21441EA40E022E063C4F8E41260680421FFF7C2FFE5
S21441EA5001220921A068FFF7BDFF02221221E068CA
S21441EA60FFF7B8FF0123A3630248BDE8104000F05A
S21441EA709FBB00BF80280120C9E94100014800F042
S21441EA8095BB00BF94280120014800F091BB00BF10
S21441EA909428012038B50A4C0A4D641BA4100AD0AC
S21441EAA004F18043013B05EB8305013C55F80439ED
S21441EAB09847002CF9D1BDE8384001F0F3BF00BFBC
S21441EAC0B40A4200B00A42002DE9F04782B08046BF
S21441EAD08946144600F054FB012836D04A4604F1D4
S21441EAE05C0301A9404601F0B7F9421C064625D011
S21441EAF0A8B39DF804E000250DF1040A09E0236857
S21441EB005A1C226083F800E00135B54227D215F839
S21441EB100AE0A368013B002BA360F0DAA769BB4279
S21441EB2071462246404602DBBEF10A0FE7D101F0AC
S21441EB303BF9431CE8D102B0BDE8F087A38943F016
S21441EB404003A38102B0BDE8F08709F1FF33FE2BF5
S21441EB50C4D85FFA89FE06468DF804E0CBE74846FE
S21441EB6002B0BDE8F08700BF30B5536E13F0010F19
S21441EB70B2F90C30144683B005469AB201D19005DD
S21441EB801CD5900406D4626E43F4005342F40052FE
S21441EB90A381626628462246FFF796FF636EDA0730
S21441EBA0054602D4A3899B0502D5284603B030BD4D
S21441EBB0A06D00F0FDFA284603B030BDA06D01916E
S21441EBC000F0F4FAB4F90C3001999AB2D9E700BFD3
S21441EBD0F8B5244F0C46064600F0DEFEBB685D687D
S21441EBE0C4F57E610F3125F00305294421F47F6188
S21441EBF021F00F01A1F58054B4F5805F07DB0021B9
S21441EC00304601F07BF8BB682B44984204D030462E
S21441EC1000F0C8FE0020F8BD6142304601F06EF8B3
S21441EC2001300DD0104BBA6819682D1B45F001050F
S21441EC303046091B5560196000F0B4FE0120F8BD4E
S21441EC400021304601F05AF8BA68831A0F2BDEDDF0
S21441EC50064C0549246843F00103001B53600860D5
S21441EC60D5E700BFD806002080C50020E00A002076
S21441EC70002944D02DE9F0410D46804600F08CFE37
S21441EC8055F8047C694927F00103A5F10804E21808
S21441EC908E685068B24220F003005ED0FE07506096
S21441ECA00BD455F8087CE41B01F1080EA5687545A0
S21441ECB03B446DD0E768EF60BD6015186D68ED07A1
S21441ECC03ED543F001026260E350B3F5007F17D2B0
S21441ECD0DB08581C9A104D6851F83070A760012324
S21441ECE0934001EBC0022B43083AE2604B6041F887
S21441ECF03040FC604046BDE8F04100F053BE7047EE
S21441ED005A0A042A52D89A0902F13907FF0002F139
S21441ED103805C819CA59083890424FD0516821F071
S21441ED2003018B4232D292689042F7D1C368A06009
S21441ED30E3609C60C4604046BDE8F04100F032BEEE
S21441ED4095683B4FBD42034440D0D068E86043F0ED
S21441ED50010285606260E350B7E7FF07034407D4CA
S21441ED6055F8082CA41A1344A068E268C260906063
S21441ED70304A126843F00100934260608C60B9D318
S21441ED802D4B40461968FFF723FFB3E71046CDE702
S21441ED9011184968C90744D49168D268CA600344C7
S21441EDA043F0010091606060E350A3E7142A16D84F
S21441EDB002F15C07FF0002F15B05AAE7AA100123F6
S21441EDC04D6893402B434B600346B0E743F0010246
S21441EDD04C610C61E560A5606260E3508AE7542AA5
S21441EDE006D81A0B02F16F07FF0002F16E0590E795
S21441EDF0B2F5AA7F06D8DA0B02F17807FF0002F1D6
S21441EE00770586E740F25450824206D89A0C02F1C2
S21441EE107D07FF0002F17C057BE74FF47E777E2578
S21441EE2077E743F001016160136063E7D80600208D
S21441EE30E0060020E40A0020B0C500209368002BBD
S21441EE4073D02DE9F04F8B8983B00C46190700909B
S21441EE50164626D5226922B313F0020035682CD017
S21441EE604FF00009B04FC846B246B84543464A46F9
S21441EE7028BF3B460098B8F1000F50D0E169666A5A
S21441EE80B047002858DDDAF808301B1A8144A8EB51
S21441EE900008CAF80830002BE7D1002003B0BDE8CF
S21441EEA0F08F21460098FFF751FC002840F033814F
S21441EEB0A389356813F00200D2D113F0010945D178
S21441EEC04F46019637B39A05D4F8088040F18380BF
S21441EED04745C346C0F0AB8013F4906F40F0AC801A
S21441EEE02068BA465A46494600F0F2FCA2682368B2
S21441EEF0A2EB08025B44A2602360019A9368A3EBED
S21441EF000A03D144A7EB0A079360002BC5D0A38917
S21441EF10002FD8D1D5F800906F680835D2E7D5F8DC
S21441EF200090D5F8048008359FE7002070472146B9
S21441EF300098FFF71FFD70B3B4F90C3043F040035F
S21441EF404FF0FF30A38103B0BDE8F08F81463346D2
S21441EF504E46A8469A464D464EB380B3206823692E
S21441EF606269B145CB4628BFB34698425F4604D94D
S21441EF70A36813449B4500F3A68093454BDB134699
S21441EF80676AE16900982A46B847071ED4DDB9EB9F
S21441EF900709CCD00120DAF80830DB1B3D44F61BCC
S21441EFA0CAF80830002B3FF478AF002ED5D108F1CF
S21441EFB0080313E9600098460833002EF9D032461C
S21441EFC00A21284600F034FC002800F0A1800130D8
S21441EFD0A0EB0509C2E720682369984202D8636915
S21441EFE09F425DD2B84528BFB8464246494600F0E2
S21441EFF06FFCA3682268A3EB08034244A360226027
S21441F0000BB1C24679E721460098FFF7B3FC0028CA
S21441F01092D1C24671E75A46294600F059FCA26889
S21441F0202368A2EB0B025B44A2602360AFE7206833
S21441F030B846BA46BB4655E762692068216902EB85
S21441F0404208A0EB010A08EBD8780AF101004FEA22
S21441F050680838444045424684BF804642465B0580
S21441F06044D51146009800F01DF98346002855D036
S21441F07052462169FEF78CF9A38923F4906343F045
S21441F0808003A3810BEB0A00A8EB0A03C4F810B077
S21441F090C4F814802060A360B846BA46BB4621E750
S21441F0A06FF00041B94228BF39464A4691FBF3F119
S21441F0B00098666A03FB01F3E169B047B0F1000AC4
S21441F0C03FF71BAF38E71A462946019300F000FC8C
S21441F0D02268019B00981A4422602146FFF74AFCA9
S21441F0E0019B00287FF428AF1F4650E7009800F0A8
S21441F0F05FFC83460028C5D1009D21692846FFF75D
S21441F100B7FDB4F90C300C2223F080032A6015E7D2
S21441F11006F1010922E74FF0FF30BFE6009A0C23C3
S21441F1201360B4F90C3009E700FCFF7F2DE9F84382
S21441F13010F538771FD0884606464FF000097D689F
S21441F140BC68013D11D4A389012B05F1FF3508D9CF
S21441F150B4F90E3001332146304602D0C04749EA61
S21441F16000096B1C04F16804EDD13F68002FE6D11D
S21441F1704846BDE8F883B9464846BDE8F88300BF2F
S21441F180044B054A1B685B6B002B08BF134693F87C
S21441F190280170473C0100206C050020D0F8EC00A7
S21441F1A0704700BF704700BF704700BF704700BF41
S21441F1B0704700BF70B50C46B1F90E10002990B0EB
S21441F1C015461E4614DB01AA00F06AFF00280FDB35
S21441F1D0029A02F47042A2F50052B2FA82F2520941
S21441F1E04FF480634FF4006032602B6010B070BD06
S21441F1F0A289002312F08000336004D040221846D2
S21441F2002A6010B070BD4FF480632B6010B070BDA3
S21441F2108A8992070B4606D501F1430201211A60FD
S21441F2201A6159617047F0B583B001AB6A460C4626
S21441F2300646FFF7BFFF00990546304600F032F814
S21441F240B4F90C30D8B1019A154F0099F76343F0E1
S21441F2508003A3812060206161611AB92B43A38199
S21441F26003B0F0BD3046B4F90E1000F02DFFA0B14A
S21441F270A38923F0030343F001031BB2EEE79A058B
S21441F280EED423F0030304F1430243F002030121C9
S21441F290A381226022616161E2E7B4F90C30DDE7C7
S21441F2A0C9E941002DE9F04F01F10B06162E83B056
S21441F2B0054640F29E8036F0070600F1BD80B14219
S21441F2C000F2BA8000F068FBB6F5FC7FC0F093828E
S21441F2D0730A00F0B880042B00F27981B30903F178
S21441F2E0390003F1380EC300BF4F3B44A3F1080178
S21441F2F05C68A14206D10CE0002A80F2AA80E4684C
S21441F300A14206D0636823F003039A1B0F2AF3DD5C
S21441F31070463C69DFF8E4E2744500F0AB8163680F
S21441F32023F003039A1B0F2A00F39081002AC7F8A3
S21441F33014E0C7F810E080F29D80B3F5007F80F0BE
S21441F3406181DB0803F1010C99107A6857F83C801B
S21441F350C4F8088001238B4007EBCC0113430839DE
S21441F360E1607B6047F83C40C8F80C4082100124BD
S21441F37094409C4200F28B801C4206D120F0030050
S21441F38064001C4200F10400FAD007EBC009CC46E9
S21441F3908046DCF80C309C4507D16DE1002A80F2AE
S21441F3A07B81DB689C4500F06781596821F0030149
S21441F3B08A1B0F2AF2DDD3F80CC0D3F808800093DD
S21441F3C09C19284646F0010642F001055E60C8F8E1
S21441F3D00CC0CCF808807C613C61C4F80CE0C4F8F1
S21441F3E008E065605A5000F0DDFA009B03F108041E
S21441F3F01EE0102920D800F0CFFA1026182302204C
S21441F400794F3B44A3F108025C68944200F03D8189
S21441F4106368E168A66823F00303234428465A68D4
S21441F420F16042F001028E605A6000F0BBFA083487
S21441F430204603B0BDE8F08F00240C2320462B6005
S21441F44003B0BDE8F08F40204FF400734FF03F0EFD
S21441F4504AE72344E1685A68A66842F00102F1602F
S21441F46028468E605A6000F09DFA0834204603B064
S21441F470BDE8F08F234428465A6842F001025A609C
S21441F48000F090FA0834204603B0BDE8F08FBC681F
S21441F490636823F00308B04504D3A8EB06030F2B9B
S21441F4A000F38580DFF85891504BD9F800201B684F
S21441F4B00132334404EB080A00F0558103F58053CA
S21441F4C00F3323F47F6B2BF00F0B5946284600F081
S21441F4D015FC411C024600F0FC80824500F2F78094
S21441F4E0434B19685944196000F04D81D9F8000022
S21441F4F001301BBFA2EB0A0A5144C9F8002019602B
S21441F50012F0070100F01581C1F10800C1F58051E4
S21441F5100244083102EB0B09C9F30B09A1EB0909B7
S21441F520494628460193009200F0E8FB431C9DE8BB
S21441F5300C0000F04381801A484440F001001968ED
S21441F540BA604944BC425060196017D0B8F10F0FF9
S21441F55040F2FB806068A8F10C0222F0070204EB3F
S21441F560020E00F001004FF0050C10430F2A6060B8
S21441F570CEF804C0CEF808C000F217811D4BBC6817
S21441F5801A68914288BF19601B4B1A68914262689B
S21441F59088BF196022F003029642A2EB060301D807
S21441F5A00F2B04DC284600F0FDF9002440E7A219A1
S21441F5B043F0010346F0010666602846BA60536090
S21441F5C000F0F0F90834204603B0BDE8F08F142B64
S21441F5D071D9542B00F2A380330B03F16F0003F172
S21441F5E06E0EC30080E600BFD8060020B0C50020DE
S21441F5F080C50020A8C50020ACC50020E00600203C
S21441F600E00A00205A0A042A5BD9142A00F2AE8086
S21441F61002F15C01C9005B3207EB010C7958ACF191
S21441F620080C8C4500F088804A6822F00302934219
S21441F63073D289688C45F7D1DCF80C207B68E26090
S21441F640C4F808C09460CCF80C408FE6A11946F087
S21441F650010C42F00106C4F804C0284679613961BC
S21441F660C1F80CE0C1F808E04E60E25000F09AF9AB
S21441F6700834DDE67B6879E608F1010818F0030FE7
S21441F6800CF1080C7FF485AE2DE0DC68A34208BF80
S21441F69002303FF43EAEBBE619441C464A68DB687E
S21441F6A054F8086F42F001024A602846F3609E60B3
S21441F6B000F078F9BCE603F15C0003F15B0EC30091
S21441F6C012E69A0902F13901C9003832A4E7BC4270
S21441F6D054D0BC68626822F003025DE759F80839E5
S21441F6E0994540F0868010F0030F00F1FF30F5D1C8
S21441F6F07B6823EA04037B6064009C423FF6C7AE06
S21441F700002C3FF4C4AE1C4240467FF43EAE64003B
S21441F7101C4200F10400FAD037E68C468CE7B3F57C
S21441F720AA7F15D8F30B03F1780003F1770EC300D7
S21441F730DAE54FF48051EDE67B689210012101FA3B
S21441F74002F213437B60624679E70123536029E75F
S21441F75040F25452934222D8B30C03F17D0003F198
S21441F7607C0EC300C0E503F1100BAEE6542A29D83F
S21441F7701A0B02F16F01C9006E324DE7204B196832
S21441F78059441960B2E6CAF30B0000287FF4AEAEC6
S21441F79008EB0B03BA6843F001035360EEE67F20A3
S21441F7A04FF47E734FF07E0E9EE504F10801284625
S21441F7B00093FFF75DFA009B1968DFE601204FF0E2
S21441F7C00009BCE6B2F5AA7F05D8DA0B02F178014A
S21441F7D0C900773220E740F254518A4205D89A0C44
S21441F7E002F17D01C9007C3216E74FF47E717E221C
S21441F7F012E77B6880E7F00806F1080300E600BFE1
S21441F80080C5002082B049B15AB16BB113780B6004
S21441F8101278101C18BF012002B0704701A9002AB7
S21441F820F3D1104602B070476FF00100F4E700BF15
S21441F83001F0FF01102A2BDB10F0070F08D010F85B
S21441F840013B013A8B422DD010F0070F42B3F6D15F
S21441F850F0B441EA012141EA014122F007047FF078
S21441F86000070023F0E80256083C85EA010586EACF
S21441F870010685FA47F5A3FA87F586FA47F6A5FA0B
S21441F88087F68EB9EED1F0BC01F0FF0102F0070217
S21441F89032B110F8013B013A83EA010313B1F8D1C2
S21441F8A00020704701387047002D06BF35460338A3
S21441F8B0073815F0010F07D1013015F4807F02BFDC
S21441F8C0013015F4C03F0130F0BC0138704700BF2D
S21441F8D08842F0B50DD98B1898420AD28418002A6E
S21441F8E051D0224613F8014D02F8014D9942F9D103
S21441F8F0F0BD0F2A48D941EA00039B0746D100F1E3
S21441F900100401F11003154653F8106C44F8106CBE
S21441F91053F80C6C44F80C6C53F8086C44F8086CBB
S21441F920103D53F8046C44F8046C0F2D03F110039A
S21441F93004F11004E8D8A2F1100323F00F0302F0FB
S21441F9400F0E1033BEF1030F1944034421D91E1F75
S21441F9500D467446043C55F8047B46F8047F032C58
S21441F960F8D8AEF1040424F00304043421442344BB
S21441F97002F0030262B1013B0A4411F8014B03F85D
S21441F980014F8A42F9D1F0BD0346F3E70346F2E759
S21441F990F0BD7246EEE700BF0148FFF707BC00BF67
S21441F9A0842801200148FFF703BC00BF84280120BA
S21441F9B0002900F095802DE9F04F0D46164683B09C
S21441F9C0804606F10B07FFF7E7FF55F804EC162FC4
S21441F9D02EF00304A5F108093CD810221746BE4272
S21441F9E03DD8944243DAC44B996809EB04008842F7
S21441F9F000F0B480436823F0010101444968C90717
S21441FA004CD51EF0010F00F09B8031464046FFF773
S21441FA1049FC064600283AD055F8043C23F0010339
S21441FA204B44A0F108029A4200F02181221F242A69
S21441FA3000F20781132A00F2DB8003462A4611684A
S21441FA4019605168596092689A6029464046FFF7A6
S21441FA500FF91CE027F00707002F3A46BFDA0026C9
S21441FA600C233046C8F8003003B0BDE8F08F2E4670
S21441FA70E31B0F2B1ED8D9F8043003F001032343B0
S21441FA804C44C9F80430636843F001036360404660
S21441FA90FFF788FF304603B0BDE8F08F23F003033D
S21441FAA0E11891421FDBC36882682E46D3600C463C
S21441FAB09A60DDE7D9F8042009EB070102F001025C
S21441FAC04C4443F001031743C9F804704B60636824
S21441FAD043F00103083163604046FFF7C9F8D6E7B3
S21441FAE01146FFF7DFBB1EF0010F8ED155F8081CFB
S21441FAF0A9EB010ADAF8041021F003010B44234470
S21441FB00934225DBC26881685646CA609160DAF83E
S21441FB100C1056F8080F221F242AC160886000F294
S21441FB209480132A6FD92968CAF808106968CAF8F8
S21441FB300C101B2A00F2A28008350AF1100263E07D
S21441FB4055F8083CA9EB030ADAF8041021F0030142
S21441FB5063189342FFF659AF5646D8E7416821F0FD
S21441FB60030BA34407F11000834556DA1EF0010F3C
S21441FB707FF44BAF55F8081CA9EB010ADAF80410DC
S21441FB8021F003018B445845E2DC5646DAF80C1066
S21441FB9056F8080F221F242AC160886000F28F8021
S21441FBA0132A40F28A802968CAF808106968CAF898
S21441FBB00C101B2A00F28A8008350AF110022968C7
S21441FBC0116069685160A96891600AEB0701ABEB67
S21441FBD0070242F0010299604A60DAF8043003F005
S21441FBE001031F434046CAF80470FFF7DBFE51E7A6
S21441FBF02B6803606B6843601B2A2DD800F108030D
S21441FC0005F108021BE732462968116069685160B0
S21441FC10A96891601C46D1462AE709EB0701ABEB80
S21441FC20070B4BF0010299604A6055F8043C03F01B
S21441FC3001031F43404645F8047CFFF7B3FE2E46BA
S21441FC4028E72946FFF744FEFFE6294630461C468C
S21441FC50D146FFF73DFE0BE7AB688360EB68C360B8
S21441FC60242A17D000F1100305F11002E7E650F8F8
S21441FC70043C23F003031C442E46F9E6A968CAF85F
S21441FC801010E968CAF81410242A0CD010350AF16D
S21441FC901802B9E72B6903616B69436105F11802E4
S21441FCA000F11803CBE62A69CAF818206A69CAF82F
S21441FCB01C2018350AF12002A6E732467FE729467E
S21441FCC030460193FFF704FE019B7EE7A968CAF818
S21441FCD01010E968CAF81410242A03D010350AF126
S21441FCE018026CE72A69CAF818206A69CAF81C2003
S21441FCF018350AF1200262E7D806002038B5074CCD
S21441FD000023054608462360EFF780FA431C00D0DF
S21441FD1038BD2368002BFBD02B6038BD98280120C6
S21441FD2010B50C46B1F90E1000F0F6F9002803DBC9
S21441FD30236D0344236510BDA38923F48053A38117
S21441FD4010BD00BF2DE9F0411646B1F90C201F4603
S21441FD50D3050C46054607D500220223B1F90E10FD
S21441FD6000F0C4F9B4F90C20B4F90E1022F4805214
S21441FD70A2813B4632462846BDE8F04100F0A4B891
S21441FD8010B50C46B1F90E1000F0B0F9A389421C2B
S21441FD900EBF23F4805343F480532065A38110BDE6
S21441FDA0B1F90E1000F008B9F8B50D4614460646EE
S21441FDB010B1836B002B4BD0B4F90C20A369A36020
S21441FDC091B2080739D52369002B36D0EDB28904A4
S21441FDD02F4615D522686169D31A8B421CDA013346
S21441FDE0A168501C0139A1602060157062699A4271
S21441FDF01AD0A389DB0701D50A2D15D03846F8BDA0
S21441FE00616E42F4005221F40051A281226861667B
S21441FE106169D31A8B42E2DB21463046FEF7AAFDE2
S21441FE2040B922680123DBE721463046FEF7A2FDB2
S21441FE300028E3D04FF0FF37E0E721463046FEF793
S21441FE4085FC0028F6D1B4F90C20236991B2BDE7B0
S21441FE50FEF7E8FDB0E700BFF0B5064685B01F46A1
S21441FE6089B1104C104D2468646B002C08BF2C4699
S21441FE70D4F8E040A047431C03D100228A233A60CD
S21441FE80336005B0F0BD0C460649074A0968496B20
S21441FE90002908BF11462246D1F8E04001A9A047F3
S21441FEA0E9E700BF3C0100206C05002021B1FF2A94
S21441FEB004D80A7001207047084670478A230360B9
S21441FEC04FF0FF30704700BF70B50D46084C1146E5
S21441FED006461A46284600232360EDF76FFE431C6C
S21441FEE000D070BD2368002BFBD0336070BD00BFCF
S21441FEF0982801202DE9F8432C4D06462868984657
S21441FF000F469146FFF752F9294B1C68D4F8483101
S21441FF10002B3ED05A681F2A1CDC02F1010E76B136
S21441FF2003EB82010124C1F88890D3F888019440FC
S21441FF302043022EC3F88801C1F8088123D002323B
S21441FF40C3F804E0286843F82270FFF731F900202F
S21441FF50BDE8F883174B0BB34FF4C870AFF300807E
S21441FF600346D8B1D4F848210260002141600A46D0
S21441FF70C4F848014FF0010EC0F88811C0F88C1142
S21441FF80002EDCD0CCE7D3F88C110C43C3F88C415F
S21441FF90D5E704F5A673C4F84831BBE72868FFF7F0
S21441FFA007F94FF0FF30BDE8F88300BF6805002031
S21441FFB0300942000000000038B5074C00230546D2
S21441FFC008462360EFF73EF9431C00D038BD23684E
S21441FFD0002BFBD02B6038BD9828012070B559B155
S21441FFE005460C4610B1836B002B3CD0636ED80798
S21441FFF005D5B4F90C302BB90026304670BDA3891F
S21442000099053CD521462846FEF714FCE36A064687
S21442001033B1E169284698470028B8BF4FF0FF360B
S214420020A3891A0622D4216B41B104F140039942B6
S21442003002D02846FEF71CFE00232363616C21B1E2
S2144200402846FEF715FE00236364FEF717FD636E2F
S2144200500022DB07A2810ED5A06DFFF7A5F8FEF7BA
S21442006013FD304670BDFEF7DDFCBFE7216928462A
S214420070FEF7FEFDD7E7A06DFFF79AF8ECE7A06D16
S214420080FFF794F8B4F90C30002BBBD1666E16F02D
S2144200900106B1D1A06DFFF78BF8304670BD00BFA8
S2144200A038B50B46074C05461146184600232360D2
S2144200B0EFF7CBF8431C00D038BD2368002BFBD0AB
S2144200C02B6038BD9828012038B5074C00230546DA
S2144200D008462360EFF7BEF8431C00D038BD2368BD
S2144200E0002BFBD02B6038BD9828012070B50D46FA
S2144200F0084C114606461A46284600232360EFF768
S214420100ABF8431C00D070BD2368002BFBD0336095
S21442011070BD00BF9828012070B50D46084C1146A8
S21442012006461A46284600232360EDF729FD431C5F
S21442013000D070BD2368002BFBD0336070BD00BF7B
S2144201409828012053B94AB9002908BF00281CBF85
S2144201504FF0FF314FF0FF3000F07AB9ADF1080CA6
S2144201606DE904CE00F006F8DDF804E0DDE902238E
S21442017004B070472DE9F0478C460D460446089E6B
S214420180002B51D18A4217466DD9B2FA82FEBEF191
S214420190000F0BD0CEF1200C01FA0EF520FA0CFC23
S2144201A002FA0EF74CEA050C00FA0EF44FEA174A2A
S2144201B0250CBCFBFAF81FFA87F90AFB18CC45EA6D
S2144201C00C4508FB09F3AB420AD9ED1908F1FF3298
S2144201D080F02381AB4240F22081A8F102083D44E0
S2144201E0ED1AA4B2B5FBFAF00AFB105544EA0544F0
S2144201F000FB09F9A14509D9E41900F1FF3380F063
S2144202000A81A14540F2078102383C44A4EB090426
S21442021040EA08400021002E61D024FA0EF4002362
S21442022034607360BDE8F0878B4207D9002E54D005
S214420230002186E821000846BDE8F087B3FA83F13C
S214420240002940F08E80AB4202D3824200F2FA800E
S214420250841A65EB03050120AC46002E3FD086E8A3
S2144202601010BDE8F08712B90127B7FBF2F7B7FACC
S21442027087FEBEF1000F34D1EB1B3A0C1FFA87FC07
S2144202800121B3FBF2F8250C02FB183345EA03457D
S2144202900CFB08F3AB4207D9ED1908F1FF3002D246
S2144202A0AB4200F2D1808046ED1AA3B2B5FBF2F023
S2144202B002FB105543EA05440CFB00FCA44507D953
S2144202C0E41900F1FF3302D2A44500F2B880184682
S2144202D0A4EB0C0440EA08409DE731463046BDE8B0
S2144202E0F087CEF1200405FA0EF307FA0EF720FA4D
S2144202F004F83A0C25FA04F448EA0308B4FBF2F18F
S2144203004FEA184502FB11441FFA87FC45EA0445AA
S21442031001FB0CF3AB4200FA0EF409D9ED1901F1D8
S214420320FF3080F08A80AB4240F2878002393D44FB
S214420330EB1A1FFA88F5B3FBF2F002FB103345EADC
S214420340034500FB0CF3AB4207D9ED1900F1FF3829
S2144203506FD2AB426DD902383D44EB1A40EA0141B6
S2144203608FE7C1F1200722FA07F88B4005FA01F41D
S21442037048EA030320FA07FE4FEA134CFD404EEAD2
S214420380040EB5FBFCF94FEA1E440CFB19551FFA46
S21442039083F844EA054509FB08F4AC4202FA01F246
S2144203A000FA01FA08D9ED1809F1FF3043D2AC42FF
S2144203B041D9A9F102091D442D1B1FFA8EFEB5FB39
S2144203C0FCF00CFB10554EEA054400FB08F8A0452D
S2144203D007D9E41800F1FF3529D2A04527D90238BB
S2144203E01C4440EA0940A4EB0804A0FB02894C45A1
S2144203F0C6464D4615D312D056B1BAEB0E0364EB41
S214420400050404FA07F7CB401F43CC4037607460BC
S2144204100021BDE8F0871846F8E69046E0E6C24579
S214420420EAD2B8EB020E69EB03050138E4E7284648
S214420430D7E7404691E78146BEE7014678E702386D
S2144204403C4445E7084608E7A8F102083D442BE746
S214420450704700BF0A57656C636F6D65204D6573C4
S214420460736167652E000000436F6E6E6563746548
S21442047064000000436F6E6E6563745F41766F6E14
S2144204805F444F5232323030000000003139320081
S2144204903136380030303100303435003030353087
S2144204A03200000032353500303030000A47726F75
S2144204B075702064657669636573203A2000000093
S2144204C02D0000000A536F727465642047726F7580
S2144204D0702064657669636573203A2000000000E8
S2144204E0A5A5A5A5A5A5A5A5A5A5A5A5A5A5A5A575
S2144204F0A5A5A5A549444C45000000007463706953
S214420500705F74687265616400000000000000005D
S214420510FFFFFFFF040010000100100005000F005F
S214420520080010000800080005000A000A00000043
S214420530200098001C001000200018001000280020
S21442054014001400100010001006000001020304FC
S214420550050607070707070707000000782201205D
S21442056080220120702201208422012003060C18DA
S21442057030607800FFFFFFFFFFFF00000000000032
S21442058000000000474D41430000000041000000CB
S2144205904200000043000000440000004500000006
S2144205A0460000000A206661696C656420616464E6
S2144205B0206E6574696600005443505F49505F532D
S2144205C06572766572000000434F4E4649475F4D5E
S2144205D04F444500687474705F7461736B3A206967
S2144205E06E76616C696420636F6E6E0A000000006E
S2144205F07463705F7265636569766500687474706B
S2144206005F7461736B3A206E6574636F6E6E5F6182
S2144206106363657074207265636569766564206598
S21442062072726F722025642C207368757474696EBA
S2144206306720646F776E0A000A5246494420726504
S21442064071756573742072656365697665642E0A92
S214420650554944206973203A200000003031323335
S2144206603435363738393A3B3C3D3E3F8D010204FD
S21442067008102040801B360052096AD53036A5380D
S214420680BF40A39E81F3D7FB7CE339829B2FFF8733
S214420690348E4344C4DEE9CB547B9432A6C2233D17
S2144206A0EE4C950B42FAC34E082EA16628D924B2C8
S2144206B0765BA2496D8BD12572F8F66486689816E9
S2144206C0D4A45CCC5D65B6926C704850FDEDB9DA48
S2144206D05E154657A78D9D8490D8AB008CBCD30A36
S2144206E0F7E45805B8B34506D02C1E8FCA3F0F0212
S2144206F0C1AFBD0301138A6B3A9111414F67DCEAE1
S21442070097F2CFCEF0B4E67396AC7422E7AD358559
S214420710E2F937E81C75DF6E47F11A711D29C58963
S2144207206FB7620EAA18BE1BFC563E4BC6D2792045
S2144207309ADBC0FE78CD5AF41FDDA8338807C7314E
S214420740B11210592780EC5F60517FA919B54A0D46
S2144207502DE57A9F93C99CEFA0E03B4DAE2AF5B0BB
S214420760C8EBBB3C83539961172B047EBA77D626D7
S214420770E169146355210C7D637C777BF26B6FC510
S2144207803001672BFED7AB76CA82C97DFA5947F04D
S214420790ADD4A2AF9CA472C0B7FD9326363FF7CC29
S2144207A034A5E5F171D8311504C723C31896059AC6
S2144207B0071280E2EB27B27509832C1A1B6E5AA0E9
S2144207C0523BD6B329E32F8453D100ED20FCB15BD4
S2144207D06ACBBE394A4C58CFD0EFAAFB434D33853D
S2144207E045F9027F503C9FA851A3408F929D38F511
S2144207F0BCB6DA2110FFF3D2CD0C13EC5F97441748
S214420800C4A77E3D645D197360814FDC222A9088BE
S21442081046EEB814DE5E0BDBE0323A0A4906245C4A
S214420820C2D3AC629195E479E7C8376D8DD54EA9AF
S2144208306C56F4EA657AAE08BA78252E1CA6B4C67B
S214420840E8DD741F4BBD8B8A703EB5664803F60ED4
S214420850613557B986C11D9EE1F8981169D98E94C3
S2144208609B1E87E9CE5528DF8CA1890DBFE64268DC
S21442087041992D0FB054BB1647656E6572616C5F29
S2144208805461736B000000000A4661696C6564201F
S214420890746F206372656174652047656E65726128
S2144208A06C207461736B2E004F5344505F547261D8
S2144208B06E736D69740000000A4661696C65642057
S2144208C0746F20637265617465204F5344505F5461
S2144208D072616E736D69745F5461736B2E000000B3
S2144208E04F5344505F526563656976650000000069
S2144208F00A4661696C656420746F20637265617430
S21442090065204F5344505F526563656976655F5410
S21442091061736B2E00000000706F770000000000CD
S214420920000000000000304300000000000030C31A
S214420930400100203031323334353637383941427F
S21442094043444546000000003031323334353637B2
S214420950383961626364656600000000286E756C13
S2144209606C2900002020202020202020202020202B
S2144209702020202030303030303030303030303070
S21442098030303030504F534958000000002020206D
S21442099020202020202028282828282020202020E8
S2144209A020202020202020202020202020881010B8
S2144209B01010101010101010101010101004040414
S2144209C004040404040404101010101010104141D2
S2144209D041414141010101010101010101010101C0
S2144209E001010101010101011010101010104242D4
S2144209F04242424202020202020202020202020290
S214420A00020202020202020210101010200000002F
S214420A10000000000000000000000000000000008F
S214420A20000000000000000000000000000000007F
S214420A30000000000000000000000000000000006F
S214420A40000000000000000000000000000000005F
S214420A50000000000000000000000000000000004F
S214420A60000000000000000000000000000000003F
S214420A70000000000000000000000000000000002F
S214420A80000000000000000000000000000000001F
S214420A90F8B500BFF8BC08BC9E46704715E8410052
S214420AA01D014000F8B500BFF8BC08BC9E46704722
S208420AB0F9004000C2
S20C420AB4C0F6FF7F01000000BE
S214420ABCBFF35F8F0138FBD1704701000100000085
S214420ACC00000000000000000000000000000000D3
S214420ADC00000000000000000000000052312E33DF
S214420AEC52312E303139322E3136382E3030312E7C
S214420AFC3034351008060401BB45E95B806328AAEE
S214420B0CC530040100093D00AAAAAAAA005000005A
S214420B1CFFFFFFFF0000CDAB6E19000000C000C007
S214420B2C0101000000020202030000000000020263
S214420B3C0202010C0000010102010000010000004B
S214420B4C80250000040000000000000000000000A9
S214420B5C0000000000000000000000000000000042
S214420B6C0000000000000000000000000000000032
S214420B7C0000000000000000000000000000000022
S214420B8C0000000000000000000000000000000012
S214420B9C0000000000000000000000000000000002
S214420BAC00000000000000000000000000000000F2
S214420BBC00000000000000000000000000000000E2
S214420BCC00000000000000000000000000000000D2
S214420BDC00000000000000000000000000000000C2
S214420BEC0000000000000000000000014001002050
S214420BFC000000002C04002094040020FC0400207A
S214420C0C0000000000000000000000000000000091
S214420C1C0000000000000000000000000000000081
S214420C2C0000000000000000000000000000000071
S214420C3C0000000000000000000000000000000061
S214420C4C0000000000000000000000000000000051
S214420C5C0000000000000000000000000000000041
S214420C6C0000000000000000000000000000000031
S214420C7C0000000000000000000000000000000021
S214420C8C0000000000000000000000000000000011
S214420C9C0000000000000000010000000000000000
S214420CAC0E33CDAB34126DE6ECDE05000B000000C5
S214420CBC00000000000000000000000000000000E1
S214420CCC00000000000000000000000000000000D1
S214420CDC00000000000000000000000000000000C1
S214420CEC00000000000000000000000000000000B1
S214420CFC00000000000000000000000000000000A1
S214420D0C0000000000000000000000000000000090
S214420D1C0000000000000000000000000000000080
S214420D2C0000000000000000000000000000000070
S214420D3C0000000000000000000000000000000060
S214420D4C0000000000000000000000000000000050
S214420D5C0000000000000000000000000000000040
S214420D6C0000000000000000000000000000000030
S214420D7C0000000000000000000000000000000020
S214420D8C0000000000000000000000000000000010
S214420D9C0000000000000000000000000000000000
S214420DAC00000000000000000000000000000000F0
S214420DBC00000000000000000000000000000000E0
S214420DCC00000000000000000000000000000000D0
S214420DDC00000000000000000000000000000000C0
S214420DEC00000000000000000000000000000000B0
S214420DFC00000000000000000000000000000000A0
S214420E0C000000000000000000000000000000008F
S214420E1C000000000000000000000000000000007F
S214420E2C000000000000000000000000000000006F
S214420E3C000000000000000000000000000000005F
S214420E4C000000000000000000000000000000004F
S214420E5C000000000000000000000000000000003F
S214420E6C000000000000000000000000000000002F
S214420E7C000000000000000000000000000000001F
S214420E8C000000000000000000000000000000000F
S214420E9C00000000000000000000000000000000FF
S214420EAC00000000000000000000000000000000EF
S214420EBC00000000000000000000000000000000DF
S214420ECC00000000000000000000000000000000CF
S214420EDC00000000000000000000000000000000BF
S214420EEC00000000000000000000000000000000AF
S214420EFC000000000000000000000000000000009F
S214420F0C000000000000000000000000000000008E
S214420F1C000000000000000000000000000000007E
S214420F2C000000000000000000000000000000006E
S214420F3C000000000000000000000000000000005E
S214420F4C000000000000000000000000000000004E
S214420F5C000000000000000000000000000000003E
S214420F6C000000000000000000000000000000002E
S214420F7C000000000000000000000000000000001E
S214420F8C000000000000000000000000000000000E
S214420F9C00000000000000000000000000000000FE
S214420FAC00000000000000000000000000000000EE
S214420FBC00000000000000000000000000000000DE
S214420FCC00000000000000000000000000000000CE
S214420FDC00000000000000000000000000000000BE
S214420FEC00000000000000000000000000000000AE
S214420FFC000000000000000000000000000000009E
S21442100C000000000000000000000000000000008D
S21442101C000000000000000074280120430000007D
S21442102C000000000000000000000000000000006D
S21442103C000000000000000000000000430000001A
S21442104C000000000000000000000000000000004D
S21442105C00000000000000000000000043000000FA
S21442106C000000000000000000000000000000002D
S21442107C00000000000000000000000043000000DA
S21442108C000000000000000000000000000000000D
S21442109C00000000000000000000000043000000BA
S2144210AC00000000000000000000000000000000ED
S2144210BC000000000000000000000000430000009A
S2144210CC00000000000000000000000000000000CD
S2144210DC000000000000000000000000430000007A
S2144210EC00000000000000000000000000000000AD
S2144210FC000000000000000000000000ADFE4100B1
S21442110C05F84100000000008C09420064044200CD
S21442111CEC054200EC054200EC054200EC054200B0
S21442112CEC054200EC054200EC054200EC054200A0
S21442113CEC054200FFFFFFFFFFFFFFFFFFFFFFFF35
S21442114CFFFF0000010041534349490000000000E4
S21442115C000000000000000000000000000000003C
S21442116C00000000000041534349490000000000C3
S21442117C000000000000000000000000000000001C
S21442118C000000000000000000000000000000000C
S21442119CD8060020D8060020E0060020E0060020F4
S2144211ACE8060020E8060020F0060020F0060020A4
S2144211BCF8060020F8060020000700200007002052
S2144211CC0807002008070020100700201007002000
S2144211DC18070020180700202007002020070020B0
S2144211EC2807002028070020300700203007002060
S2144211FC3807002038070020400700204007002010
S21442120C48070020480700205007002050070020BF
S21442121C580700205807002060070020600700206F
S21442122C680700206807002070070020700700201F
S21442123C78070020780700208007002080070020CF
S21442124C880700208807002090070020900700207F
S21442125C9807002098070020A0070020A00700202F
S21442126CA8070020A8070020B0070020B0070020DF
S21442127CB8070020B8070020C0070020C00700208F
S21442128CC8070020C8070020D0070020D00700203F
S21442129CD8070020D8070020E0070020E0070020EF
S2144212ACE8070020E8070020F0070020F00700209F
S2144212BCF8070020F807002000080020000800204D
S2144212CC08080020080800201008002010080020FB
S2144212DC18080020180800202008002020080020AB
S2144212EC280800202808002030080020300800205B
S2144212FC380800203808002040080020400800200B
S21442130C48080020480800205008002050080020BA
S21442131C580800205808002060080020600800206A
S21442132C680800206808002070080020700800201A
S21442133C78080020780800208008002080080020CA
S21442134C880800208808002090080020900800207A
S21442135C9808002098080020A0080020A00800202A
S21442136CA8080020A8080020B0080020B0080020DA
S21442137CB8080020B8080020C0080020C00800208A
S21442138CC8080020C8080020D0080020D00800203A
S21442139CD8080020D8080020E0080020E0080020EA
S2144213ACE8080020E8080020F0080020F00800209A
S2144213BCF8080020F8080020000900200009002048
S2144213CC08090020080900201009002010090020F6
S2144213DC18090020180900202009002020090020A6
S2144213EC2809002028090020300900203009002056
S2144213FC3809002038090020400900204009002006
S21442140C48090020480900205009002050090020B5
S21442141C5809002058090020600900206009002065
S21442142C6809002068090020700900207009002015
S21442143C78090020780900208009002080090020C5
S21442144C8809002088090020900900209009002075
S21442145C9809002098090020A0090020A009002025
S21442146CA8090020A8090020B0090020B0090020D5
S21442147CB8090020B8090020C0090020C009002085
S21442148CC8090020C8090020D0090020D009002035
S21442149CD8090020D8090020E0090020E0090020E5
S2144214ACE8090020E8090020F0090020F009002095
S2144214BCF8090020F8090020000A0020000A002043
S2144214CC080A0020080A0020100A0020100A0020F1
S2144214DC180A0020180A0020200A0020200A0020A1
S2144214EC280A0020280A0020300A0020300A002051
S2144214FC380A0020380A0020400A0020400A002001
S21442150C480A0020480A0020500A0020500A0020B0
S21442151C580A0020580A0020600A0020600A002060
S21442152C680A0020680A0020700A0020700A002010
S21442153C780A0020780A0020800A0020800A0020C0
S21442154C880A0020880A0020900A0020900A002070
S21442155C980A0020980A0020A00A0020A00A002020
S21442156CA80A0020A80A0020B00A0020B00A0020D0
S21442157CB80A0020B80A0020C00A0020C00A002080
S21442158CC80A0020C80A0020D00A0020D00A002030
S20C42159CFFFFFFFF0000020002
S804400000BB
